file_name,total_words,postural_contortion_raw_count,postural_contortion_density_10k,apparatus_pole_raw_count,apparatus_pole_density_10k,occult_magic_raw_count,occult_magic_density_10k,subaltern_tribal_raw_count,subaltern_tribal_density_10k,necromancy_mortuary_raw_count,necromancy_mortuary_density_10k
bsa053_u.htm,5520,0,0.0,0,0.0,0,0.0,0,0.0,40,72.46
sa_nAgArjuna-dharmadhAtugarbhavivaraNa.htm,859,0,0.0,0,0.0,0,0.0,0,0.0,0,0.0
b09c010.htm,125,0,0.0,0,0.0,0,0.0,0,0.0,0,0.0
bsa016_u.htm,1357,1,7.37,0,0.0,0,0.0,0,0.0,1,7.37
sa_zAGkhAyanazrautasUtra.htm,16635,6,3.61,7,4.21,0,0.0,0,0.0,13,7.81
bhg4c12u.htm,6113,12,19.63,0,0.0,15,24.54,0,0.0,12,19.63
ruyalsvu.htm,21138,14,6.62,6,2.84,13,6.15,0,0.0,40,18.92
b09c004.htm,111,0,0.0,0,0.0,0,0.0,0,0.0,0,0.0
govass_u.htm,10076,3,2.98,12,11.91,2,1.98,0,0.0,7,6.95
vinv13_u.htm,1971,7,35.51,0,0.0,0,0.0,0,0.0,2,10.15
jataka1u.htm,4416,5,11.32,2,4.53,0,0.0,0,0.0,1,2.26
sa_dvAviMzatyavadAnakathA.htm,26280,26,9.89,14,5.33,9,3.42,0,0.0,77,29.3
pm098__u.htm,7433,1,1.35,0,0.0,0,0.0,6,8.07,0,0.0
sa_agniveza-carakasaMhitA-parts-comm.htm,34927,16,4.58,19,5.44,12,3.44,0,0.0,62,17.75
brahms2u.htm,3759,0,0.0,0,0.0,0,0.0,0,0.0,4,10.64
sa_rAmAnuja-bhagavadgItAbhASya.htm,89367,108,12.08,12,1.34,223,24.95,0,0.0,546,61.1
jsbh2-2u.htm,12118,3,2.48,2,1.65,38,31.36,0,0.0,35,28.88
pm198__u.htm,23586,0,0.0,0,0.0,0,0.0,80,33.92,1,0.42
vamvupiu.htm,5669,3,5.29,0,0.0,0,0.0,0,0.0,5,8.82
visa05cu.htm,5057,0,0.0,0,0.0,14,27.68,0,0.0,6,11.86
vamsbum_u.htm,944,0,0.0,0,0.0,0,0.0,0,0.0,0,0.0
caraka_u.htm,34685,16,4.61,19,5.48,12,3.46,0,0.0,62,17.88
rv_01_u.htm,29932,2,0.67,6,2.0,3,1.0,0,0.0,9,3.01
sa_kulazekhara-mukundamAlA-eddurgaprasad.htm,1177,1,8.5,2,16.99,0,0.0,0,0.0,0,0.0
b07c133.htm,149,0,0.0,0,0.0,0,0.0,0,0.0,0,0.0
visnup_u.htm,79799,60,7.52,56,7.02,27,3.38,5,0.63,190,23.81
dhamsgou.htm,70846,1,0.14,1,0.14,0,0.0,1,0.14,105,14.82
sa_nAropa-sekoddeza.htm,2820,3,10.64,0,0.0,3,10.64,0,0.0,3,10.64
hathyopu.htm,6248,47,75.22,2,3.2,3,4.8,0,0.0,7,11.2
kmeghviu.htm,2876,1,3.48,2,6.95,0,0.0,0,0.0,3,10.43
b01c189.htm,121,1,82.64,0,0.0,0,0.0,0,0.0,0,0.0
ghers_bu.htm,5465,19,34.77,1,1.83,4,7.32,0,0.0,2,3.66
sa_bhAsa-svapnavAsavadatta.htm,10532,2,1.9,7,6.65,0,0.0,0,0.0,6,5.7
mbh_18_u.htm,4632,1,2.16,5,10.79,0,0.0,0,0.0,1,2.16
amark2_u.htm,8545,27,31.6,14,16.38,2,2.34,6,7.02,11,12.87
ksbhm14u.htm,3069,0,0.0,1,3.26,1,3.26,1,3.26,3,9.78
sa_kAlidAsa-raghuvaMza-kashm1-6.htm,6890,16,23.22,20,29.03,8,11.61,0,0.0,6,8.71
bsu009_u.htm,1740,10,57.47,1,5.75,0,0.0,0,0.0,1,5.75
pm086__u.htm,3888,0,0.0,0,0.0,0,0.0,11,28.29,0,0.0
vinst_au.htm,6869,14,20.38,3,4.37,2,2.91,0,0.0,5,7.28
b08c001.htm,109,0,0.0,0,0.0,0,0.0,0,0.0,0,0.0
b05c036.htm,157,0,0.0,0,0.0,0,0.0,0,0.0,0,0.0
udana_u.htm,23370,34,14.55,2,0.86,0,0.0,0,0.0,48,20.54
pm186__u.htm,9828,0,0.0,0,0.0,0,0.0,3,3.05,0,0.0
pm136a_u.htm,15621,0,0.0,0,0.0,0,0.0,30,19.2,0,0.0
hv_apppu.htm,206204,165,8.0,110,5.33,43,2.09,21,1.02,269,13.05
abhisdhu.htm,34103,135,39.59,9,2.64,0,0.0,0,0.0,9,2.64
paninixu.htm,21447,3,1.4,3,1.4,0,0.0,1,0.47,9,4.2
stkal_iu.htm,4595,10,21.76,0,0.0,2,4.35,0,0.0,4,8.71
harinc_u.htm,16422,5,3.04,11,6.7,17,10.35,0,0.0,6,3.65
b12c274.htm,137,0,0.0,0,0.0,0,0.0,0,0.0,0,0.0
sa_zukasaptati.htm,18965,1,0.53,5,2.64,8,4.22,1,0.53,23,12.13
hdas_u.htm,1141,0,0.0,0,0.0,0,0.0,0,0.0,0,0.0
angutt1u.htm,103141,216,20.94,7,0.68,0,0.0,2,0.19,252,24.43
prakassu.htm,19084,28,14.67,10,5.24,25,13.1,0,0.0,25,13.1
dhatukpu.htm,23276,0,0.0,0,0.0,0,0.0,0,0.0,0,0.0
sa_prAtimokSasUtra-of-the-lokottaravAdimahAsaGghika.htm,8446,15,17.76,0,0.0,0,0.0,0,0.0,2,2.37
jinava_u.htm,31875,47,14.75,7,2.2,4,1.25,0,0.0,57,17.88
mjnya03u.htm,20673,0,0.0,9,4.35,25,12.09,0,0.0,17,8.22
sa_vasubandhu-madhyAntavibhAgakArikAbhASya.htm,7588,0,0.0,0,0.0,5,6.59,0,0.0,40,52.71
b10c007.htm,142,0,0.0,0,0.0,2,140.85,0,0.0,0,0.0
hattha_u.htm,5230,9,17.21,5,9.56,0,0.0,0,0.0,14,26.77
b06c095.htm,119,0,0.0,0,0.0,0,0.0,0,0.0,0,0.0
patdukpu.htm,63979,66,10.32,55,8.6,0,0.0,0,0.0,57,8.91
udnyku3u.htm,5689,0,0.0,0,0.0,15,26.37,0,0.0,11,19.34
byogalbu.htm,22028,25,11.35,1,0.45,0,0.0,1,0.45,12,5.45
sspp2_4u.htm,59412,4,0.67,1,0.17,0,0.0,1,0.17,23,3.87
laghbh_u.htm,14997,32,21.34,9,6.0,5,3.33,0,0.0,34,22.67
svetugau.htm,2973,0,0.0,0,0.0,0,0.0,0,0.0,5,16.82
dasaveyu.htm,10452,0,0.0,8,7.65,0,0.0,0,0.0,0,0.0
b13c107.htm,311,0,0.0,0,0.0,0,0.0,0,0.0,0,0.0
b12c314.htm,112,0,0.0,0,0.0,0,0.0,0,0.0,0,0.0
bsu034_u.htm,50777,42,8.27,29,5.71,0,0.0,0,0.0,182,35.84
sa_nAgArjuna-vigrahavyAvartanI-alt.htm,1670,0,0.0,0,0.0,1,5.99,0,0.0,2,11.98
mandup_u.htm,565,0,0.0,0,0.0,0,0.0,0,0.0,2,35.4
tttvsamu.htm,834,0,0.0,1,11.99,0,0.0,0,0.0,8,95.92
yrasprpu.htm,15965,6,3.76,20,12.53,3,1.88,1,0.63,24,15.03
b12c328.htm,130,2,153.85,0,0.0,0,0.0,0,0.0,0,0.0
ratksanu.htm,3115,0,0.0,0,0.0,5,16.05,0,0.0,7,22.47
b07c090.htm,113,0,0.0,0,0.0,0,0.0,0,0.0,0,0.0
pm323__u.htm,5634,0,0.0,0,0.0,0,0.0,12,21.3,0,0.0
b11c016.htm,126,0,0.0,0,0.0,0,0.0,0,0.0,0,0.0
pm194__u.htm,46422,0,0.0,0,0.0,0,0.0,210,45.24,9,1.94
b01c002.htm,528,0,0.0,0,0.0,1,18.94,0,0.0,0,0.0
bhg4c04u.htm,12995,8,6.16,6,4.62,15,11.54,0,0.0,27,20.78
sa_ratnAkarazAnti-bhramaharanAma-hevajrasAdhana.htm,1995,14,70.18,0,0.0,7,35.09,0,0.0,7,35.09
sa_candrasUtra.htm,920,0,0.0,0,0.0,0,0.0,0,0.0,0,0.0
krdipc_u.htm,40348,197,48.83,73,18.09,24,5.95,0,0.0,72,17.84
karatopu.htm,1905,1,5.25,0,0.0,0,0.0,1,5.25,1,5.25
sb_04_u.htm,15138,1,0.66,0,0.0,0,0.0,0,0.0,3,1.98
b07c053.htm,123,2,162.6,0,0.0,0,0.0,0,0.0,0,0.0
avsata_u.htm,78927,238,30.15,49,6.21,23,2.91,7,0.89,195,24.71
sa_jJAnazambhu-zivapUjAstava.htm,1194,3,25.13,0,0.0,0,0.0,0,0.0,3,25.13
bahcar7u.htm,2932,9,30.7,11,37.52,4,13.64,1,3.41,14,47.75
mbhx_35.htm,9000,0,0.0,0,0.0,0,0.0,0,0.0,0,0.0
paratriu.htm,798,2,25.06,0,0.0,0,0.0,0,0.0,0,0.0
sa_zivasaMkalpopaniSad.htm,939,0,0.0,1,10.65,0,0.0,0,0.0,1,10.65
mbhx_20.htm,1281,0,0.0,0,0.0,0,0.0,0,0.0,0,0.0
ratnakeu.htm,19129,41,21.43,12,6.27,3,1.57,1,0.52,41,21.43
sa_mArIcInAmadhAraNI.htm,930,0,0.0,3,32.26,0,0.0,0,0.0,0,0.0
sa_rAmAnuja-vedArthasaMgraha.htm,27854,20,7.18,11,3.95,45,16.16,1,0.36,230,82.57
prakp05u.htm,1267,0,0.0,0,0.0,1,7.89,0,0.0,9,71.03
dhatup_u.htm,854,0,0.0,0,0.0,0,0.0,0,0.0,0,0.0
apsulbcu.htm,37306,0,0.0,92,24.66,12,3.22,0,0.0,42,11.26
mbhx_34.htm,22639,0,0.0,0,0.0,0,0.0,0,0.0,0,0.0
bsu055_u.htm,872,0,0.0,0,0.0,0,0.0,0,0.0,3,34.4
bhp_08u.htm,11686,15,12.84,10,8.56,2,1.71,3,2.57,25,21.39
nidde2ou.htm,13254,6,4.53,5,3.77,0,0.0,0,0.0,10,7.54
bsu010_u.htm,822,0,0.0,2,24.33,0,0.0,0,0.0,1,12.17
kvrtrsuu.htm,10530,6,5.7,16,15.19,0,0.0,0,0.0,8,7.6
astavgau.htm,5770,5,8.67,4,6.93,2,3.47,0,0.0,9,15.6
sa_dignAga-yogAvatAra.htm,681,0,0.0,0,0.0,0,0.0,0,0.0,0,0.0
sa_bANa-harSacarita.htm,29745,35,11.77,87,29.25,20,6.72,5,1.68,57,19.16
sa_asaGga-zarIrArthagAthA.htm,2155,1,4.64,0,0.0,0,0.0,0,0.0,1,4.64
kramstou.htm,949,0,0.0,0,0.0,0,0.0,0,0.0,1,10.54
asabhs_u.htm,18213,4,2.2,4,2.2,3,1.65,0,0.0,38,20.86
b07c085.htm,216,0,0.0,0,0.0,0,0.0,0,0.0,0,0.0
iskar_u.htm,1368,0,0.0,1,7.31,0,0.0,1,7.31,2,14.62
gp12-22u.htm,30235,16,5.29,46,15.21,22,7.28,5,1.65,11,3.64
b07c091.htm,119,0,0.0,0,0.0,0,0.0,0,0.0,0,0.0
sa_stUpalakSaNakArikAvivecana.htm,2484,1,4.03,3,12.08,0,0.0,0,0.0,1,4.03
b01c003.htm,521,0,0.0,0,0.0,0,0.0,0,0.0,0,0.0
vakyp_au.htm,18435,1,0.54,0,0.0,37,20.07,1,0.54,15,8.14
sa_arcaTa-hetubinduTIkA-edsanghavi.htm,47247,10,2.12,1,0.21,198,41.91,0,0.0,51,10.79
vcpss_u.htm,2555027,3210,12.56,1899,7.43,2025,7.93,216,0.85,2962,11.59
prasupbu.htm,7711,2,2.59,0,0.0,10,12.97,0,0.0,24,31.12
b12c329.htm,248,1,40.32,0,0.0,0,0.0,0,0.0,0,0.0
psupvibhs_pu.htm,854,0,0.0,0,0.0,0,0.0,0,0.0,2,23.42
b13c112.htm,255,0,0.0,0,0.0,0,0.0,0,0.0,0,0.0
sa_harSadeva-ratnAvalInATikA.htm,10046,6,5.97,5,4.98,10,9.95,0,0.0,6,5.97
sa_mahAdaNDadhAraNIzItavatI.htm,1274,0,0.0,0,0.0,0,0.0,0,0.0,4,31.4
sa_gorakSanAtha-AmaraughazAsana-comm.htm,1998,17,85.09,0,0.0,0,0.0,0,0.0,5,25.03
b12c315.htm,123,0,0.0,0,0.0,0,0.0,0,0.0,0,0.0
b06c043.htm,180,0,0.0,0,0.0,1,55.56,0,0.0,0,0.0
agsas_2u.htm,2970,0,0.0,1,3.37,0,0.0,0,0.0,10,33.67
sa_pramANavArttika.htm,18679,3,1.61,0,0.0,69,36.94,0,0.0,28,14.99
mbh_01_u.htm,173837,120,6.9,129,7.42,22,1.27,5,0.29,141,8.11
vasist_u.htm,7773,8,10.29,2,2.57,1,1.29,0,0.0,8,10.29
sa_ratnakIrti-vAdarahasya.htm,12149,3,2.47,3,2.47,25,20.58,0,0.0,32,26.34
samghscu.htm,17821,14,7.86,0,0.0,1,0.56,0,0.0,26,14.59
cullav_u.htm,141866,467,32.92,34,2.4,0,0.0,0,0.0,1727,121.73
pplg202u.htm,2419,0,0.0,0,0.0,0,0.0,0,0.0,0,0.0
b06c080.htm,117,0,0.0,0,0.0,0,0.0,0,0.0,0,0.0
santbcau.htm,14595,6,4.11,4,2.74,5,3.43,3,2.06,13,8.91
nysu51au.htm,2786,0,0.0,0,0.0,12,43.07,0,0.0,0,0.0
ruyalscu.htm,23917,20,8.36,10,4.18,16,6.69,0,0.0,57,23.83
b13c072.htm,111,0,0.0,0,0.0,0,0.0,0,0.0,0,0.0
b12c261.htm,145,0,0.0,0,0.0,0,0.0,0,0.0,0,0.0
petvatpu.htm,13655,4,2.93,6,4.39,0,0.0,1,0.73,30,21.97
b08c028.htm,149,0,0.0,0,0.0,0,0.0,0,0.0,0,0.0
sa_Aryadeva-cittavizuddhiprakaraNa.htm,2121,3,14.14,2,9.43,0,0.0,0,0.0,2,9.43
nysvbh_u.htm,31719,0,0.0,2,0.63,118,37.2,0,0.0,110,34.68
udkass_u.htm,13294,13,9.78,3,2.26,11,8.27,2,1.5,42,31.59
gr_elib.htm,717,0,0.0,0,0.0,0,0.0,0,0.0,0,0.0
ksdarpau.htm,9450,10,10.58,6,6.35,3,3.17,4,4.23,20,21.16
cansisyu.htm,2211,3,13.57,0,0.0,0,0.0,0,0.0,6,27.14
hjatm_au.htm,28357,28,9.87,31,10.93,23,8.11,1,0.35,38,13.4
jatak3ou.htm,165275,80,4.84,50,3.03,2,0.12,19,1.15,110,6.66
sa_annaMbhatta-tarkasaMgraha.htm,3757,0,0.0,0,0.0,9,23.96,0,0.0,4,10.65
sa_vAmana-kAvyAlaMkArasUtra.htm,11404,7,6.14,6,5.26,0,0.0,0,0.0,5,4.38
bsa032_u.htm,35721,36,10.08,18,5.04,56,15.68,0,0.0,80,22.4
b08c014.htm,138,0,0.0,0,0.0,0,0.0,0,0.0,0,0.0
b05c037.htm,131,0,0.0,0,0.0,0,0.0,0,0.0,0,0.0
dramfrag_tu.htm,10366,0,0.0,1,0.96,0,0.0,0,0.0,4,3.86
bsa0553u.htm,2531,0,0.0,0,0.0,5,19.76,0,0.0,7,27.66
sa_chandoviciti.htm,6099,1,1.64,3,4.92,0,0.0,0,0.0,0,0.0
prakp13u.htm,3534,0,0.0,0,0.0,20,56.59,0,0.0,16,45.27
sa_garbhasaMgrahaH.htm,765,0,0.0,0,0.0,0,0.0,0,0.0,1,13.07
sa_bhaTTi-rAvaNavadha.htm,19466,12,6.16,7,3.6,1,0.51,0,0.0,12,6.16
dhppat_u.htm,13179,10,7.59,2,1.52,0,0.0,0,0.0,21,15.93
nidde1pu.htm,96259,122,12.67,31,3.22,9,0.93,4,0.42,178,18.49
sa_maitreya-madhyAntavibhAgakArikA.htm,1884,0,0.0,0,0.0,2,10.62,0,0.0,6,31.85
sa_suSeNa-Ayurvedamahodadhau-annapAnavidhi.htm,12804,3,2.34,5,3.91,0,0.0,0,0.0,6,4.69
ram_02su.htm,50506,40,7.92,14,2.77,2,0.4,3,0.59,26,5.15
b03c264.htm,155,0,0.0,0,0.0,0,0.0,0,0.0,0,0.0
jaygit1u.htm,5948,4,6.72,4,6.72,4,6.72,2,3.36,1,1.68
sanss18u.htm,4490,13,28.95,1,2.23,0,0.0,2,4.45,7,15.59
rv_hn01u.htm,39766,2,0.5,6,1.51,3,0.75,0,0.0,9,2.26
sa_baudhAyanadharmasUtra.htm,16230,15,9.24,2,1.23,4,2.46,6,3.7,13,8.01
lip_1_au.htm,109292,129,11.8,114,10.43,24,2.2,1,0.09,168,15.37
b04c032.htm,117,0,0.0,0,0.0,0,0.0,0,0.0,0,0.0
sa_zaGkhAyana-AraNyaka.htm,13564,2,1.47,12,8.85,0,0.0,0,0.0,31,22.85
b09c011.htm,133,0,0.0,0,0.0,0,0.0,0,0.0,0,0.0
bsa075_u.htm,29331,16,5.45,0,0.0,176,60.0,0,0.0,70,23.87
telaka_u.htm,2215,1,4.51,1,4.51,0,0.0,0,0.0,6,27.09
jatak1ou.htm,137263,123,8.96,46,3.35,2,0.15,3,0.22,142,10.35
vchedppu.htm,3068,0,0.0,0,0.0,0,0.0,0,0.0,8,26.08
bsa030_u.htm,11151,5,4.48,3,2.69,1,0.9,0,0.0,16,14.35
b09c007.htm,102,0,0.0,0,0.0,0,0.0,0,0.0,0,0.0
nagsu_tu.htm,4236,0,0.0,0,0.0,0,0.0,0,0.0,31,73.18
sa_kezava-sAMkhyatattvapradIpikA.htm,1401,0,0.0,0,0.0,0,0.0,0,0.0,5,35.69
b09c013.htm,102,0,0.0,0,0.0,0,0.0,0,0.0,0,0.0
vnyps52u.htm,1119,3,26.81,0,0.0,4,35.75,0,0.0,2,17.87
ksbhm18u.htm,701,0,0.0,1,14.27,0,0.0,0,0.0,0,0.0
sa_rAva-mithyAgrahaNa.htm,2411,1,4.15,2,8.3,3,12.44,0,0.0,7,29.03
dandkc_u.htm,21064,31,14.72,18,8.55,26,12.34,6,2.85,28,13.29
pm023-2u.htm,2393,0,0.0,0,0.0,0,0.0,4,16.72,1,4.18
sa_viMzikAvRtti.htm,841,0,0.0,0,0.0,0,0.0,0,0.0,0,0.0
sa_zvetAzvataropaniSad-alt.htm,2731,0,0.0,0,0.0,0,0.0,0,0.0,5,18.31
nagvigvu.htm,6278,0,0.0,0,0.0,7,11.15,0,0.0,13,20.71
sa_nAgArjuna-acintyastava.htm,1399,0,0.0,0,0.0,0,0.0,0,0.0,6,42.89
b02c061.htm,181,0,0.0,0,0.0,0,0.0,0,0.0,0,0.0
b03c266.htm,149,0,0.0,0,0.0,0,0.0,0,0.0,0,0.0
kutmir_u.htm,43619,26,5.96,0,0.0,0,0.0,2,0.46,4,0.92
pm067__u.htm,1901,0,0.0,0,0.0,0,0.0,4,21.04,0,0.0
b12c049.htm,176,0,0.0,0,0.0,0,0.0,0,0.0,0,0.0
nysu51xu.htm,2730,0,0.0,0,0.0,12,43.96,0,0.0,0,0.0
pm167__u.htm,15936,0,0.0,0,0.0,0,0.0,47,29.49,0,0.0
b07c118.htm,117,0,0.0,0,0.0,0,0.0,0,0.0,0,0.0
sa_gautama-nyAyasUtra-comm.htm,38082,0,0.0,2,0.53,120,31.51,0,0.0,114,29.94
mrgt4mau.htm,1253,1,7.98,0,0.0,2,15.96,0,0.0,0,0.0
kathav1u.htm,62349,6,0.96,1,0.16,0,0.0,0,0.0,173,27.75
pm004__u.htm,10422,0,0.0,0,0.0,0,0.0,10,9.6,0,0.0
paraksau.htm,6431,15,23.32,4,6.22,3,4.66,0,0.0,8,12.44
b18c002.htm,117,0,0.0,0,0.0,0,0.0,0,0.0,0,0.0
sa_gopadatta-jAtakamAlA.htm,26045,21,8.06,21,8.06,9,3.46,4,1.54,53,20.35
b05c035.htm,163,0,0.0,0,0.0,0,0.0,0,0.0,0,0.0
sa_dharmakIrti-vAdanyAya-alt.htm,7557,2,2.65,1,1.32,71,93.95,0,0.0,13,17.2
pm104__u.htm,13033,0,0.0,0,0.0,0,0.0,50,38.36,0,0.0
jvkasixu.htm,254535,52,2.04,83,3.26,31,1.22,22,0.86,153,6.01
b12c288.htm,108,0,0.0,1,92.59,0,0.0,0,0.0,0,0.0
b05c009.htm,133,0,0.0,0,0.0,0,0.0,0,0.0,0,0.0
sa_dharmakIrti-nyAyabinduprakaraNakArikA.htm,2329,1,4.29,0,0.0,18,77.29,0,0.0,4,17.17
sa_samAdhirAjasUtra.htm,51041,42,8.23,29,5.68,0,0.0,0,0.0,182,35.66
meghdk_u.htm,3261,1,3.07,3,9.2,0,0.0,0,0.0,4,12.27
sa_gautama-dharmasUtra1-3-comm.htm,9404,18,19.14,20,21.27,4,4.25,4,4.25,5,5.32
b12c277.htm,104,0,0.0,0,0.0,0,0.0,0,0.0,0,0.0
pm079__u.htm,17805,0,0.0,0,0.0,0,0.0,44,24.71,0,0.0
vabhdicu.htm,35570,7,1.97,9,2.53,4,1.12,1,0.28,91,25.58
sa_nAgArjuna-lokAtItastava.htm,941,0,0.0,0,0.0,0,0.0,0,0.0,2,21.25
b12c263.htm,132,0,0.0,0,0.0,0,0.0,0,0.0,0,0.0
sa_saMghATasUtra.htm,16874,15,8.89,1,0.59,1,0.59,0,0.0,28,16.59
b13c070.htm,125,0,0.0,0,0.0,0,0.0,0,0.0,0,0.0
pm179__u.htm,16028,0,0.0,0,0.0,0,0.0,38,23.71,2,1.25
carpitpu.htm,6530,0,0.0,2,3.06,0,0.0,0,0.0,8,12.25
sa_udayana-nyAyakusumAJjali.htm,22171,14,6.31,3,1.35,65,29.32,0,0.0,56,25.26
nagcitau.htm,5271,8,15.18,1,1.9,0,0.0,0,0.0,3,5.69
sa_avadhUtasiddha-bhagavadbhaktistotra.htm,1796,0,0.0,0,0.0,3,16.7,0,0.0,2,11.14
b06c109.htm,111,0,0.0,0,0.0,0,0.0,0,0.0,0,0.0
jaytuppu.htm,10494,0,0.0,2,1.91,22,20.96,0,0.0,22,20.96
sa_jayarakSita-sphuTArthA-zrIghanAcArasaMgrahaTIkA.htm,11174,27,24.16,4,3.58,1,0.89,0,0.0,10,8.95
brupsb5u.htm,6258,15,23.97,0,0.0,11,17.58,0,0.0,12,19.18
b06c096.htm,114,0,0.0,0,0.0,0,0.0,0,0.0,0,0.0
therigpu.htm,9405,28,29.77,0,0.0,1,1.06,0,0.0,24,25.52
b05c141.htm,112,0,0.0,0,0.0,0,0.0,0,0.0,0,0.0
b06c082.htm,121,0,0.0,0,0.0,0,0.0,0,0.0,0,0.0
sabbha1u.htm,5349,0,0.0,0,0.0,0,0.0,0,0.0,5,9.35
jsphustu.htm,10900,27,24.77,4,3.67,1,0.92,0,0.0,10,9.17
pm108__u.htm,6851,0,0.0,0,0.0,0,0.0,12,17.52,0,0.0
pspduttu.htm,76325,31,4.06,18,2.36,1,0.13,0,0.0,128,16.77
vaimp__u.htm,39862,33,8.28,14,3.51,1,0.25,0,0.0,74,18.56
pm008__u.htm,23609,0,0.0,0,0.0,0,0.0,13,5.51,0,0.0
sa_tathAgatabimbakArApaNasUtra.htm,1256,0,0.0,0,0.0,0,0.0,0,0.0,3,23.89
rvpp_03u.htm,21798,0,0.0,1,0.46,3,1.38,0,0.0,2,0.92
bhgank_u.htm,6298,3,4.76,2,3.18,4,6.35,1,1.59,17,26.99
bsu057_u.htm,660,0,0.0,0,0.0,0,0.0,0,0.0,0,0.0
b13c110.htm,289,4,138.41,2,69.2,0,0.0,0,0.0,0,0.0
b06c055.htm,283,2,70.67,0,0.0,0,0.0,0,0.0,0,0.0
bsu012_u.htm,2986,2,6.7,0,0.0,0,0.0,0,0.0,8,26.79
b06c041.htm,250,0,0.0,0,0.0,0,0.0,0,0.0,0,0.0
srngt_vu.htm,7634,4,5.24,4,5.24,10,13.1,0,0.0,3,3.93
sa_candragomin-ziSyalekha.htm,2481,3,12.09,0,0.0,0,0.0,0,0.0,6,24.18
viprud_u.htm,26170,40,15.28,13,4.97,18,6.88,4,1.53,57,21.78
hbhvil_u.htm,73505,212,28.84,45,6.12,33,4.49,2,0.27,64,8.71
pm175__u.htm,10486,0,0.0,0,0.0,0,0.0,16,15.26,0,0.0
sa_RgvidhAna.htm,2761,8,28.98,1,3.62,2,7.24,0,0.0,7,25.35
sa_rASTrapAlaparipRcchA.htm,10037,25,24.91,5,4.98,2,1.99,2,1.99,29,28.89
pm075__u.htm,1978,0,0.0,0,0.0,0,0.0,2,10.11,2,10.11
sa_svalpAkSarA-prajJApAramitA.htm,1123,0,0.0,0,0.0,0,0.0,0,0.0,0,0.0
pasupspu.htm,1198,0,0.0,0,0.0,0,0.0,0,0.0,2,16.69
jatak2pu.htm,90741,59,6.5,41,4.52,5,0.55,12,1.32,85,9.37
abhtantu.htm,12097,37,30.59,3,2.48,2,1.65,0,0.0,22,18.19
pm116__u.htm,11685,0,0.0,0,0.0,0,0.0,11,9.41,0,0.0
b07c087.htm,161,0,0.0,0,0.0,0,0.0,0,0.0,0,0.0
pm026-1u.htm,6822,0,0.0,0,0.0,0,0.0,9,13.19,0,0.0
sa_mAlinIvijayottaratantra.htm,15816,38,24.03,5,3.16,2,1.26,0,0.0,20,12.65
sa_vimalakIrtinirdezasUtra.htm,15202,24,15.79,4,2.63,5,3.29,0,0.0,57,37.5
pm016__u.htm,7142,0,0.0,0,0.0,0,0.0,8,11.2,0,0.0
sa_AryAnityatAsUtra.htm,892,0,0.0,0,0.0,0,0.0,0,0.0,4,44.84
kamvchtu.htm,16681,10,5.99,2,1.2,6,3.6,0,0.0,59,35.37
b01c001.htm,444,1,22.52,1,22.52,0,0.0,0,0.0,0,0.0
sa_mahAsaMnipAtaratnaketudhAraNIsUtra1-610-11.htm,15044,33,21.94,14,9.31,2,1.33,2,1.33,34,22.6
sa_sarvajJatAkAradhAraNI.htm,2116,1,4.73,0,0.0,0,0.0,0,0.0,2,9.45
vytrkt1u.htm,65485,6,0.92,14,2.14,389,59.4,0,0.0,160,24.43
sa_abhinanda-rAmacaritamahAkAvye.htm,9933,8,8.05,4,4.03,2,2.01,0,0.0,4,4.03
mwes_u.htm,769601,497,6.46,456,5.93,341,4.43,35,0.45,670,8.71
vimkn_u.htm,18922,17,8.98,2,1.06,0,0.0,0,0.0,40,21.14
mbh_03_u.htm,180966,123,6.8,57,3.15,26,1.44,5,0.28,159,8.79
b12c101.htm,107,0,0.0,0,0.0,0,0.0,0,0.0,0,0.0
pm009-3u.htm,5052,0,0.0,0,0.0,0,0.0,13,25.73,0,0.0
sa_harivaMza-app1.htm,183082,165,9.01,112,6.12,43,2.35,21,1.15,269,14.69
bsa048_u.htm,2822,5,17.72,0,0.0,1,3.54,0,0.0,11,38.98
bhg4c08u.htm,8991,6,6.67,1,1.11,2,2.22,0,0.0,47,52.27
vinv08_u.htm,3354,4,11.93,0,0.0,0,0.0,0,0.0,2,5.96
b07c050.htm,178,0,0.0,0,0.0,0,0.0,0,0.0,0,0.0
b07c078.htm,103,0,0.0,0,0.0,0,0.0,0,0.0,0,0.0
mbhx_22.htm,11937,1,0.84,0,0.0,0,0.0,0,0.0,0,0.0
mbhx_36.htm,21927,0,0.0,0,0.0,0,0.0,0,0.0,0,0.0
vamkalvu.htm,11448,7,6.11,6,5.24,0,0.0,0,0.0,5,4.37
nysu__3u.htm,65779,40,6.08,8,1.22,343,52.14,0,0.0,57,8.67
dhamsanu.htm,61295,1,0.16,1,0.16,0,0.0,0,0.0,109,17.78
sanss02u.htm,1977,1,5.06,0,0.0,0,0.0,0,0.0,0,0.0
mbhx_37.htm,48266,76,15.75,0,0.0,0,0.0,0,0.0,0,0.0
b12c128.htm,110,0,0.0,0,0.0,0,0.0,0,0.0,0,0.0
dantyovu.htm,672,0,0.0,1,14.88,0,0.0,0,0.0,0,0.0
yraspriu.htm,14808,6,4.05,15,10.13,3,2.03,1,0.68,24,16.21
mbhx_23.htm,1602,0,0.0,0,0.0,0,0.0,0,0.0,0,0.0
sadhdipu.htm,30787,94,30.53,37,12.02,47,15.27,8,2.6,28,9.09
sa_ekottarAgamafragments.htm,9345,3,3.21,0,0.0,0,0.0,0,0.0,16,17.12
b07c051.htm,100,0,0.0,0,0.0,0,0.0,0,0.0,0,0.0
bsu036_u.htm,53280,91,17.08,10,1.88,4,0.75,2,0.38,142,26.65
chup___u.htm,18122,3,1.66,1,0.55,0,0.0,1,0.55,10,5.52
sa_rAghavacaitanya-mahAgaNapatistotra-comm.htm,1520,8,52.63,2,13.16,0,0.0,0,0.0,3,19.74
sa_adbhutadharmaparyAya.htm,1262,0,0.0,1,7.92,0,0.0,0,0.0,11,87.16
pm043__u.htm,5867,0,0.0,0,0.0,0,0.0,11,18.75,0,0.0
prakp09u.htm,1579,0,0.0,0,0.0,0,0.0,0,0.0,5,31.67
sa_nAgArjuna-bhavasaGkrAntiparikathA.htm,851,0,0.0,0,0.0,0,0.0,0,0.0,2,23.5
vidsrgau.htm,48441,39,8.05,25,5.16,10,2.06,8,1.65,30,6.19
b07c086.htm,110,0,0.0,0,0.0,0,0.0,0,0.0,0,0.0
sa_prAtimokSasUtra-of-the-mahAsAMghikas.htm,7534,14,18.58,0,0.0,1,1.33,0,0.0,1,1.33
bhp_04u.htm,20579,41,19.92,17,8.26,3,1.46,0,0.0,32,15.55
sa_vAtsyAyana-kAmasUtra.htm,20373,20,9.82,7,3.44,9,4.42,0,0.0,22,10.8
b12c316.htm,127,0,0.0,0,0.0,0,0.0,0,0.0,0,0.0
pm010-1u.htm,7975,0,0.0,0,0.0,0,0.0,14,17.55,0,0.0
b13c105.htm,169,0,0.0,0,0.0,0,0.0,0,0.0,0,0.0
motik_pu.htm,121026,153,12.64,29,2.4,78,6.44,5,0.41,546,45.11
grasg_pu.htm,607998,14,0.23,36,0.59,28,0.46,0,0.0,30,0.49
b06c040.htm,166,0,0.0,0,0.0,1,60.24,0,0.0,0,0.0
samkhsuu.htm,4641,4,8.62,1,2.15,30,64.64,0,0.0,13,28.01
sa_dIpaMkarazrIjJAna-gurukriyAkrama.htm,718,1,13.93,0,0.0,0,0.0,0,0.0,0,0.0
pm020__u.htm,889,0,0.0,0,0.0,0,0.0,13,146.23,0,0.0
sa_sitAtapatrA.htm,2431,3,12.34,4,16.45,1,4.11,0,0.0,7,28.79
karatoiu.htm,1834,1,5.45,0,0.0,0,0.0,1,5.45,0,0.0
slokant_u.htm,12724,10,7.86,0,0.0,3,2.36,0,0.0,3,2.36
udana_pu.htm,21628,21,9.71,2,0.92,0,0.0,0,0.0,24,11.1
sb_06_u.htm,12837,0,0.0,11,8.57,0,0.0,0,0.0,15,11.68
sa_rUpagosvAmin-laghubhAgavatAmRta.htm,15228,32,21.01,9,5.91,5,3.28,0,0.0,34,22.33
mahanidu.htm,109024,129,11.83,32,2.94,9,0.83,8,0.73,289,26.51
parypanu.htm,957,1,10.45,0,0.0,0,0.0,0,0.0,1,10.45
itivutou.htm,27685,9,3.25,0,0.0,0,0.0,0,0.0,60,21.67
b06c097.htm,126,0,0.0,0,0.0,0,0.0,0,0.0,0,0.0
sastrdiu.htm,19309,4,2.07,3,1.55,57,29.52,0,0.0,75,38.84
mbrahsiu.htm,26930,11,4.08,0,0.0,71,26.36,0,0.0,38,14.11
kakumsau.htm,11262,23,20.42,4,3.55,8,7.1,0,0.0,11,9.77
kmeghvpu.htm,2876,1,3.48,2,6.95,0,0.0,0,0.0,3,10.43
sa_gautama-nyAyasUtra.htm,3496,0,0.0,0,0.0,9,25.74,0,0.0,3,8.58
subhrk_u.htm,4261,14,32.86,4,9.39,2,4.69,0,0.0,6,14.08
sa_brahmagupta-brAhmasphuTasiddhAnta.htm,3286,0,0.0,0,0.0,0,0.0,0,0.0,1,3.04
b12c262.htm,106,0,0.0,0,0.0,0,0.0,0,0.0,0,0.0
msitvatu.htm,1051,0,0.0,0,0.0,0,0.0,0,0.0,4,38.06
sa_patna-dharmapada.htm,13431,10,7.45,2,1.49,0,0.0,0,0.0,21,15.64
visa07cu.htm,18710,24,12.83,5,2.67,13,6.95,3,1.6,27,14.43
sa_mahAsubhASitasaMgraha-1-9979.htm,151532,150,9.9,118,7.79,65,4.29,32,2.11,147,9.7
sa_lolimbarAja-vaidyajIvana.htm,3591,3,8.35,2,5.57,3,8.35,0,0.0,2,5.57
bhivin_u.htm,52552,62,11.8,10,1.9,0,0.0,2,0.38,30,5.71
rv_03_u.htm,9236,0,0.0,1,1.08,2,2.17,0,0.0,2,2.17
tulkav_u.htm,15297,13,8.5,0,0.0,6,3.92,5,3.27,17,11.11
b13c065.htm,144,0,0.0,1,69.44,0,0.0,0,0.0,0,0.0
vamvuppu.htm,5638,3,5.32,0,0.0,0,0.0,0,0.0,5,8.87
b12c276.htm,126,0,0.0,0,0.0,0,0.0,0,0.0,0,0.0
pm051__u.htm,2535,0,0.0,0,0.0,0,0.0,0,0.0,0,0.0
bhgce__u.htm,11781,5,4.24,0,0.0,2,1.7,0,0.0,30,25.46
pm151__u.htm,15318,0,0.0,0,0.0,0,0.0,30,19.58,0,0.0
kmeghdau.htm,3107,1,3.22,2,6.44,0,0.0,0,0.0,3,9.66
bhp1-12u.htm,221252,266,12.02,175,7.91,35,1.58,18,0.81,291,13.15
sa_jaimini-mImAMsAsUtra-1-7-comm.htm,143532,13,0.91,23,1.6,85,5.92,0,0.0,159,11.08
b12c289.htm,138,0,0.0,0,0.0,0,0.0,0,0.0,0,0.0
sa_jaimini-mImAMsAsUtra.htm,19720,3,1.52,16,8.11,0,0.0,0,0.0,52,26.37
bsa051_u.htm,43425,26,5.99,4,0.92,11,2.53,1,0.23,94,21.65
b05c034.htm,174,0,0.0,0,0.0,0,0.0,0,0.0,0,0.0
gretilbk.htm,34513,17,4.93,17,4.93,0,0.0,0,0.0,0,0.0
bsa014_u.htm,622,0,0.0,0,0.0,0,0.0,0,0.0,1,16.08
saulahau.htm,2891,1,3.46,2,6.92,1,3.46,1,3.46,2,6.92
b08c017.htm,257,0,0.0,0,0.0,1,38.91,0,0.0,0,0.0
vinv11_u.htm,8530,18,21.1,0,0.0,0,0.0,0,0.0,6,7.03
dhkariku.htm,7136,19,26.63,7,9.81,4,5.61,0,0.0,37,51.85
sa_caturdharmanirdezasUtra.htm,741,0,0.0,0,0.0,0,0.0,0,0.0,1,13.5
ps27-43u.htm,48004,186,38.75,41,8.54,22,4.58,0,0.0,149,31.04
sa_zAntideva-zikSAsamuccaya-alt.htm,58016,42,7.24,23,3.96,7,1.21,15,2.59,124,21.37
sanss14u.htm,5020,1,1.99,0,0.0,2,3.98,0,0.0,15,29.88
sa_sUryasiddhAnta.htm,6580,0,0.0,1,1.52,7,10.64,0,0.0,6,9.12
b03c267.htm,115,0,0.0,0,0.0,0,0.0,0,0.0,0,0.0
b12c060.htm,118,0,0.0,0,0.0,0,0.0,0,0.0,0,0.0
dkavy2au.htm,4396,13,29.57,1,2.27,0,0.0,0,0.0,4,9.1
pm132__u.htm,29650,0,0.0,0,0.0,0,0.0,44,14.84,1,0.34
sa_mandanamizra-brahmasiddhi.htm,27185,11,4.05,0,0.0,71,26.12,0,0.0,38,13.98
b07c131.htm,289,0,0.0,0,0.0,0,0.0,0,0.0,0,0.0
sa_bhAgavatapurANa.htm,227261,281,12.36,186,8.18,37,1.63,18,0.79,295,12.98
b02c060.htm,120,1,83.33,0,0.0,0,0.0,0,0.0,0,0.0
tatsuvru.htm,2862,0,0.0,0,0.0,0,0.0,0,0.0,29,101.33
yaatsi_u.htm,29360,7,2.38,2,0.68,135,45.98,0,0.0,101,34.4
stkal_pu.htm,4881,10,20.49,0,0.0,2,4.1,0,0.0,5,10.24
kavsttvu.htm,3252,0,0.0,1,3.08,6,18.45,3,9.23,3,9.23
ujjvni_u.htm,27446,16,5.83,41,14.94,7,2.55,5,1.82,7,2.55
brssgo1u.htm,65997,55,8.33,8,1.21,59,8.94,0,0.0,236,35.76
hv_appiu.htm,169299,162,9.57,108,6.38,43,2.54,21,1.24,267,15.77
b14c019.htm,134,0,0.0,0,0.0,0,0.0,0,0.0,0,0.0
b09c012.htm,103,0,0.0,0,0.0,1,97.09,0,0.0,0,0.0
bhp_12u.htm,7940,14,17.63,11,13.85,2,2.52,0,0.0,12,15.11
sokss_mu.htm,859078,191,2.22,240,2.79,106,1.23,34,0.4,259,3.01
b09c006.htm,101,0,0.0,0,0.0,0,0.0,0,0.0,0,0.0
tarb108u.htm,983,1,10.17,1,10.17,0,0.0,0,0.0,0,0.0
aryabh_u.htm,1874,0,0.0,0,0.0,0,0.0,0,0.0,0,0.0
bharst_u.htm,7891,6,7.6,4,5.07,0,0.0,4,5.07,6,7.6
b01c158.htm,128,0,0.0,0,0.0,0,0.0,0,0.0,0,0.0
jagsudhu.htm,908,2,22.03,0,0.0,0,0.0,0,0.0,0,0.0
brhaspau.htm,22368,11,4.92,1,0.45,9,4.02,0,0.0,2,0.89
sa_maJjuzrInAmasaMgIti-alt.htm,3004,5,16.64,3,9.99,0,0.0,0,0.0,7,23.3
salrasmu.htm,12314,7,5.68,9,7.31,1,0.81,0,0.0,6,4.87
bhall_iu.htm,2789,3,10.76,3,10.76,0,0.0,0,0.0,0,0.0
sb_02_u.htm,13080,0,0.0,4,3.06,0,0.0,0,0.0,7,5.35
b14c009.htm,104,0,0.0,1,96.15,0,0.0,0,0.0,0,0.0
sa_kSemendra-kalAvilAsa.htm,7619,8,10.5,5,6.56,6,7.88,2,2.63,11,14.44
dhamma2u.htm,6130,5,8.16,0,0.0,1,1.63,0,0.0,6,9.79
b09c002.htm,139,0,0.0,0,0.0,0,0.0,0,0.0,0,0.0
pm114__u.htm,1454,0,0.0,0,0.0,0,0.0,1,6.88,0,0.0
ekottaru.htm,9089,3,3.3,0,0.0,0,0.0,0,0.0,16,17.6
vagaah_u.htm,119353,179,15.0,149,12.48,28,2.35,8,0.67,153,12.82
pm120b_u.htm,2249,0,0.0,0,0.0,0,0.0,0,0.0,0,0.0
b04c021.htm,153,0,0.0,0,0.0,0,0.0,0,0.0,0,0.0
gaukarpu.htm,3945,0,0.0,0,0.0,0,0.0,0,0.0,10,25.35
b09c016.htm,187,0,0.0,0,0.0,0,0.0,0,0.0,0,0.0
sa_AGgirasasmRti.htm,17346,13,7.49,2,1.15,1,0.58,10,5.77,21,12.11
b02c058.htm,126,2,158.73,0,0.0,0,0.0,0,0.0,0,0.0
rastrps_tu.htm,2289,1,4.37,0,0.0,0,0.0,0,0.0,5,21.84
bhakavau.htm,8200,5,6.1,5,6.1,5,6.1,0,0.0,3,3.66
sa_bhaiSajyavastu.htm,52089,81,15.55,15,2.88,16,3.07,2,0.38,117,22.46
sanss15u.htm,1321,0,0.0,0,0.0,0,0.0,0,0.0,0,0.0
sa_vasugupta-spandakArikA-comm.htm,9592,7,7.3,2,2.09,9,9.38,0,0.0,29,30.23
suttaniu.htm,25831,18,6.97,7,2.71,2,0.77,1,0.39,45,17.42
pm169__u.htm,1910,0,0.0,0,0.0,0,0.0,1,5.24,0,0.0
divyav_u.htm,126474,169,13.36,53,4.19,26,2.06,25,1.98,257,20.32
b07c135.htm,125,0,0.0,0,0.0,0,0.0,0,0.0,0,0.0
bsa068_u.htm,2467,2,8.11,0,0.0,0,0.0,0,0.0,12,48.64
pm069__u.htm,2686,0,0.0,0,0.0,0,0.0,3,11.17,0,0.0
b07c121.htm,111,0,0.0,0,0.0,1,90.09,0,0.0,0,0.0
narsekou.htm,2526,3,11.88,0,0.0,3,11.88,0,0.0,3,11.88
sa_abhisamAcArikadharma.htm,34348,135,39.3,9,2.62,0,0.0,0,0.0,9,2.62
devikapu.htm,1462,1,6.84,1,6.84,2,13.68,0,0.0,6,41.04
ruphamdu.htm,2760,0,0.0,4,14.49,0,0.0,1,3.62,3,10.87
b05c030.htm,107,0,0.0,0,0.0,0,0.0,0,0.0,0,0.0
b03c049.htm,103,0,0.0,0,0.0,0,0.0,0,0.0,0,0.0
sa_dIpaMkarazrIjJAna-cittotpAdasaMvaravidhikrama.htm,1323,1,7.56,1,7.56,0,0.0,0,0.0,2,15.12
pm177__u.htm,8422,0,0.0,0,0.0,0,0.0,37,43.93,0,0.0
pm077__u.htm,1432,0,0.0,0,0.0,0,0.0,1,6.98,0,0.0
sa_AryabhaTa-AryabhaTIya-comm.htm,54867,4,0.73,72,13.12,22,4.01,0,0.0,30,5.47
b13c061.htm,197,0,0.0,0,0.0,0,0.0,0,0.0,0,0.0
b12c272.htm,102,0,0.0,0,0.0,0,0.0,0,0.0,0,0.0
bardhkpu.htm,13816,0,0.0,0,0.0,1,0.72,0,0.0,2,1.45
bsu032_u.htm,1531,0,0.0,0,0.0,0,0.0,0,0.0,0,0.0
b03c061.htm,270,1,37.04,0,0.0,0,0.0,0,0.0,0,0.0
keskaupu.htm,81476,44,5.4,110,13.5,22,2.7,0,0.0,38,4.66
sghancsu.htm,3017,4,13.26,2,6.63,0,0.0,0,0.0,3,9.94
sa_veGkaTanAtha-nyAyaparizuddhibhUmikA-13-5.htm,15931,11,6.9,10,6.28,25,15.69,0,0.0,36,22.6
sa_vajracchedikA-prajJApAramitA-frag.htm,3334,0,0.0,0,0.0,0,0.0,0,0.0,8,24.0
sa_subandhu-vAsavadattA.htm,5902,7,11.86,14,23.72,4,6.78,3,5.08,16,27.11
mspram_u.htm,8173,8,9.79,1,1.22,0,0.0,0,0.0,29,35.48
bbdip11u.htm,30418,37,12.16,11,3.62,40,13.15,2,0.66,73,24.0
sa_amarasiMha-nAmaliGgAnuzAsana.htm,20994,46,21.91,22,10.48,5,2.38,8,3.81,16,7.62
sa_kulazekhara-mukundamAlA.htm,1394,3,21.52,2,14.35,0,0.0,0,0.0,0,0.0
pm006__u.htm,26164,0,0.0,0,0.0,0,0.0,45,17.2,0,0.0
sa_prajJApAramitAhRdayasUtrasaMkSiptamAtRkA.htm,787,0,0.0,0,0.0,0,0.0,0,0.0,0,0.0
sa_mekhalAdhAraNI.htm,1404,0,0.0,0,0.0,0,0.0,0,0.0,2,14.25
sa_yamasmRti-99v.htm,1926,1,5.19,0,0.0,0,0.0,4,20.77,1,5.19
tantralu.htm,75834,134,17.67,25,3.3,17,2.24,2,0.26,94,12.4
benfse_u.htm,628876,150,2.39,71,1.13,36,0.57,25,0.4,109,1.73
apadanau.htm,112390,1054,93.78,37,3.29,0,0.0,1,0.09,759,67.53
pplg1__u.htm,9443,10,10.59,1,1.06,0,0.0,0,0.0,12,12.71
b10c001.htm,145,0,0.0,0,0.0,0,0.0,0,0.0,0,0.0
sa_lagadha-RgvedavedAGgajyotiSa.htm,1068,0,0.0,0,0.0,0,0.0,0,0.0,0,0.0
pm106__u.htm,12287,0,0.0,0,0.0,0,0.0,27,21.97,0,0.0
santts_u.htm,82247,6,0.73,1,0.12,98,11.92,1,0.12,77,9.36
sa_bhAsa-dUtavAkya.htm,2213,8,36.15,3,13.56,0,0.0,1,4.52,3,13.56
b13c129.htm,121,0,0.0,0,0.0,0,0.0,0,0.0,0,0.0
dhvjgs_tu.htm,725,1,13.79,0,0.0,0,0.0,0,0.0,1,13.79
damkuttu.htm,13608,15,11.02,7,5.14,15,11.02,3,2.2,19,13.96
b06c078.htm,131,0,0.0,0,0.0,0,0.0,0,0.0,0,0.0
sa_zatasAhasrikA-prajJApAramitA-2.htm,189941,5,0.26,4,0.21,0,0.0,1,0.05,59,3.11
b12c306.htm,237,0,0.0,0,0.0,0,0.0,0,0.0,0,0.0
b06c050.htm,251,0,0.0,0,0.0,0,0.0,0,0.0,0,0.0
vatnsuxu.htm,1591,0,0.0,0,0.0,5,31.43,0,0.0,5,31.43
b05c193.htm,153,0,0.0,0,0.0,0,0.0,0,0.0,0,0.0
tulrcm1u.htm,45537,35,7.69,1,0.22,3,0.66,5,1.1,6,1.32
divav33u.htm,23665,14,5.92,13,5.49,5,2.11,18,7.61,22,9.3
b06c044.htm,107,0,0.0,0,0.0,0,0.0,0,0.0,0,0.0
yaissi_u.htm,5404,0,0.0,0,0.0,36,66.62,0,0.0,38,70.32
sa_saptazatikA-prajJApAramitA.htm,4037,0,0.0,0,0.0,0,0.0,0,0.0,32,79.27
sa_vAmanapurANasaromAhAtmya.htm,17802,12,6.74,14,7.86,1,0.56,0,0.0,21,11.8
b13c101.htm,141,0,0.0,0,0.0,0,0.0,0,0.0,0,0.0
pm018__u.htm,26507,0,0.0,0,0.0,0,0.0,63,23.77,0,0.0
pars2_pu.htm,10458,6,5.74,5,4.78,0,0.0,16,15.3,3,2.87
sa_AnandabhaTTa-vallAlacarita.htm,13640,16,11.73,45,32.99,4,2.93,1,0.73,11,8.06
padnscpu.htm,24788,65,26.22,29,11.7,15,6.05,0,0.0,7,2.82
prakp08u.htm,3197,0,0.0,1,3.13,4,12.51,0,0.0,18,56.3
mwse72_u.htm,2071914,898,4.33,744,3.59,202,0.97,112,0.54,872,4.21
pm118__u.htm,8401,0,0.0,0,0.0,0,0.0,10,11.9,4,4.76
sa_gorakSazataka-alt.htm,2101,10,47.6,1,4.76,0,0.0,0,0.0,1,4.76
bsa010_u.htm,1621,0,0.0,0,0.0,2,12.34,0,0.0,6,37.01
sa_pauSkarasaMhitA-27-43.htm,48244,186,38.55,41,8.5,22,4.56,0,0.0,149,30.88
bhp_05u.htm,12036,15,12.46,8,6.65,0,0.0,0,0.0,28,23.26
sa_manusmRti.htm,77931,66,8.47,12,1.54,17,2.18,19,2.44,52,6.67
b07c096.htm,101,0,0.0,0,0.0,0,0.0,0,0.0,0,0.0
vinv15_u.htm,11313,44,38.89,2,1.77,0,0.0,0,0.0,20,17.68
sanss03u.htm,2726,0,0.0,2,7.34,0,0.0,2,7.34,2,7.34
pm065__u.htm,9181,1,1.09,0,0.0,0,0.0,34,37.03,0,0.0
kaivup_u.htm,803,1,12.45,0,0.0,0,0.0,0,0.0,4,49.81
b12c138.htm,150,0,0.0,0,0.0,0,0.0,0,0.0,0,0.0
b07c069.htm,169,0,0.0,0,0.0,0,0.0,0,0.0,0,0.0
nkaliviu.htm,1867,2,10.71,0,0.0,2,10.71,0,0.0,1,5.36
pm165__u.htm,16087,0,0.0,0,0.0,0,0.0,56,34.81,0,0.0
dhkprviu.htm,533,0,0.0,0,0.0,1,18.76,0,0.0,0,0.0
b12c104.htm,117,0,0.0,0,0.0,0,0.0,0,0.0,0,0.0
visa03cu.htm,24522,12,4.89,9,3.67,38,15.5,6,2.45,17,6.93
rv_07_u.htm,13306,0,0.0,3,2.25,0,0.0,0,0.0,6,4.51
sa_nityakarmapUjAvidhi.htm,2383,4,16.79,0,0.0,0,0.0,0,0.0,2,8.39
pramanvu.htm,18425,3,1.63,0,0.0,69,37.45,0,0.0,28,15.2
pm009-2u.htm,5403,0,0.0,0,0.0,0,0.0,11,20.36,0,0.0
pm100-1u.htm,5552,0,0.0,0,0.0,0,0.0,2,3.6,0,0.0
pm130__u.htm,20334,0,0.0,0,0.0,0,0.0,207,101.8,0,0.0
sa_vimalamitra-abhidharmadIpa.htm,7360,1,1.36,3,4.08,0,0.0,0,0.0,8,10.87
bhg4c09u.htm,12567,10,7.96,1,0.8,17,13.53,0,0.0,51,40.58
sa_rAdhAkRSNadAsagosvAmin-sAdhanadIpikA.htm,31012,94,30.31,37,11.93,49,15.8,8,2.58,28,9.03
bhagvg_u.htm,9382,5,5.33,0,0.0,2,2.13,0,0.0,30,31.98
b12c105.htm,120,0,0.0,0,0.0,0,0.0,0,0.0,0,0.0
yamak_1ou.htm,101616,0,0.0,0,0.0,0,0.0,0,0.0,0,0.0
b07c068.htm,145,1,68.97,0,0.0,0,0.0,0,0.0,0,0.0
sa_prakAzasaMhitA.htm,19315,28,14.5,10,5.18,25,12.94,0,0.0,25,12.94
mbhx_32.htm,19269,1,0.52,0,0.0,0,0.0,0,0.0,0,0.0
simhrs_u.htm,37456,35,9.34,35,9.34,29,7.74,14,3.74,46,12.28
bodhpanu.htm,503,0,0.0,0,0.0,0,0.0,0,0.0,0,0.0
sa_matsyapurANa1-176.htm,101940,148,14.52,125,12.26,29,2.84,4,0.39,169,16.58
nysu__2u.htm,86580,10,1.16,15,1.73,311,35.92,5,0.58,119,13.74
b12c139.htm,222,0,0.0,0,0.0,0,0.0,0,0.0,0,0.0
canprasu.htm,56309,15,2.66,3,0.53,28,4.97,2,0.36,172,30.55
b07c097.htm,119,1,84.03,0,0.0,0,0.0,0,0.0,0,0.0
sa_abhidharmasamuccayabhASya.htm,22963,11,4.79,30,13.06,3,1.31,1,0.44,74,32.23
kragh_iu.htm,25944,47,18.12,42,16.19,15,5.78,0,0.0,10,3.85
visvantu.htm,3008,2,6.65,0,0.0,0,0.0,1,3.32,4,13.3
bicauppu.htm,1162,0,0.0,1,8.61,1,8.61,0,0.0,1,8.61
halsatsu.htm,15839,0,0.0,6,3.79,0,0.0,0,0.0,22,13.89
iskgaudu.htm,7829,1,1.28,3,3.83,0,0.0,3,3.83,20,25.55
sa_prAtimokSasUtra-of-the-sarvAstivAdins.htm,6836,8,11.7,0,0.0,0,0.0,0,0.0,5,7.31
rvpp_02u.htm,16870,0,0.0,1,0.59,0,0.0,0,0.0,2,1.19
b12c313.htm,114,0,0.0,0,0.0,0,0.0,0,0.0,0,0.0
b06c045.htm,137,0,0.0,0,0.0,1,72.99,0,0.0,0,0.0
avpari_u.htm,50603,53,10.47,32,6.32,5,0.99,0,0.0,24,4.74
sa_maitreyanAtha-bhavasaMkrAntiTIkA.htm,2356,2,8.49,1,4.24,1,4.24,0,0.0,7,29.71
nars2_pu.htm,14882,16,10.75,2,1.34,4,2.69,3,2.02,9,6.05
sa_viSNupurANa-crit.htm,87663,62,7.07,70,7.99,27,3.08,3,0.34,199,22.7
jalmugpu.htm,2158,2,9.27,4,18.54,0,0.0,0,0.0,0,0.0
sa_paJcaviMzatisAhasrikA-prajJApAramitA.htm,3674,5,13.61,0,0.0,0,0.0,0,0.0,4,10.89
b06c079.htm,122,0,0.0,0,0.0,0,0.0,0,0.0,0,0.0
b13c128.htm,137,0,0.0,0,0.0,0,0.0,0,0.0,0,0.0
sa_kAzyapaparivartasUtra.htm,12571,3,2.39,4,3.18,0,0.0,0,0.0,42,33.41
grasht_u.htm,36533,20,5.47,28,7.66,9,2.46,0,0.0,50,13.69
bsa071_u.htm,4578,1,2.18,0,0.0,27,58.98,0,0.0,2,4.37
jatak5ou.htm,152277,82,5.38,58,3.81,5,0.33,4,0.26,159,10.44
bsa034_u.htm,47240,34,7.2,7,1.48,4,0.85,5,1.06,226,47.84
b05c145.htm,100,0,0.0,0,0.0,0,0.0,0,0.0,0,0.0
brupsb4u.htm,20573,10,4.86,6,2.92,51,24.79,1,0.49,64,31.11
b06c086.htm,189,0,0.0,0,0.0,0,0.0,0,0.0,0,0.0
vnyps12u.htm,1957,0,0.0,0,0.0,1,5.11,0,0.0,5,25.55
visvaksu.htm,50371,253,50.23,38,7.54,3,0.6,7,1.39,31,6.15
b06c092.htm,168,0,0.0,0,0.0,0,0.0,0,0.0,0,0.0
b01c213.htm,178,0,0.0,0,0.0,0,0.0,0,0.0,0,0.0
sa_bharata-nATyazAstra-1-1618-303335-37.htm,57587,114,19.8,70,12.16,13,2.26,3,0.52,42,7.29
sa_haribhadrasUri-nyAyapravezapravRtti.htm,6432,3,4.66,1,1.55,91,141.48,0,0.0,15,23.32
pm053__u.htm,12224,2,1.64,0,0.0,0,0.0,27,22.09,0,0.0
mamkavpu.htm,23082,18,7.8,18,7.8,19,8.23,1,0.43,48,20.8
pm012-1u.htm,9910,0,0.0,0,0.0,0,0.0,12,12.11,0,0.0
bsa009_u.htm,416,0,0.0,0,0.0,0,0.0,0,0.0,0,0.0
pm122__u.htm,7667,1,1.3,0,0.0,0,0.0,34,44.35,0,0.0
b12c273.htm,151,0,0.0,0,0.0,0,0.0,0,0.0,0,0.0
sa_kathopaniSad.htm,2957,1,3.38,0,0.0,0,0.0,0,0.0,3,10.15
pm022__u.htm,819,0,0.0,0,0.0,0,0.0,0,0.0,0,0.0
mpvv_u.htm,980,4,40.82,0,0.0,0,0.0,0,0.0,0,0.0
b13c048.htm,110,0,0.0,0,0.0,0,0.0,0,0.0,0,0.0
sa_nAgArjuna-yuktiSaSTikakArikA.htm,1390,0,0.0,0,0.0,0,0.0,0,0.0,2,14.39
b08c006.htm,106,0,0.0,0,0.0,0,0.0,0,0.0,0,0.0
jatak6pu.htm,142526,98,6.88,56,3.93,21,1.47,10,0.7,179,12.56
sa_vAgbhaTa-aSTAGgahRdayasUtra.htm,119604,179,14.97,149,12.46,28,2.34,8,0.67,153,12.79
nvtp1_2u.htm,4474,1,2.24,0,0.0,31,69.29,0,0.0,6,13.41
ys-78_au.htm,1693,0,0.0,1,5.91,0,0.0,0,0.0,1,5.91
b08c012.htm,156,0,0.0,0,0.0,0,0.0,0,0.0,0,0.0
srabhusu.htm,43947,32,7.28,7,1.59,13,2.96,2,0.46,102,23.21
sa_bAdarAyaNa-brahmasUtra-comm-subcomm2.htm,173675,133,7.66,32,1.84,233,13.42,5,0.29,429,24.7
sa_agnipurANa.htm,163113,381,23.36,164,10.05,50,3.07,16,0.98,178,10.91
sa_govardhana-AryAsaptazatI.htm,10298,3,2.91,12,11.65,2,1.94,0,0.0,7,6.8
mbh_07_u.htm,145244,151,10.4,35,2.41,19,1.31,1,0.07,106,7.3
mekhdh_u.htm,1148,0,0.0,0,0.0,0,0.0,0,0.0,2,17.42
b07c120.htm,193,0,0.0,0,0.0,0,0.0,0,0.0,0,0.0
bsu053_u.htm,667,0,0.0,0,0.0,0,0.0,0,0.0,0,0.0
b02c071.htm,106,0,0.0,0,0.0,0,0.0,0,0.0,0,0.0
bsu016_u.htm,75602,329,43.52,82,10.85,10,1.32,2,0.26,371,49.07
sa_kSemendra-darpadalana.htm,7208,10,13.87,6,8.32,3,4.16,4,5.55,20,27.75
b07c134.htm,183,0,0.0,0,0.0,0,0.0,0,0.0,0,0.0
yamak_2pu.htm,55735,0,0.0,0,0.0,0,0.0,0,0.0,0,0.0
narads_u.htm,15255,16,10.49,2,1.31,4,2.62,3,1.97,9,5.9
b12c059.htm,291,0,0.0,0,0.0,0,0.0,0,0.0,0,0.0
brup___u.htm,20618,2,0.97,4,1.94,0,0.0,0,0.0,11,5.34
ksakunxu.htm,15120,13,8.6,5,3.31,9,5.95,0,0.0,5,3.31
vin3s1ou.htm,72293,73,10.1,12,1.66,0,0.0,0,0.0,74,10.24
vinv172u.htm,59193,58,9.8,34,5.74,16,2.7,8,1.35,171,28.89
b09c003.htm,111,0,0.0,0,0.0,0,0.0,0,0.0,0,0.0
b01c165.htm,111,0,0.0,0,0.0,0,0.0,0,0.0,0,0.0
ganapatu.htm,8006,1,1.25,0,0.0,5,6.25,0,0.0,2,2.5
sa_AlambanaparIkSA.htm,693,0,0.0,0,0.0,1,14.43,0,0.0,0,0.0
ksbhm19u.htm,20079,31,15.44,40,19.92,6,2.99,0,0.0,20,9.96
pm141__u.htm,25017,0,0.0,0,0.0,0,0.0,12,4.8,2,0.8
mdhvkmou.htm,3661,6,16.39,0,0.0,0,0.0,0,0.0,2,5.46
kbavk75u.htm,437,1,22.88,0,0.0,0,0.0,0,0.0,1,22.88
vijnbhau.htm,2663,1,3.76,0,0.0,2,7.51,0,0.0,5,18.78
sanss19u.htm,2904,2,6.89,0,0.0,2,6.89,0,0.0,2,6.89
b09c029.htm,146,0,0.0,1,68.49,0,0.0,0,0.0,0,0.0
brhats_u.htm,40006,60,15.0,40,10.0,10,2.5,6,1.5,53,13.25
mrgt3cau.htm,7000,23,32.86,4,5.71,4,5.71,0,0.0,6,8.57
mbh_05_u.htm,102231,109,10.66,34,3.33,9,0.88,1,0.1,64,6.26
b09c015.htm,144,0,0.0,0,0.0,0,0.0,0,0.0,0,0.0
jatak4pu.htm,105200,54,5.13,37,3.52,2,0.19,38,3.61,124,11.79
bhassv_u.htm,10291,2,1.94,7,6.8,0,0.0,0,0.0,6,5.83
pm196__u.htm,17168,0,0.0,0,0.0,0,0.0,23,13.4,3,1.75
muktacau.htm,13552,9,6.64,9,6.64,13,9.59,9,6.64,12,8.85
b04c036.htm,115,0,0.0,0,0.0,0,0.0,0,0.0,0,0.0
pm096__u.htm,6133,1,1.63,0,0.0,0,0.0,14,22.83,0,0.0
ramodtau.htm,4550,3,6.59,0,0.0,0,0.0,0,0.0,1,2.2
b09c001.htm,118,0,0.0,0,0.0,0,0.0,0,0.0,0,0.0
sa_rasAdhyaya1-302-com.htm,8664,0,0.0,1,1.15,0,0.0,0,0.0,3,3.46
sa_puruSottamadeva-ekAkSarakoza.htm,972,0,0.0,0,0.0,0,0.0,0,0.0,0,0.0
prakp12u.htm,976,0,0.0,0,0.0,2,20.49,0,0.0,5,51.23
sa_bhAvAgaNeza-tattvayAthArthyadIpana.htm,4721,2,4.24,7,14.83,2,4.24,0,0.0,30,63.55
sa_parazurAmakalpasUtra.htm,6697,15,22.4,4,5.97,3,4.48,0,0.0,8,11.95
sa_vijJAnezvara-mitAkSarA.htm,147143,111,7.54,68,4.62,76,5.17,37,2.51,134,9.11
b07c122.htm,192,0,0.0,0,0.0,0,0.0,0,0.0,0,0.0
visnu_au.htm,24644,20,8.12,4,1.62,3,1.22,5,2.03,21,8.52
madhanuu.htm,25076,7,2.79,3,1.2,37,14.76,4,1.6,18,7.18
pm188__u.htm,10415,0,0.0,0,0.0,0,0.0,8,7.68,1,0.96
pm088__u.htm,14686,2,1.36,0,0.0,0,0.0,62,42.22,0,0.0
theragou.htm,28644,53,18.5,8,2.79,0,0.0,0,0.0,53,18.5
vin2cupu.htm,79142,274,34.62,21,2.65,0,0.0,0,0.0,123,15.54
b05c033.htm,224,0,0.0,0,0.0,0,0.0,0,0.0,0,0.0
gorst1au.htm,2089,6,28.72,3,14.36,0,0.0,0,0.0,0,0.0
b08c004.htm,237,1,42.19,0,0.0,0,0.0,0,0.0,0,0.0
sa_daNDin-dazakumAracarita3--5-6.htm,17005,5,2.94,4,2.35,12,7.06,0,0.0,21,12.35
sa_udAnavarga.htm,6066,16,26.38,4,6.59,0,0.0,0,0.0,23,37.92
busto1_u.htm,5949,4,6.72,3,5.04,1,1.68,0,0.0,4,6.72
divav29u.htm,16122,39,24.19,7,4.34,4,2.48,7,4.34,23,14.27
sa_asaGga-abhidharmasamuccaya.htm,18508,4,2.16,4,2.16,3,1.62,0,0.0,38,20.53
ttrkhy2u.htm,3744,0,0.0,2,5.34,2,5.34,2,5.34,5,13.35
bsa0552u.htm,3285,0,0.0,0,0.0,16,48.71,0,0.0,5,15.22
jivrkadu.htm,5873,6,10.22,5,8.51,6,10.22,0,0.0,6,10.22
ksakunau.htm,15172,9,5.93,5,3.3,9,5.93,0,0.0,4,2.64
sa_gautama-nyAyasUtra-comm-alt.htm,31429,0,0.0,2,0.64,118,37.54,0,0.0,110,35.0
yabhkvyu.htm,165438,39,2.36,7,0.42,78,4.71,0,0.0,407,24.6
prmosu_u.htm,6587,8,12.15,0,0.0,0,0.0,0,0.0,5,7.59
tarkrplu.htm,2942,1,3.4,1,3.4,0,0.0,0,0.0,4,13.6
maharu_u.htm,76970,34,4.42,16,2.08,23,2.99,5,0.65,213,27.67
bsu051_u.htm,4313,0,0.0,0,0.0,0,0.0,0,0.0,10,23.19
vrasrs_u.htm,16038,7,4.36,6,3.74,4,2.49,0,0.0,20,12.47
b03c062.htm,101,1,99.01,0,0.0,0,0.0,0,0.0,0,0.0
bsu014_u.htm,20595,19,9.23,14,6.8,1,0.49,0,0.0,83,40.3
b13c062.htm,114,0,0.0,0,0.0,0,0.0,0,0.0,0,0.0
b12c271.htm,159,0,0.0,0,0.0,0,0.0,0,0.0,0,0.0
agsas_3u.htm,4304,2,4.65,0,0.0,3,6.97,0,0.0,10,23.23
sa_arcaTa-hetubinduTIkA.htm,36274,10,2.76,0,0.0,195,53.76,0,0.0,48,13.23
lnksivsu.htm,424,0,0.0,0,0.0,0,0.0,0,0.0,0,0.0
sa_dharmakIrti-pramANavinizcaya-fragment.htm,800,0,0.0,0,0.0,1,12.5,0,0.0,0,0.0
sa_kAlidAsa-kumArasaMbhava.htm,9007,23,25.54,4,4.44,8,8.88,0,0.0,11,12.21
sanghy_u.htm,9561,14,14.64,0,0.0,10,10.46,1,1.05,2,2.09
bsu029_u.htm,9766,25,25.6,5,5.12,2,2.05,2,2.05,29,29.69
pm084__u.htm,3470,0,0.0,0,0.0,0,0.0,7,20.17,0,0.0
bicaupiu.htm,1157,0,0.0,1,8.64,1,8.64,0,0.0,1,8.64
sa_bhatRhari-zatakatraya.htm,8142,6,7.37,4,4.91,0,0.0,4,4.91,6,7.37
kragh_pu.htm,25922,47,18.13,42,16.2,15,5.79,0,0.0,10,3.86
pm184__u.htm,6581,0,0.0,0,0.0,0,0.0,10,15.2,0,0.0
b06c090.htm,107,0,0.0,0,0.0,0,0.0,0,0.0,0,0.0
nagysk_u.htm,462,0,0.0,0,0.0,0,0.0,0,0.0,0,0.0
kamasutu.htm,14718,26,17.67,7,4.76,8,5.44,0,0.0,21,14.27
sa_kAzyapaparivartasUtra-alt.htm,9299,3,3.23,4,4.3,0,0.0,0,0.0,36,38.71
sa_dhvajAgrakeyUrAdhAriNI.htm,813,0,0.0,4,49.2,0,0.0,0,0.0,0,0.0
sa_kumAralAta-kalpanAmaNDitikA.htm,24313,10,4.11,7,2.88,2,0.82,2,0.82,9,3.7
samavedu.htm,41615,0,0.0,6,1.44,6,1.44,0,0.0,6,1.44
sa_varSAvastu.htm,5073,40,78.85,0,0.0,0,0.0,0,0.0,0,0.0
pattha1u.htm,152117,70,4.6,189,12.42,0,0.0,0,0.0,356,23.4
uttaraju.htm,29664,0,0.0,10,3.37,0,0.0,1,0.34,0,0.0
sa_dharmaskandha.htm,12532,1,0.8,0,0.0,0,0.0,0,0.0,11,8.78
b13c116.htm,164,0,0.0,0,0.0,0,0.0,0,0.0,0,0.0
sa_vasubandhu-paJcaskandhaprakaraNa.htm,2420,0,0.0,0,0.0,0,0.0,0,0.0,6,24.79
sa_mahAmaNivipulavimAnavizvasupratiSThitaguhyaparamarahasyakalparAjadhAraNI.htm,1152,8,69.44,1,8.68,1,8.68,0,0.0,0,0.0
naray__u.htm,19642,17,8.65,0,0.0,2,1.02,0,0.0,63,32.07
sdurst_u.htm,15077,53,35.15,2,1.33,7,4.64,1,0.66,7,4.64
bsa073_u.htm,11811,25,21.17,6,5.08,0,0.0,0,0.0,51,43.18
bsa036_u.htm,646,1,15.48,0,0.0,0,0.0,0,0.0,0,0.0
b07c095.htm,110,0,0.0,0,0.0,0,0.0,0,0.0,0,0.0
vnyps32u.htm,4354,6,13.78,7,16.08,9,20.67,0,0.0,8,18.37
b07c081.htm,103,0,0.0,0,0.0,0,0.0,0,0.0,0,0.0
sa_jitAri-hetutattvopadeza-alt.htm,2406,0,0.0,0,0.0,25,103.91,0,0.0,3,12.47
b01c013.htm,108,0,0.0,1,92.59,0,0.0,0,0.0,0,0.0
kauthgsu.htm,2846,1,3.51,2,7.03,0,0.0,1,3.51,1,3.51
sa_kozAmbakavastu.htm,4068,4,9.83,0,0.0,0,0.0,0,0.0,1,2.46
sa_varAhamihira-yogayAtrA-edjha.htm,7961,15,18.84,8,10.05,0,0.0,0,0.0,5,6.28
prakp04u.htm,2565,0,0.0,0,0.0,4,15.59,0,0.0,5,19.49
mbhx_24.htm,9472,0,0.0,0,0.0,0,0.0,1,1.06,0,0.0
sa_durvekamizra-dharmottarapradIpa.htm,82676,16,1.94,0,0.0,321,38.83,0,0.0,139,16.81
jalmugiu.htm,2140,2,9.35,4,18.69,0,0.0,0,0.0,0,0.0
bhp_09u.htm,11618,9,7.75,19,16.35,3,2.58,0,0.0,10,8.61
nars2_iu.htm,14824,16,10.79,2,1.35,4,2.7,3,2.02,9,6.07
mbhx_18.htm,810,0,0.0,0,0.0,0,0.0,0,0.0,0,0.0
sa_advayazatikA-prajJApAramitA.htm,928,0,0.0,0,0.0,0,0.0,0,0.0,0,0.0
sa_vasudhArAdhAraNI-alt.htm,2083,2,9.6,1,4.8,0,0.0,0,0.0,1,4.8
sa_appayadIkSita-vairAgyazatakam.htm,1978,0,0.0,0,0.0,1,5.06,0,0.0,0,0.0
mbhx_19.htm,10183,0,0.0,0,0.0,0,0.0,0,0.0,0,0.0
sivsutru.htm,7121,3,4.21,0,0.0,4,5.62,0,0.0,12,16.85
vatnsuau.htm,1521,0,0.0,0,0.0,5,32.87,0,0.0,5,32.87
sa_pudgalavastu.htm,4990,0,0.0,0,0.0,0,0.0,0,0.0,0,0.0
b07c057.htm,174,1,57.47,0,0.0,0,0.0,0,0.0,0,0.0
sa_rUpagosvAmin-haMsadUta.htm,2998,0,0.0,4,13.34,0,0.0,1,3.34,3,10.01
b12c112.htm,182,0,0.0,0,0.0,0,0.0,0,0.0,0,0.0
bahcar6u.htm,3522,3,8.52,22,62.46,2,5.68,1,2.84,6,17.04
sa_vAtUlanAtha-vAtUlanAthasUtra-comm.htm,3027,0,0.0,0,0.0,10,33.04,0,0.0,10,33.04
lip_2__u.htm,31455,68,21.62,13,4.13,4,1.27,0,0.0,40,12.72
brssbh4u.htm,13576,24,17.68,1,0.74,5,3.68,0,0.0,14,10.31
brkas_au.htm,58147,53,9.11,34,5.85,14,2.41,15,2.58,47,8.08
bhg4c05u.htm,10209,9,8.82,2,1.96,21,20.57,0,0.0,35,34.28
sa_zaMkara-upadezasAhasrI.htm,15913,2,1.26,4,2.51,14,8.8,0,0.0,23,14.45
sa_gautama-dharmasUtra.htm,9086,7,7.7,2,2.2,1,1.1,1,1.1,6,6.6
uddkokau.htm,3916,5,12.77,3,7.66,1,2.55,0,0.0,3,7.66
sa_bhAmaha-kAvyAlaMkAra.htm,6531,5,7.66,5,7.66,5,7.66,0,0.0,3,4.59
sa_abhisamayAlaMkAra.htm,3990,2,5.01,1,2.51,0,0.0,0,0.0,3,7.52
visa01cu.htm,4575,0,0.0,1,2.19,3,6.56,0,0.0,10,21.86
sa_bhaiSajyaguruvaidUryaprabharAjasUtra.htm,3256,2,6.14,0,0.0,0,0.0,0,0.0,8,24.57
rv_05_u.htm,13029,0,0.0,0,0.0,1,0.77,0,0.0,1,0.77
b06c046.htm,125,0,0.0,0,0.0,0,0.0,0,0.0,0,0.0
vipce_au.htm,110264,62,5.62,70,6.35,27,2.45,3,0.27,199,18.05
sa_harivarman-satyasiddhizAstram.htm,109244,65,5.95,6,0.55,14,1.28,4,0.37,258,23.62
sa_madhyamakAvatAra-1-5.htm,5776,0,0.0,0,0.0,0,0.0,0,0.0,40,69.25
nkalivpu.htm,1905,2,10.5,0,0.0,2,10.5,0,0.0,1,5.25
sa_kamalazIla-bhAvanAkrama.htm,12474,1,0.8,0,0.0,0,0.0,0,0.0,39,31.27
rams11pu.htm,1349,0,0.0,0,0.0,8,59.3,0,0.0,5,37.06
sa_zrAvakabhUmi.htm,48226,28,5.81,4,0.83,7,1.45,3,0.62,82,17.0
bsa057_u.htm,2068,1,4.84,0,0.0,18,87.04,0,0.0,4,19.34
ram_03au.htm,36407,27,7.42,8,2.2,5,1.37,0,0.0,16,4.39
sa_yogazataka.htm,2262,4,17.68,0,0.0,0,0.0,0,0.0,6,26.53
bsa012_u.htm,417,0,0.0,0,0.0,0,0.0,0,0.0,3,71.94
b06c091.htm,179,0,0.0,0,0.0,0,0.0,0,0.0,0,0.0
sa_DhuNDhukanAtha-rasendracintAmaNi.htm,12808,6,4.68,5,3.9,2,1.56,1,0.78,6,4.68
vsths_tu.htm,803,0,0.0,0,0.0,0,0.0,0,0.0,0,0.0
stcsf_u.htm,506444,172,3.4,112,2.21,53,1.05,33,0.65,154,3.04
udnyku2u.htm,4859,6,12.35,2,4.12,9,18.52,0,0.0,16,32.93
sa_vAhaTa-aSTAGganighaNTu.htm,5198,11,21.16,10,19.24,2,3.85,3,5.77,19,36.55
pars2_iu.htm,9245,6,6.49,5,5.41,0,0.0,16,17.31,3,3.24
aitup__u.htm,1279,0,0.0,0,0.0,0,0.0,0,0.0,1,7.82
petako_u.htm,40955,15,3.66,0,0.0,2,0.49,1,0.24,114,27.84
lagrvvju.htm,818,0,0.0,0,0.0,0,0.0,0,0.0,0,0.0
sa_haribhaTTa-jAtakamAlA1-8--11-12--19-20--22--24--26--32--35.htm,24844,28,11.27,31,12.48,23,9.26,1,0.4,38,15.3
visvsdpu.htm,11226,10,8.91,10,8.91,8,7.13,0,0.0,13,11.58
upsmpjnu.htm,4509,1,2.22,0,0.0,0,0.0,0,0.0,13,28.83
gopbra_u.htm,38909,6,1.54,0,0.0,0,0.0,0,0.0,21,5.4
nettip_u.htm,33468,19,5.68,1,0.3,1,0.3,0,0.0,153,45.72
sivup_pu.htm,9216,19,20.62,16,17.36,2,2.17,0,0.0,11,11.94
b12c258.htm,160,0,0.0,0,0.0,0,0.0,0,0.0,0,0.0
anvallcu.htm,13416,16,11.93,45,33.54,4,2.98,1,0.75,11,8.2
mjnya02u.htm,9540,0,0.0,0,0.0,20,20.96,0,0.0,12,12.58
sa_jJAnayazas-jAtakastava.htm,997,0,0.0,2,20.06,0,0.0,0,0.0,0,0.0
sa_svacchandatantra.htm,40653,140,34.44,31,7.63,9,2.21,0,0.0,56,13.78
sa_skandapurANa-revAkhaNDa-rks.htm,101336,49,4.84,55,5.43,21,2.07,0,0.0,113,11.15
b18c005.htm,122,0,0.0,0,0.0,0,0.0,0,0.0,0,0.0
sa_zrImahAdevIvyAkaraNa.htm,1310,5,38.17,0,0.0,0,0.0,0,0.0,3,22.9
b08c005.htm,237,0,0.0,0,0.0,1,42.19,0,0.0,0,0.0
bhall_pu.htm,2850,3,10.53,3,10.53,0,0.0,0,0.0,0,0.0
amaru_u.htm,6082,6,9.87,0,0.0,0,0.0,0,0.0,2,3.29
b07c137.htm,110,0,0.0,1,90.91,0,0.0,0,0.0,0,0.0
pncvbr2u.htm,50230,0,0.0,6,1.19,1,0.2,0,0.0,10,1.99
b03c275.htm,152,0,0.0,0,0.0,0,0.0,0,0.0,0,0.0
bsu030_u.htm,20011,1,0.5,6,3.0,1,0.5,1,0.5,59,29.48
bhveni_u.htm,17423,44,25.25,15,8.61,5,2.87,2,1.15,19,10.91
acatstvu.htm,1300,0,0.0,0,0.0,0,0.0,0,0.0,4,30.77
b03c261.htm,120,0,0.0,0,0.0,0,0.0,0,0.0,0,0.0
sa_jagannAtha-sudhAlaharI.htm,1166,2,17.15,0,0.0,0,0.0,0,0.0,0,0.0
sa_hetvAbhAsadazaka.htm,786,0,0.0,0,0.0,2,25.45,0,0.0,0,0.0
sa_divyAvadAna.htm,126724,169,13.34,53,4.18,26,2.05,25,1.97,257,20.28
sa_kamalazIla-madhyamakAloka.htm,28775,6,2.09,2,0.7,49,17.03,0,0.0,66,22.94
b01c199.htm,117,0,0.0,0,0.0,0,0.0,0,0.0,0,0.0
ramgbhau.htm,45186,47,10.4,6,1.33,105,23.24,0,0.0,254,56.21
ys-99_au.htm,2101,1,4.76,0,0.0,0,0.0,4,19.04,1,4.76
ksbhm15u.htm,1179,0,0.0,0,0.0,0,0.0,0,0.0,0,0.0
sa_mAnavagRhyasUtra-maitrAyaNIyamAnavagRhyasUtra.htm,8199,1,1.22,1,1.22,0,0.0,0,0.0,5,6.1
suvasavu.htm,5653,7,12.38,14,24.77,4,7.08,3,5.31,16,28.3
bhg4c13u.htm,11874,8,6.74,0,0.0,31,26.11,0,0.0,39,32.84
sa_devatAsUtra-and-alpadevatAsUtra.htm,1249,0,0.0,0,0.0,0,0.0,0,0.0,0,0.0
sa_vasubandhu-abhidharmakoza.htm,8060,4,4.96,0,0.0,0,0.0,0,0.0,9,11.17
vibhanpu.htm,89973,28,3.11,1,0.11,0,0.0,0,0.0,107,11.89
devikaiu.htm,1456,1,6.87,1,6.87,2,13.74,0,0.0,6,41.21
mtp176au.htm,137319,148,10.78,125,9.1,29,2.11,4,0.29,169,12.31
sa_dharmasamuccaya.htm,35114,12,3.42,0,0.0,14,3.99,2,0.57,55,15.66
b09c028.htm,204,0,0.0,1,49.02,0,0.0,0,0.0,0,0.0
mamkprku.htm,2016,0,0.0,0,0.0,2,9.92,0,0.0,4,19.84
jsbh2-3u.htm,7769,0,0.0,0,0.0,9,11.58,0,0.0,19,24.46
b12c099.htm,114,0,0.0,0,0.0,0,0.0,0,0.0,0,0.0
b14c050.htm,117,0,0.0,0,0.0,0,0.0,0,0.0,0,0.0
sa_kapila-sAMkhyasUtra.htm,4909,4,8.15,1,2.04,30,61.11,0,0.0,13,26.48
sa_rAhulabhadra-prajJApAramitAstotra.htm,876,0,0.0,0,0.0,1,11.42,0,0.0,0,0.0
mand_upu.htm,928,0,0.0,0,0.0,0,0.0,0,0.0,2,21.55
jatak3pu.htm,111539,66,5.92,47,4.21,2,0.18,17,1.52,100,8.97
mndviviu.htm,2571,1,3.89,0,0.0,6,23.34,0,0.0,4,15.56
vaimp_cu.htm,39928,17,4.26,3,0.75,0,0.0,0,0.0,30,7.51
asmahsbu.htm,36250,17,4.69,7,1.93,7,1.93,0,0.0,71,19.59
yogasutu.htm,1761,3,17.04,1,5.68,2,11.36,0,0.0,4,22.71
sarvttsu.htm,37979,486,127.97,6,1.58,66,17.38,0,0.0,21,5.53
yamsr_au.htm,1452,3,20.66,0,0.0,2,13.77,0,0.0,6,41.32
petvatou.htm,22324,4,1.79,6,2.69,0,0.0,1,0.45,37,16.57
mbh_02_u.htm,68861,82,11.91,31,4.5,19,2.76,5,0.73,64,9.29
manu2p_u.htm,42613,30,7.04,5,1.17,8,1.88,9,2.11,23,5.4
yamsvsiu.htm,3469,2,5.77,0,0.0,0,0.0,0,0.0,5,14.41
dvavims_pu.htm,25952,26,10.02,14,5.39,9,3.47,0,0.0,77,29.67
jatkstpu.htm,781,0,0.0,2,25.61,0,0.0,0,0.0,0,0.0
sa_AryazUra-pAramitAsamAsa.htm,5845,3,5.13,3,5.13,7,11.98,0,0.0,7,11.98
b14c093.htm,207,0,0.0,0,0.0,1,48.31,0,0.0,0,0.0
candras_tu.htm,640,0,0.0,0,0.0,0,0.0,0,0.0,0,0.0
sa_paNDitAzoka-sAmAnyadUSaNadikprasAritA.htm,1354,1,7.39,0,0.0,2,14.77,0,0.0,1,7.39
pm126__u.htm,22843,0,0.0,0,0.0,0,0.0,30,13.13,1,0.44
vedconc_u.htm,774758,41,0.53,60,0.77,25,0.32,1,0.01,297,3.83
vinv09_u.htm,3815,4,10.48,0,0.0,0,0.0,0,0.0,1,2.62
b12c015.htm,124,0,0.0,0,0.0,0,0.0,0,0.0,0,0.0
sa_bodhisattvabhUmi.htm,47510,34,7.16,7,1.47,4,0.84,5,1.05,226,47.57
rmc1-3pu.htm,5309,4,7.53,2,3.77,1,1.88,0,0.0,2,3.77
b07c150.htm,231,0,0.0,0,0.0,0,0.0,0,0.0,0,0.0
bhg4c18u.htm,14422,1,0.69,0,0.0,10,6.93,0,0.0,27,18.72
yamaka1u.htm,108796,0,0.0,0,0.0,0,0.0,1,0.09,0,0.0
b12c029.htm,299,2,66.89,1,33.44,0,0.0,0,0.0,0,0.0
sa_lakSmINkarA-advayasiddhi.htm,956,1,10.46,0,0.0,1,10.46,0,0.0,0,0.0
sa_ekAdazamukha.htm,1199,1,8.34,0,0.0,0,0.0,0,0.0,0,0.0
amark1pu.htm,3546,11,31.02,1,2.82,1,2.82,2,5.64,1,2.82
b08c062.htm,137,0,0.0,0,0.0,0,0.0,0,0.0,0,0.0
mrgt3mpu.htm,1957,6,30.66,1,5.11,1,5.11,0,0.0,0,0.0
satvtanu.htm,9244,13,14.06,9,9.74,18,19.47,0,0.0,9,9.74
vivahapu.htm,1669,0,0.0,1,5.99,0,0.0,0,0.0,0,0.0
nagsaliu.htm,8145,7,8.59,21,25.78,1,1.23,0,0.0,60,73.66
ys182_au.htm,3637,4,11.0,2,5.5,0,0.0,0,0.0,2,5.5
gmandk_u.htm,3807,0,0.0,0,0.0,0,0.0,0,0.0,10,26.27
paddhs_u.htm,1307,1,7.65,2,15.3,7,53.56,0,0.0,19,145.37
pm145__u.htm,1751,0,0.0,0,0.0,0,0.0,8,45.69,0,0.0
sa_nagaropamasUtra.htm,4527,0,0.0,0,0.0,0,0.0,0,0.0,31,68.48
spandkau.htm,1035,0,0.0,0,0.0,0,0.0,0,0.0,0,0.0
pm045__u.htm,3932,0,0.0,0,0.0,0,0.0,6,15.26,0,0.0
sa_asaGga-mahAyAnasUtrAlaMkAra-alt.htm,11405,5,4.38,3,2.63,1,0.88,0,0.0,16,14.03
b12c203.htm,100,0,0.0,0,0.0,0,0.0,0,0.0,0,0.0
b13c010.htm,166,0,0.0,0,0.0,0,0.0,0,0.0,0,0.0
ayuhparu.htm,2943,3,10.19,1,3.4,0,0.0,0,0.0,0,0.0
bsu013_u.htm,468,0,0.0,0,0.0,0,0.0,0,0.0,1,21.37
nidde1ou.htm,119038,117,9.83,31,2.6,10,0.84,4,0.34,194,16.3
sa_nAgArjuna-pratItyasamutpAdahRdayavyAkhyAna.htm,1203,2,16.63,0,0.0,0,0.0,0,0.0,4,33.25
bsu056_u.htm,915,1,10.93,0,0.0,0,0.0,0,0.0,0,0.0
b12c217.htm,128,0,0.0,0,0.0,1,78.12,0,0.0,0,0.0
b13c004.htm,134,0,0.0,0,0.0,0,0.0,0,0.0,0,0.0
jithettu.htm,2500,0,0.0,0,0.0,24,96.0,0,0.0,2,8.0
pm138__u.htm,1560,0,0.0,0,0.0,0,0.0,2,12.82,2,12.82
sa_smaller-sukhAvatIvyUha.htm,1796,0,0.0,0,0.0,0,0.0,0,0.0,0,0.0
b03c038.htm,108,0,0.0,0,0.0,0,0.0,0,0.0,0,0.0
pm038__u.htm,9764,0,0.0,0,0.0,0,0.0,7,7.17,0,0.0
sa_sAgaranAgarAjaparipRcchAmahAyAnasUtra.htm,647,0,0.0,0,0.0,0,0.0,0,0.0,0,0.0
vispancu.htm,54160,25,4.62,17,3.14,13,2.4,2,0.37,67,12.37
sa_arthavinizcayasUtra.htm,5333,7,13.13,0,0.0,0,0.0,0,0.0,49,91.88
pm049__u.htm,9475,0,0.0,0,0.0,0,0.0,23,24.27,0,0.0
pm149__u.htm,11565,0,0.0,0,0.0,0,0.0,14,12.11,0,0.0
sa_pratItyasamutpAdavibhaGgasUtra.htm,1095,0,0.0,0,0.0,0,0.0,0,0.0,2,18.26
moggal2u.htm,19408,4,2.06,1,0.52,1,0.52,0,0.0,38,19.58
brupsb3u.htm,15628,2,1.28,5,3.2,51,32.63,0,0.0,31,19.84
samyut1u.htm,47019,12,2.55,5,1.06,1,0.21,4,0.85,82,17.44
sa_varAhamihira-yogayAtrA-edpingree.htm,7694,13,16.9,1,1.3,0,0.0,0,0.0,6,7.8
sa_jIvagosvAmin-gopAlacampUp1-33u1-3u5-6u29.htm,106354,68,6.39,156,14.67,77,7.24,19,1.79,59,5.55
purekaku.htm,718,0,0.0,0,0.0,0,0.0,0,0.0,0,0.0
yajn1_u.htm,15051,15,9.97,5,3.32,2,1.33,4,2.66,20,13.29
srngt_pu.htm,6949,4,5.76,4,5.76,10,14.39,0,0.0,3,4.32
nidde2pu.htm,10924,6,5.49,5,4.58,0,0.0,0,0.0,9,8.24
manu1__u.htm,43471,35,8.05,6,1.38,9,2.07,10,2.3,27,6.21
b03c170.htm,159,0,0.0,0,0.0,0,0.0,0,0.0,0,0.0
pm134__u.htm,14376,0,0.0,0,0.0,1,0.7,19,13.22,0,0.0
rvpp_05u.htm,25314,0,0.0,0,0.0,1,0.4,0,0.0,1,0.4
b03c164.htm,129,1,77.52,0,0.0,0,0.0,0,0.0,0,0.0
maivy_iu.htm,4053,20,49.35,4,9.87,0,0.0,0,0.0,3,7.4
saddatbu.htm,5473,2,3.65,0,0.0,12,21.93,0,0.0,14,25.58
sa_nAgArjuna-ratnAvalI.htm,3404,1,2.94,0,0.0,4,11.75,0,0.0,7,20.56
b03c158.htm,134,1,74.63,0,0.0,0,0.0,0,0.0,0,0.0
dbhp_dgu.htm,8171,20,24.48,4,4.9,3,3.67,0,0.0,13,15.91
bsa031_u.htm,11098,7,6.31,2,1.8,4,3.6,0,0.0,19,17.12
b01c061.htm,214,0,0.0,0,0.0,0,0.0,0,0.0,0,0.0
angirsau.htm,20890,13,6.22,2,0.96,1,0.48,10,4.79,21,10.05
patisa2u.htm,40826,3,0.73,6,1.47,0,0.0,6,1.47,71,17.39
sa_vizvanAthakavirAja-sAhityadarpaNa-comm.htm,142092,114,8.02,84,5.91,132,9.29,25,1.76,227,15.98
vnyps42u.htm,1546,0,0.0,0,0.0,0,0.0,0,0.0,6,38.81
sa_vArAhagRhyasUtra.htm,5433,1,1.84,0,0.0,1,1.84,0,0.0,7,12.88
ksbhm08u.htm,3041,3,9.87,0,0.0,1,3.29,0,0.0,0,0.0
mvir_sau.htm,49924,29,5.81,22,4.41,7,1.4,4,0.8,39,7.81
pm057__u.htm,29833,0,0.0,0,0.0,0,0.0,16,5.36,0,0.0
antsdi_u.htm,78485,19,2.42,8,1.02,475,60.52,0,0.0,438,55.81
sa_pArivAsikavastu.htm,2224,7,31.47,0,0.0,0,0.0,0,0.0,2,8.99
pm157__u.htm,13910,0,0.0,0,0.0,0,0.0,24,17.25,0,0.0
kbavk64u.htm,5087,4,7.86,6,11.79,5,9.83,0,0.0,6,11.79
sa_vaikhAnasamantraprazna5-8.htm,40099,17,4.24,3,0.75,0,0.0,0,0.0,30,7.48
sa_vasudhArAdhAraNI.htm,4149,6,14.46,1,2.41,1,2.41,0,0.0,3,7.23
b12c161.htm,107,0,0.0,0,0.0,0,0.0,0,0.0,0,0.0
b07c024.htm,129,0,0.0,0,0.0,0,0.0,0,0.0,0,0.0
katy2a_u.htm,17941,8,4.46,0,0.0,8,4.46,0,0.0,8,4.46
vd2127_u.htm,1188,0,0.0,0,0.0,1,8.42,0,0.0,0,0.0
ruvyavivya_au.htm,14835,6,4.04,3,2.02,8,5.39,0,0.0,19,12.81
vakyp1iu.htm,29159,5,1.71,0,0.0,51,17.49,1,0.34,39,13.37
b12c149.htm,256,1,39.06,0,0.0,0,0.0,0,0.0,0,0.0
paraji_u.htm,80572,78,9.68,24,2.98,0,0.0,0,0.0,125,15.51
mbhx_42.htm,14641,1,0.68,0,0.0,0,0.0,0,0.0,0,0.0
sa_taittirIyopaniSad-zaMkarabhASya.htm,17228,25,14.51,3,1.74,26,15.09,0,0.0,47,27.28
b07c019.htm,137,0,0.0,0,0.0,0,0.0,0,0.0,0,0.0
mbhx_43.htm,11068,0,0.0,1,0.9,0,0.0,0,0.0,0,0.0
xct_tshangs-dbyangs-rgya-mtsho'i-mgul-glu.htm,2355,0,0.0,0,0.0,0,0.0,0,0.0,0,0.0
sa_nityanAthasiddha-rasaratnAkara.htm,53205,28,5.26,35,6.58,15,2.82,0,0.0,20,3.76
sanss04u.htm,7320,4,5.46,4,5.46,0,0.0,1,1.37,16,21.86
hsasvrpu.htm,11144,0,0.0,0,0.0,17,15.25,0,0.0,22,19.74
sa_nAgArjuna-paJcakrama.htm,4613,5,10.84,0,0.0,4,8.67,0,0.0,18,39.02
vadhdhdu.htm,3891,6,15.42,1,2.57,1,2.57,0,0.0,3,7.71
b07c025.htm,126,0,0.0,0,0.0,0,0.0,0,0.0,0,0.0
b12c160.htm,188,1,53.19,0,0.0,0,0.0,0,0.0,0,0.0
cappse_u.htm,362042,132,3.65,82,2.26,33,0.91,13,0.36,133,3.67
sa_mahApratisarAmahAvidyArAjJI.htm,7459,20,26.81,15,20.11,3,4.02,0,0.0,13,17.43
yamss_pu.htm,3453,2,5.79,0,0.0,0,0.0,0,0.0,5,14.48
b07c031.htm,162,0,0.0,0,0.0,0,0.0,0,0.0,0,0.0
akadambu.htm,13090,9,6.88,7,5.35,10,7.64,7,5.35,9,6.88
sa_yAmuna-stotraratna.htm,2718,6,22.08,0,0.0,4,14.72,0,0.0,12,44.15
kubjt_iu.htm,42011,114,27.14,24,5.71,31,7.38,1,0.24,57,13.57
sa_bilhaNa-caurapaJcAzikA.htm,2103,0,0.0,2,9.51,2,9.51,0,0.0,2,9.51
padyavlu.htm,9934,6,6.04,23,23.15,5,5.03,3,3.02,5,5.03
mrgt14iu.htm,8282,9,10.87,3,3.62,9,10.87,0,0.0,20,24.15
bhp_02u.htm,5570,5,8.98,3,5.39,0,0.0,0,0.0,17,30.52
pratyabu.htm,3966,2,5.04,2,5.04,3,7.56,1,2.52,5,12.61
pm002__u.htm,2545,0,0.0,0,0.0,0,0.0,0,0.0,0,0.0
sa_bhagavadgItA-4comm.htm,199885,131,6.55,19,0.95,279,13.96,6,0.3,535,26.77
b01c060.htm,153,1,65.36,0,0.0,0,0.0,0,0.0,0,0.0
pm136b_u.htm,11961,0,0.0,0,0.0,0,0.0,33,27.59,0,0.0
nagpancu.htm,4350,5,11.49,0,0.0,4,9.2,0,0.0,18,41.38
patdukou.htm,73372,59,8.04,59,8.04,0,0.0,0,0.0,58,7.9
pm102__u.htm,39920,1,0.25,0,0.0,1,0.25,115,28.81,9,2.25
pm061__u.htm,1380,0,0.0,0,0.0,0,0.0,0,0.0,0,0.0
sa_abhinavagupta-anuttarASTikA.htm,741,0,0.0,0,0.0,0,0.0,0,0.0,0,0.0
m_mbhtnu.htm,84290,61,7.24,18,2.14,16,1.9,0,0.0,46,5.46
vd3343pu.htm,6476,12,18.53,1,1.54,0,0.0,0,0.0,8,12.35
cakbh_au.htm,976,3,30.74,0,0.0,0,0.0,0,0.0,3,30.74
pm161__u.htm,19274,0,0.0,0,0.0,0,0.0,87,45.14,0,0.0
mahama_u.htm,1551,0,0.0,1,6.45,0,0.0,0,0.0,2,12.89
b16c008.htm,157,0,0.0,0,0.0,0,0.0,0,0.0,0,0.0
sratrpau.htm,5427,0,0.0,1,1.84,1,1.84,0,0.0,3,5.53
bhasdutu.htm,1948,8,41.07,3,15.4,0,0.0,1,5.13,3,15.4
visa06cu.htm,24887,14,5.63,18,7.23,12,4.82,16,6.43,18,7.23
tulrcm6u.htm,19065,15,7.87,2,1.05,0,0.0,1,0.52,6,3.15
brahmpiu.htm,216290,140,6.47,132,6.1,44,2.03,1,0.05,301,13.92
visnus_u.htm,24391,35,14.35,4,1.64,3,1.23,7,2.87,23,9.43
sa_rUpagosvAmin-nATakacandrikA.htm,11604,8,6.89,8,6.89,10,8.62,8,6.89,6,5.17
yajn2_au.htm,17869,7,3.92,4,2.24,2,1.12,4,2.24,17,9.51
sa_utpaladeva-IzvarapratyabhijJAkArikA-with-vRtti.htm,6334,9,14.21,0,0.0,3,4.74,0,0.0,23,36.31
rv_02_u.htm,7098,0,0.0,0,0.0,0,0.0,0,0.0,2,2.82
sivmstau.htm,1340,1,7.46,0,0.0,1,7.46,1,7.46,1,7.46
sa_zira-upaniSad.htm,2140,0,0.0,0,0.0,0,0.0,0,0.0,3,14.02
aryabhcu.htm,54593,4,0.73,72,13.19,22,4.03,0,0.0,30,5.5
bsa015_u.htm,2085,1,4.8,0,0.0,0,0.0,0,0.0,4,19.18
sa_vidyAnAtha-pratAparudrIya.htm,26417,40,15.14,13,4.92,18,6.81,4,1.51,57,21.58
bsa050_u.htm,5595,3,5.36,3,5.36,7,12.51,0,0.0,7,12.51
kaccay1u.htm,2569,2,7.79,2,7.79,0,0.0,2,7.79,2,7.79
stuplaku.htm,2184,1,4.58,3,13.74,0,0.0,0,0.0,1,4.58
sa_bhikSukarmavAkya.htm,2747,2,7.28,0,0.0,0,0.0,0,0.0,12,43.68
vinv10_u.htm,2540,0,0.0,1,3.94,0,0.0,0,0.0,2,7.87
sbhami_u.htm,1569,1,6.37,0,0.0,3,19.12,0,0.0,2,12.75
dhamsgpu.htm,70302,1,0.14,1,0.14,0,0.0,1,0.14,105,14.94
sa_prAtimokSasUtra-of-the-mUlasarvAstivAdins.htm,7588,16,21.09,0,0.0,0,0.0,0,0.0,3,3.95
sa_dhanaMjaya-dazarUpaka-1-4.htm,4002,3,7.5,5,12.49,1,2.5,1,2.5,4,10.0
ppfrag_u.htm,14951,3,2.01,0,0.0,0,0.0,1,0.67,17,11.37
samkaubh_u.htm,11832,4,3.38,4,3.38,10,8.45,0,0.0,45,38.03
bsa028_u.htm,632,0,0.0,0,0.0,0,0.0,0,0.0,0,0.0
sa_dhvajAgrasUtra.htm,1005,1,9.95,0,0.0,0,0.0,0,0.0,1,9.95
snyayvau.htm,17072,4,2.34,0,0.0,54,31.63,0,0.0,37,21.67
manjn1pu.htm,3069,5,16.29,3,9.78,0,0.0,0,0.0,7,22.81
dsp1-2_u.htm,4355,1,2.3,0,0.0,1,2.3,0,0.0,19,43.63
nagpindu.htm,3290,33,100.3,2,6.08,3,9.12,0,0.0,5,15.2
sa_nAgArjuna-mahAyAnaviMzikA.htm,1014,0,0.0,0,0.0,0,0.0,0,0.0,1,9.86
sb_07_u.htm,10303,0,0.0,7,6.79,0,0.0,0,0.0,8,7.76
sa_mahAvastu-avAdana.htm,203730,177,8.69,105,5.15,25,1.23,23,1.13,326,16.0
pm110__u.htm,12670,0,0.0,0,0.0,0,0.0,8,6.31,4,3.16
sa_nAgArjuna-yuktiSaSTikakArikA-fragments.htm,702,0,0.0,0,0.0,0,0.0,0,0.0,0,0.0
maghspvu.htm,17631,27,15.31,22,12.48,15,8.51,1,0.57,11,6.24
rahppspu.htm,638,0,0.0,0,0.0,1,15.67,0,0.0,0,0.0
b05c054.htm,146,0,0.0,0,0.0,0,0.0,0,0.0,0,0.0
bhnstcau.htm,2059,0,0.0,0,0.0,0,0.0,0,0.0,0,0.0
b08c063.htm,183,0,0.0,0,0.0,3,163.93,0,0.0,0,0.0
avs_acu.htm,108661,0,0.0,2,0.18,0,0.0,0,0.0,25,2.3
b12c028.htm,128,0,0.0,0,0.0,0,0.0,0,0.0,0,0.0
dhatukou.htm,23876,0,0.0,0,0.0,0,0.0,0,0.0,0,0.0
sa_jitAri-hetutattvopadeza.htm,2757,0,0.0,0,0.0,24,87.05,0,0.0,2,7.25
sanss12u.htm,4309,2,4.64,2,4.64,0,0.0,2,4.64,10,23.21
pm173__u.htm,14724,0,0.0,0,0.0,0,0.0,19,12.9,0,0.0
arhebt2u.htm,35997,10,2.78,0,0.0,195,54.17,0,0.0,48,13.33
sa_mRtyuvaJcanatArAsAdhana.htm,669,0,0.0,0,0.0,4,59.79,0,0.0,0,0.0
b02c028.htm,122,0,0.0,0,0.0,0,0.0,1,81.97,0,0.0
kathinau.htm,4040,12,29.7,1,2.48,1,2.48,0,0.0,6,14.85
pm073__u.htm,1560,0,0.0,0,0.0,0,0.0,0,0.0,0,0.0
sa_kAlidAsa-abhijJAnazakuntala.htm,51520,58,11.26,25,4.85,40,7.76,0,0.0,25,4.85
bsu037_u.htm,4591,8,17.43,0,0.0,3,6.53,0,0.0,6,13.07
b03c213.htm,128,0,0.0,0,0.0,0,0.0,0,0.0,0,0.0
dighan2u.htm,67792,30,4.43,8,1.18,0,0.0,0,0.0,150,22.13
b07c145.htm,145,0,0.0,0,0.0,0,0.0,0,0.0,0,0.0
rvh1-10u.htm,201530,8,0.4,21,1.04,19,0.94,0,0.0,57,2.83
sankhgsu.htm,3961,3,7.57,7,17.67,0,0.0,2,5.05,3,7.57
sa_ratnaguNasaMcayagAthA.htm,6901,0,0.0,6,8.69,1,1.45,0,0.0,4,5.8
sa_somadeva-kathAsaritsAgaravetAlapaJcaviMzatikA.htm,68721,34,4.95,10,1.46,26,3.78,0,0.0,58,8.44
vacbhamu.htm,92285,87,9.43,10,1.08,127,13.76,0,0.0,203,22.0
b14c051.htm,124,0,0.0,0,0.0,0,0.0,0,0.0,0,0.0
b01c114.htm,143,0,0.0,0,0.0,1,69.93,0,0.0,0,0.0
bhg4c14u.htm,7196,1,1.39,1,1.39,17,23.62,0,0.0,16,22.23
bhnstcxu.htm,1398,0,0.0,0,0.0,0,0.0,0,0.0,0,0.0
ragh1-6u.htm,6617,16,24.18,17,25.69,8,12.09,0,0.0,6,9.07
b04c053.htm,153,0,0.0,0,0.0,1,65.36,0,0.0,0,0.0
rahppsiu.htm,637,0,0.0,0,0.0,1,15.7,0,0.0,0,0.0
sa_kedArabhaTTa-vRttaratnAkara.htm,2505,0,0.0,2,7.98,0,0.0,0,0.0,3,11.98
sa_brahmasaMhitA-5-comm.htm,9898,20,20.21,8,8.08,8,8.08,0,0.0,16,16.16
sa_vaitAnazrautasUtra-vaitAnasUtra.htm,13495,0,0.0,4,2.96,0,0.0,0,0.0,6,4.45
jsbh2-4u.htm,1699,0,0.0,0,0.0,1,5.89,0,0.0,1,5.89
soksvpau.htm,36714,13,3.54,4,1.09,12,3.27,0,0.0,25,6.81
varlghku.htm,30716,1,0.33,1,0.33,2,0.65,0,0.0,15,4.88
sb_05_u.htm,11489,0,0.0,2,1.74,0,0.0,0,0.0,1,0.87
kirtc_au.htm,15168,4,2.64,2,1.32,23,15.16,0,0.0,48,31.65
manjn1iu.htm,2191,4,18.26,2,9.13,0,0.0,0,0.0,6,27.38
brhms5cu.htm,9777,20,20.46,8,8.18,8,8.18,0,0.0,16,16.36
moksop_u.htm,235937,446,18.9,111,4.7,81,3.43,26,1.1,510,21.62
sa_aSTAvakragItA.htm,8660,10,11.55,8,9.24,4,4.62,0,0.0,18,20.79
aparmyou.htm,11962,15,12.54,6,5.02,21,17.56,2,1.67,41,34.28
b02c016.htm,114,0,0.0,0,0.0,0,0.0,0,0.0,0,0.0
nitkarpu.htm,2109,4,18.97,0,0.0,0,0.0,0,0.0,2,9.48
ksbhm12u.htm,1461,1,6.84,0,0.0,1,6.84,0,0.0,1,6.84
naglok_u.htm,700,0,0.0,0,0.0,0,0.0,0,0.0,2,28.57
sa_yAmuna-catuHzlokI.htm,732,2,27.32,0,0.0,0,0.0,0,0.0,0,0.0
sa_kalpadrumAvadAnamAlA.htm,7024,0,0.0,0,0.0,5,7.12,2,2.85,14,19.93
svetu_au.htm,2772,0,0.0,0,0.0,0,0.0,0,0.0,5,18.04
sa_kSemendra-caturvargasaMgraha.htm,2580,4,15.5,4,15.5,1,3.88,0,0.0,2,7.75
jvrtmsau.htm,3161,6,18.98,6,18.98,1,3.16,0,0.0,2,6.33
sunytjsu.htm,1153,3,26.02,0,0.0,1,8.67,0,0.0,0,0.0
b05c056.htm,135,0,0.0,0,0.0,0,0.0,0,0.0,0,0.0
sa_kedArabhaTTa-vRttaratnAkara-comm.htm,10780,6,5.57,16,14.84,0,0.0,0,0.0,8,7.42
sa_jIvagosvAmin-rAdhAkRSNArcanadIpikA.htm,6110,6,9.82,5,8.18,6,9.82,0,0.0,6,9.82
b08c049.htm,266,0,0.0,0,0.0,0,0.0,0,0.0,0,0.0
sa_AyuHparyantasUtra.htm,3247,3,9.24,1,3.08,0,0.0,0,0.0,0,0.0
sa_chAndogyopaniSad-comm.htm,55825,76,13.61,10,1.79,38,6.81,3,0.54,107,19.17
b05c081.htm,153,0,0.0,0,0.0,0,0.0,0,0.0,0,0.0
utajp_au.htm,1328,1,7.53,0,0.0,0,0.0,0,0.0,0,0.0
bsu035_u.htm,17137,32,18.67,5,2.92,2,1.17,0,0.0,29,16.92
b03c013.htm,255,1,39.22,0,0.0,0,0.0,0,0.0,0,0.0
hdratn_u.htm,9787,6,6.13,5,5.11,10,10.22,0,0.0,6,6.13
b12c200.htm,100,1,100.0,0,0.0,0,0.0,0,0.0,0,0.0
sa_gorakSanAtha-gorakSazataka.htm,1917,6,31.3,3,15.65,0,0.0,0,0.0,0,0.0
sa_IzvarakRSNa-sAMkhyakArikA-comm3.htm,9831,0,0.0,6,6.1,0,0.0,5,5.09,28,28.48
samyu_wu.htm,3180,15,47.17,11,34.59,0,0.0,0,0.0,15,47.17
saivrliu.htm,134589,345,25.63,85,6.32,60,4.46,2,0.15,176,13.08
sspp2_2u.htm,39624,1,0.25,0,0.0,0,0.0,0,0.0,4,1.01
rvpp_09u.htm,31458,0,0.0,2,0.64,9,2.86,0,0.0,0,0.0
bsu008_u.htm,1204,3,24.92,2,16.61,0,0.0,0,0.0,1,8.31
udnyku5u.htm,6533,6,9.18,1,1.53,35,53.57,0,0.0,8,12.25
ksembodhv_u.htm,836,0,0.0,0,0.0,0,0.0,0,0.0,1,11.96
sa_pANDulohitakavastu.htm,8865,18,20.3,0,0.0,0,0.0,0,0.0,6,6.77
b05c122.htm,130,0,0.0,0,0.0,0,0.0,0,0.0,0,0.0
mrgt14pu.htm,8370,9,10.75,3,3.58,9,10.75,0,0.0,20,23.89
kubjt_pu.htm,44482,117,26.3,27,6.07,31,6.97,1,0.22,58,13.04
sa_atharvaprAyazcittAni.htm,10488,0,0.0,2,1.91,0,0.0,0,0.0,1,0.95
b03c198.htm,213,0,0.0,0,0.0,0,0.0,0,0.0,0,0.0
vdhapadu.htm,51547,43,8.34,11,2.13,20,3.88,4,0.78,105,20.37
sa_abhisamayAlaMkAravRttiH-sphuTArthA.htm,11359,7,6.16,2,1.76,4,3.52,0,0.0,19,16.73
anitysuu.htm,813,0,0.0,0,0.0,0,0.0,0,0.0,4,49.2
yamss_iu.htm,3468,2,5.77,0,0.0,0,0.0,0,0.0,5,14.42
valsubhu.htm,19290,17,8.81,12,6.22,4,2.07,2,1.04,12,6.22
cappsg_u.htm,227125,94,4.14,62,2.73,30,1.32,10,0.44,82,3.61
sa_parAtriMzikA.htm,1038,2,19.27,0,0.0,0,0.0,0,0.0,0,0.0
manu2piu.htm,42526,30,7.05,5,1.18,8,1.88,9,2.12,23,5.41
dkavy1au.htm,2086,0,0.0,1,4.79,0,0.0,0,0.0,2,9.59
sa_sarvatathAgatAdhiSThAnavyUhasUtra.htm,4855,8,16.48,0,0.0,3,6.18,0,0.0,6,12.36
hsasvriu.htm,10771,0,0.0,0,0.0,13,12.07,0,0.0,18,16.71
nagmmk_u.htm,7524,2,2.66,0,0.0,1,1.33,0,0.0,17,22.59
mmayuvru.htm,10047,2,1.99,2,1.99,0,0.0,0,0.0,25,24.88
anandk_u.htm,78617,65,8.27,55,7.0,10,1.27,2,0.25,93,11.83
bsa017_u.htm,606,0,0.0,0,0.0,0,0.0,0,0.0,1,16.5
b01c076.htm,101,0,0.0,0,0.0,0,0.0,0,0.0,0,0.0
bsa052_u.htm,34858,12,3.44,0,0.0,14,4.02,2,0.57,55,15.78
brssbh3u.htm,24865,23,9.25,7,2.82,29,11.66,2,0.8,55,22.12
tarkrsau.htm,17420,1,0.57,1,0.57,35,20.09,0,0.0,44,25.26
itivutpu.htm,14118,8,5.67,0,0.0,0,0.0,0,0.0,47,33.29
bhg4c02u.htm,26905,11,4.09,1,0.37,38,14.12,0,0.0,42,15.61
cullaniu.htm,94185,101,10.72,52,5.52,0,0.0,2,0.21,412,43.74
vinv12_u.htm,4737,0,0.0,0,0.0,0,0.0,0,0.0,0,0.0
manavgsu.htm,7973,1,1.25,1,1.25,0,0.0,0,0.0,5,6.27
kamasufu.htm,20168,20,9.92,7,3.47,9,4.46,0,0.0,22,10.91
sankharu.htm,13310,2,1.5,12,9.02,0,0.0,0,0.0,31,23.29
yasasi_u.htm,10668,3,2.81,1,0.94,5,4.69,0,0.0,30,28.12
vinsutru.htm,39526,111,28.08,19,4.81,3,0.76,1,0.25,40,10.12
sivmstxu.htm,894,1,11.19,0,0.0,1,11.19,1,11.19,1,11.19
udana_ou.htm,25327,19,7.5,2,0.79,0,0.0,0,0.0,28,11.06
visa04cu.htm,9437,9,9.54,19,20.13,11,11.66,0,0.0,55,58.28
b12c162.htm,113,0,0.0,0,0.0,0,0.0,0,0.0,0,0.0
jivskd_u.htm,12289,7,5.7,16,13.02,3,2.44,4,3.25,0,0.0
bahcar1u.htm,3604,5,13.87,10,27.75,2,5.55,1,2.77,3,8.32
kalrs_au.htm,2929,4,13.66,2,6.83,0,0.0,0,0.0,4,13.66
sa_vajravidAraNAdhAraNI.htm,1087,0,0.0,2,18.4,1,9.2,0,0.0,2,18.4
brahmppu.htm,221972,140,6.31,139,6.26,44,1.98,1,0.05,303,13.65
chandovu.htm,5621,1,1.78,3,5.34,0,0.0,0,0.0,0,0.0
bhutisbs_u.htm,628,0,0.0,0,0.0,0,0.0,0,0.0,0,0.0
asvbc_1u.htm,22890,25,10.92,10,4.37,6,2.62,0,0.0,19,8.3
mbhx_41.htm,24043,2,0.83,2,0.83,1,0.42,0,0.0,0,0.0
b01c089.htm,129,0,0.0,0,0.0,0,0.0,0,0.0,0,0.0
sa_triskandhasUtra.htm,909,3,33.0,0,0.0,0,0.0,0,0.0,0,0.0
amark3_u.htm,6543,6,9.17,7,10.7,2,3.06,0,0.0,4,6.11
hv_conau.htm,169636,106,6.25,157,9.26,16,0.94,0,0.0,130,7.66
sa_ahoratravratakathA-prose.htm,2296,4,17.42,2,8.71,0,0.0,0,0.0,4,17.42
prmosubu.htm,7298,16,21.92,0,0.0,0,0.0,0,0.0,3,4.11
vratisasana_u.htm,12707,28,22.04,0,0.0,2,1.57,9,7.08,1,0.79
sa_kubjikamatatantra.htm,38746,117,30.2,27,6.97,31,8.0,1,0.26,58,14.97
mbhx_40.htm,15389,2,1.3,0,0.0,1,0.65,0,0.0,0,0.0
sa_suvarNavarNAvadAna.htm,17785,40,22.49,7,3.94,1,0.56,0,0.0,43,24.18
prakp03u.htm,1268,0,0.0,0,0.0,1,7.89,0,0.0,0,0.0
sa_paippalAdasaMhitA.htm,144816,17,1.17,10,0.69,5,0.35,1,0.07,113,7.8
dhvajkeu.htm,559,0,0.0,4,71.56,0,0.0,0,0.0,0,0.0
maivy_pu.htm,4259,20,46.96,5,11.74,0,0.0,0,0.0,3,7.04
andhvc1u.htm,33573,8,2.38,4,1.19,33,9.83,0,0.0,101,30.08
sa_nAgArjuna-kriyAsaMgrahakArikA.htm,704,0,0.0,0,0.0,1,14.2,0,0.0,0,0.0
vvmanmhu.htm,7030,4,5.69,0,0.0,48,68.28,0,0.0,23,32.72
sanss08u.htm,3691,2,5.42,0,0.0,0,0.0,0,0.0,5,13.55
sa_jJAnAlokAlaMkArasUtra.htm,9324,13,13.94,0,0.0,1,1.07,0,0.0,21,22.52
chupsb_u.htm,56521,76,13.45,10,1.77,38,6.72,3,0.53,107,18.93
pm080__u.htm,3738,0,0.0,0,0.0,0,0.0,0,0.0,0,0.0
therigou.htm,21724,43,19.79,0,0.0,2,0.92,0,0.0,37,17.03
pm180__u.htm,35989,0,0.0,0,0.0,0,0.0,72,20.01,1,0.28
sa_kaThinavastu.htm,3615,4,11.07,0,0.0,0,0.0,0,0.0,2,5.53
purukadu.htm,2169,2,9.22,4,18.44,2,9.22,0,0.0,4,18.44
arhebt_u.htm,47019,10,2.13,1,0.21,198,42.11,0,0.0,51,10.85
vakyp1pu.htm,29231,5,1.71,0,0.0,52,17.79,1,0.34,39,13.34
sa_maitreyavyAkaraNa.htm,3974,20,50.33,5,12.58,0,0.0,0,0.0,3,7.55
b06c023.htm,102,0,0.0,0,0.0,0,0.0,0,0.0,0,0.0
sa_narasiMhapurANa.htm,49719,75,15.08,35,7.04,7,1.41,0,0.0,41,8.25
brkas_su.htm,66988,81,12.09,40,5.97,14,2.09,15,2.24,53,7.91
sa_AzvalAyanazrautasUtra.htm,14020,6,4.28,7,4.99,0,0.0,0,0.0,8,5.71
agsas_4u.htm,6194,1,1.61,0,0.0,2,3.23,0,0.0,26,41.98
adyappau.htm,1136,0,0.0,0,0.0,0,0.0,0,0.0,1,8.8
bsa033_u.htm,6918,1,1.45,0,0.0,3,4.34,0,0.0,8,11.56
sa_udIcyazyAmilaka-pADatADitaka.htm,8001,8,10.0,4,5.0,2,2.5,2,2.5,7,8.75
jatak2ou.htm,137341,70,5.1,48,3.49,6,0.44,15,1.09,91,6.63
sa_mRtyuvaJcanasitatArAsAdhana.htm,756,0,0.0,0,0.0,5,66.14,0,0.0,0,0.0
sa_IzvarakRSNa-sAMkhyakArikA-comm2.htm,8039,1,1.24,3,3.73,0,0.0,3,3.73,20,24.88
bursf_u.htm,376069,113,3.0,102,2.71,18,0.48,18,0.48,66,1.75
kumukumu.htm,1143,3,26.25,2,17.5,0,0.0,0,0.0,0,0.0
sa_svAtmArAma-haThayogapradIpikA.htm,6487,47,72.45,2,3.08,3,4.62,0,0.0,7,10.79
sa_gauDapAda-AgamazAstra.htm,6827,1,1.46,0,0.0,0,0.0,0,0.0,22,32.22
b05c094.htm,108,0,0.0,0,0.0,0,0.0,0,0.0,0,0.0
b13c012.htm,118,0,0.0,0,0.0,1,84.75,0,0.0,0,0.0
b13c006.htm,107,0,0.0,0,0.0,0,0.0,0,0.0,0,0.0
b05c080.htm,105,0,0.0,0,0.0,0,0.0,0,0.0,0,0.0
b03c012.htm,161,0,0.0,0,0.0,0,0.0,0,0.0,0,0.0
apsulb_u.htm,3438,0,0.0,9,26.18,0,0.0,0,0.0,1,2.91
jatkstiu.htm,775,0,0.0,2,25.81,0,0.0,0,0.0,0,0.0
yamsvspu.htm,3945,2,5.07,0,0.0,0,0.0,0,0.0,5,12.67
sa_bRhadAraNyakopaniSadkANva-recension-comm.htm,86095,69,8.01,41,4.76,225,26.13,1,0.12,232,26.95
sa_grahamAtRkAdhAraNI.htm,1776,8,45.05,2,11.26,0,0.0,0,0.0,1,5.63
psp_5u.htm,33644,7,2.08,8,2.38,0,0.0,2,0.59,43,12.78
mndvivpu.htm,2617,1,3.82,0,0.0,6,22.93,0,0.0,4,15.28
bsa0555u.htm,1085,1,9.22,0,0.0,2,18.43,0,0.0,1,9.22
naray_bu.htm,19684,16,8.13,0,0.0,2,1.02,0,0.0,63,32.01
vasvvmsu.htm,2274,0,0.0,0,0.0,0,0.0,0,0.0,5,21.99
jatak1pu.htm,118233,122,10.32,44,3.72,2,0.17,2,0.17,135,11.42
pm192__u.htm,18063,0,0.0,0,0.0,0,0.0,30,16.61,2,1.11
jsbh1-1u.htm,3258,1,3.07,0,0.0,48,147.33,0,0.0,9,27.62
pm092__u.htm,8805,0,0.0,0,0.0,0,0.0,35,39.75,0,0.0
rajkmimu.htm,14578,18,12.35,16,10.98,5,3.43,5,3.43,10,6.86
jaymangu.htm,9721,0,0.0,6,6.17,0,0.0,5,5.14,28,28.8
gret_reebk.htm,20599,3,1.46,8,3.88,0,0.0,0,0.0,0,0.0
b03c238.htm,117,0,0.0,0,0.0,0,0.0,0,0.0,0,0.0
madadh_u.htm,1004,0,0.0,0,0.0,0,0.0,0,0.0,4,39.84
sa_candrakIrti-prasannapada.htm,56583,15,2.65,3,0.53,28,4.95,2,0.35,172,30.4
bsu011_u.htm,891,0,0.0,0,0.0,0,0.0,0,0.0,1,11.22
b07c146.htm,111,0,0.0,0,0.0,0,0.0,0,0.0,0,0.0
bsu054_u.htm,516,0,0.0,0,0.0,0,0.0,0,0.0,0,0.0
ramvasau.htm,13454,8,5.95,3,2.23,22,16.35,0,0.0,106,78.79
carpitou.htm,8770,0,0.0,2,2.28,0,0.0,0,0.0,13,14.82
b07c152.htm,102,0,0.0,0,0.0,0,0.0,0,0.0,0,0.0
bhavpr_u.htm,5452,8,14.67,6,11.01,0,0.0,4,7.34,7,12.84
ss3_paru.htm,22473,11,4.89,5,2.22,11,4.89,0,0.0,58,25.81
yssoutau.htm,2903,1,3.44,0,0.0,0,0.0,2,6.89,2,6.89
rv_hn07u.htm,17454,0,0.0,2,1.15,0,0.0,0,0.0,6,3.44
b09c059.htm,105,0,0.0,0,0.0,0,0.0,0,0.0,0,0.0
sa_dazabhUmikasUtra.htm,20858,19,9.11,14,6.71,1,0.48,0,0.0,83,39.79
sa_mahAmAyUrIvidyArAjJI.htm,10293,2,1.94,2,1.94,0,0.0,0,0.0,25,24.29
yamgasau.htm,696,0,0.0,0,0.0,2,28.74,0,0.0,0,0.0
majjhi1u.htm,161109,148,9.19,43,2.67,0,0.0,0,0.0,721,44.75
sa_rASTrapAlasUtra.htm,2579,1,3.88,0,0.0,0,0.0,0,0.0,5,19.39
sa_bower-manuscript.htm,25703,29,11.28,4,1.56,2,0.78,0,0.0,10,3.89
b14c046.htm,122,0,0.0,0,0.0,0,0.0,0,0.0,0,0.0
sa_kSemarAja-pratyabhijJAhRdaya.htm,4200,2,4.76,2,4.76,3,7.14,1,2.38,5,11.9
rv_hn06u.htm,15550,0,0.0,1,0.64,0,0.0,0,0.0,6,3.86
b09c049.htm,142,0,0.0,0,0.0,1,70.42,0,0.0,0,0.0
jssivpxu.htm,849,3,35.34,0,0.0,0,0.0,0,0.0,3,35.34
kaussu_u.htm,25461,11,4.32,17,6.68,1,0.39,0,0.0,10,3.93
bsa037_u.htm,463,0,0.0,0,0.0,6,129.59,0,0.0,0,0.0
kirtm_au.htm,3113,3,9.64,0,0.0,0,0.0,0,0.0,0,0.0
b14c042.htm,131,0,0.0,0,0.0,0,0.0,0,0.0,0,0.0
bsa072_u.htm,8367,1,1.2,0,0.0,46,54.98,1,1.2,14,16.73
jatak6ou.htm,168573,97,5.75,60,3.56,17,1.01,11,0.65,188,11.15
vanighau.htm,6667,11,16.5,10,15.0,2,3.0,3,4.5,19,28.5
brsvbh1u.htm,43017,33,7.67,4,0.93,59,13.72,0,0.0,112,26.04
abhmal2u.htm,4820,6,12.45,0,0.0,1,2.07,1,2.07,5,10.37
amark1hu.htm,6216,11,17.7,1,1.61,1,1.61,2,3.22,1,1.61
prakp14u.htm,1182,0,0.0,0,0.0,0,0.0,0,0.0,3,25.38
sa_jayatIrtha-nyAyasudhA.htm,239136,81,3.39,35,1.46,856,35.8,13,0.54,346,14.47
sypadatu.htm,7760,8,10.31,4,5.15,2,2.58,2,2.58,7,9.02
vinst_su.htm,5894,14,23.75,3,5.09,2,3.39,0,0.0,4,6.79
b03c200.htm,123,0,0.0,0,0.0,0,0.0,0,0.0,0,0.0
b02c013.htm,144,0,0.0,0,0.0,0,0.0,0,0.0,0,0.0
b07c142.htm,101,0,0.0,0,0.0,0,0.0,0,0.0,0,0.0
prasup_u.htm,2078,0,0.0,0,0.0,0,0.0,0,0.0,3,14.44
sa_nAgArjuna-pratItyasamutpAdahRdayakArikA.htm,682,0,0.0,0,0.0,0,0.0,0,0.0,3,43.99
ghers_pu.htm,7156,58,81.05,1,1.4,4,5.59,0,0.0,2,2.79
sa_sarvopakAriNI.htm,1622,3,18.5,0,0.0,0,0.0,0,0.0,7,43.16
sa_azokAvadAna.htm,16381,39,23.81,7,4.27,4,2.44,7,4.27,23,14.04
psp_4u.htm,39232,8,2.04,7,1.78,0,0.0,4,1.02,90,22.94
sa_mAtRkAbhedatantra.htm,8374,12,14.33,3,3.58,6,7.17,1,1.19,5,5.97
bsa0554u.htm,1978,1,5.06,0,0.0,5,25.28,0,0.0,1,5.06
partr_au.htm,876,2,22.83,0,0.0,0,0.0,0,0.0,0,0.0
b05c047.htm,224,1,44.64,0,0.0,0,0.0,0,0.0,0,0.0
sa_bhaTTanArAyaNa-veNIsaMhAra.htm,17701,44,24.86,15,8.47,5,2.82,2,1.13,19,10.73
kausibru.htm,26297,2,0.76,4,1.52,0,0.0,0,0.0,18,6.84
vin3s1pu.htm,68348,76,11.12,13,1.9,0,0.0,0,0.0,75,10.97
sa_ratnamAlAvadAna.htm,134963,50,3.7,46,3.41,80,5.93,0,0.0,61,4.52
jgrasg1u.htm,11988,2,1.67,3,2.5,28,23.36,3,2.5,33,27.53
b13c002.htm,200,0,0.0,0,0.0,0,0.0,0,0.0,0,0.0
b12c211.htm,104,0,0.0,0,0.0,0,0.0,0,0.0,0,0.0
b13c016.htm,164,0,0.0,1,60.98,0,0.0,0,0.0,0,0.0
yamak_2ou.htm,61004,0,0.0,0,0.0,0,0.0,0,0.0,0,0.0
b03c002.htm,178,1,56.18,0,0.0,0,0.0,0,0.0,0,0.0
sa_nAgArjuna-bodhicittavivaraNa-fragments.htm,661,0,0.0,0,0.0,0,0.0,0,0.0,0,0.0
yamis_au.htm,1774,0,0.0,0,0.0,9,50.73,0,0.0,5,28.18
dhoypavu.htm,1408,0,0.0,3,21.31,1,7.1,0,0.0,3,21.31
utipk_iu.htm,2934,4,13.63,0,0.0,2,6.82,0,0.0,3,10.22
psp_6-8u.htm,33918,12,3.54,1,0.29,1,0.29,0,0.0,70,20.64
tsc_bhau.htm,4453,2,4.49,5,11.23,2,4.49,0,0.0,30,67.37
sa_yAmuna-saMvitsiddhi.htm,6396,4,6.25,0,0.0,0,0.0,0,0.0,10,15.63
b05c127.htm,115,0,0.0,0,0.0,0,0.0,0,0.0,0,0.0
nitrrk_u.htm,52951,28,5.29,35,6.61,15,2.83,0,0.0,20,3.78
antarkau.htm,1951,0,0.0,0,0.0,3,15.38,0,0.0,2,10.25
sa_jagannAtha-prANAbharaNa-comm.htm,2188,4,18.28,0,0.0,0,0.0,0,0.0,3,13.71
sa_abhinavagupta-bhairavastava.htm,667,0,0.0,1,14.99,0,0.0,0,0.0,0,0.0
jyopancu.htm,5423,6,11.06,8,14.75,2,3.69,0,0.0,5,9.22
sa_pratItyasamutpAdamahAyAnasUtra.htm,806,0,0.0,0,0.0,0,0.0,0,0.0,0,0.0
bsu015_u.htm,932,1,10.73,0,0.0,0,0.0,0,0.0,0,0.0
b06c033.htm,128,0,0.0,0,0.0,0,0.0,0,0.0,0,0.0
bsu050_u.htm,852,0,0.0,0,0.0,0,0.0,0,0.0,0,0.0
msudarsu.htm,2945,4,13.58,0,0.0,0,0.0,0,0.0,7,23.77
sa_govindkaul-pradezasaMgraha.htm,10598,7,6.61,45,42.46,0,0.0,0,0.0,20,18.87
sa_jiva-gosvami-satsamdarbha.htm,217978,187,8.58,90,4.13,161,7.39,21,0.96,472,21.65
yamak_1pu.htm,97078,0,0.0,0,0.0,0,0.0,0,0.0,0,0.0
b03c176.htm,109,0,0.0,0,0.0,0,0.0,0,0.0,0,0.0
sanss09u.htm,1895,3,15.83,1,5.28,1,5.28,0,0.0,2,10.55
vmvkbh_u.htm,7324,0,0.0,0,0.0,5,6.83,0,0.0,40,54.61
rv_hn10u.htm,36126,1,0.28,5,1.38,4,1.11,0,0.0,15,4.15
mbh_04_u.htm,65551,64,9.76,13,1.98,18,2.75,0,0.0,38,5.8
ss4_krsu.htm,42421,43,10.14,32,7.54,21,4.95,8,1.89,86,20.27
jatak5pu.htm,114097,80,7.01,54,4.73,3,0.26,4,0.35,139,12.18
brsgor1u.htm,34259,23,6.71,4,1.17,41,11.97,0,0.0,89,25.98
sa_AdyanAtha-anuttaraprakAzapaJcAzikA.htm,1146,0,0.0,0,0.0,0,0.0,0,0.0,1,8.73
jaycndpu.htm,4370,4,9.15,0,0.0,2,4.58,0,0.0,4,9.15
mbhx_44.htm,3866,0,0.0,0,0.0,0,0.0,0,0.0,0,0.0
vrasrscu.htm,42320,16,3.78,17,4.02,14,3.31,1,0.24,66,15.6
sa_paJcaviMzatisAhasrikA-prajJApAramitA1.htm,83031,31,3.73,18,2.17,1,0.12,0,0.0,128,15.42
sa_bAdarAyaNa-brahmasUtra.htm,3932,0,0.0,0,0.0,0,0.0,0,0.0,4,10.17
sa_vasubandhu-trisvabhAvanirdeza.htm,1025,0,0.0,0,0.0,0,0.0,0,0.0,1,9.76
maitrs_pu.htm,124397,1,0.08,30,2.41,1,0.08,0,0.0,47,3.78
sa_dharmakIrti-pramANavArttisvavRtti.htm,39775,1,0.25,3,0.75,95,23.88,0,0.0,67,16.84
prakp02u.htm,939,0,0.0,0,0.0,1,10.65,0,0.0,1,10.65
dhvajkdu.htm,747,0,0.0,1,13.39,0,0.0,0,0.0,0,0.0
b07c022.htm,136,2,147.06,0,0.0,0,0.0,0,0.0,0,0.0
yaskacsu.htm,1251,1,7.99,0,0.0,1,7.99,0,0.0,4,31.97
balava_u.htm,10503,6,5.71,1,0.95,1,0.95,0,0.0,20,19.04
sa_sArdhatrizatikAlottarAgama.htm,4523,10,22.11,0,0.0,2,4.42,0,0.0,5,11.05
b12c173.htm,112,0,0.0,0,0.0,0,0.0,0,0.0,0,0.0
rasarniu.htm,18943,10,5.28,13,6.86,3,1.58,0,0.0,11,5.81
sa_gopathabrAhmaNa.htm,39157,6,1.53,0,0.0,0,0.0,0,0.0,21,5.36
danddk2u.htm,8437,1,1.19,2,2.37,6,7.11,0,0.0,10,11.85
bsu031_u.htm,2406,0,0.0,6,24.94,0,0.0,0,0.0,5,20.78
agp_bi_u.htm,162967,381,23.38,164,10.06,50,3.07,16,0.98,178,10.92
b01c099.htm,115,0,0.0,0,0.0,0,0.0,0,0.0,0,0.0
satyas_tu.htm,431,0,0.0,0,0.0,0,0.0,0,0.0,0,0.0
suksaptu.htm,18783,1,0.53,5,2.66,8,4.26,1,0.53,23,12.25
sa_jagannAthapaNDitarAja-rasagaGgAdhara-1.htm,12297,2,1.63,3,2.44,28,22.77,3,2.44,33,26.84
avs___u.htm,108595,4,0.37,10,0.92,2,0.18,0,0.0,90,8.29
mbhx_45.htm,36181,0,0.0,1,0.28,9,2.49,0,0.0,0,0.0
sa_jayarAzi-tattvopaplavasiMha.htm,21401,0,0.0,4,1.87,44,20.56,0,0.0,45,21.03
rasadh_u.htm,15188,0,0.0,2,1.32,0,0.0,0,0.0,8,5.27
sa_saMghATasUtra-alt.htm,18079,14,7.74,0,0.0,1,0.55,0,0.0,26,14.38
narsippu.htm,56443,75,13.29,35,6.2,7,1.24,0,0.0,41,7.26
brssbh2u.htm,26022,5,1.92,7,2.69,22,8.45,2,0.77,61,23.44
bores_u.htm,421321,184,4.37,112,2.66,97,2.3,5,0.12,138,3.28
bhg4c03u.htm,15134,3,1.98,2,1.32,28,18.5,0,0.0,27,17.84
jaimigsu.htm,4891,4,8.18,1,2.04,0,0.0,0,0.0,1,2.04
sa_pratItyasamutpAdAdivibhaGganirdezasUtra.htm,1033,0,0.0,0,0.0,0,0.0,0,0.0,2,19.36
sa_carmavastu.htm,8839,5,5.66,5,5.66,0,0.0,0,0.0,15,16.97
sa_samyaksaMbuddhabhASitaM-pratimAlakSaNam.htm,1315,2,15.21,2,15.21,0,0.0,0,0.0,1,7.6
skp031au.htm,28062,16,5.7,41,14.61,2,0.71,0,0.0,42,14.97
mamkpb_u.htm,21600,8,3.7,9,4.17,18,8.33,1,0.46,45,20.83
vakyp_su.htm,16141,1,0.62,0,0.0,35,21.68,1,0.62,15,9.29
b03c163.htm,120,0,0.0,0,0.0,0,0.0,0,0.0,0,0.0
adhsatpu.htm,1726,5,28.97,0,0.0,0,0.0,0,0.0,1,5.79
sa_dharmakIrti-nyAyabindu.htm,2813,3,10.66,0,0.0,19,67.54,0,0.0,6,21.33
ghers__u.htm,5413,52,96.07,1,1.85,4,7.39,0,0.0,5,9.24
sa_ajitasenavyAkaraNa.htm,5083,8,15.74,0,0.0,0,0.0,0,0.0,5,9.84
sa_maNDanamizra-vibhramaviveka.htm,2569,1,3.89,0,0.0,6,23.36,0,0.0,4,15.57
tbimbk_u.htm,995,0,0.0,0,0.0,0,0.0,0,0.0,3,30.15
sa_dhoyI-pavanadUta.htm,1680,0,0.0,3,17.86,1,5.95,0,0.0,3,17.86
sa_SimAnanda-sAMkhyatattvavivecana.htm,5230,2,3.82,3,5.74,0,0.0,2,3.82,22,42.07
dhkpvsvu.htm,39522,1,0.25,3,0.76,95,24.04,0,0.0,67,16.95
bsu028pu.htm,7275,0,0.0,6,8.25,1,1.37,0,0.0,4,5.5
sa_kumArila-mImAMsazlokavArttika-comm.htm,37411,11,2.94,0,0.0,75,20.05,0,0.0,59,15.77
b05c126.htm,105,0,0.0,0,0.0,0,0.0,0,0.0,0,0.0
pm120a_u.htm,899,0,0.0,0,0.0,0,0.0,0,0.0,0,0.0
rvpp_08u.htm,48528,1,0.21,1,0.21,2,0.41,0,0.0,14,2.88
sspp2_3u.htm,47127,0,0.0,3,0.64,0,0.0,0,0.0,0,0.0
chkacsnu.htm,60285,23,3.82,25,4.15,23,3.82,0,0.0,104,17.25
sa_bhaTTanArAyaNa-stavacintAmaNi.htm,3236,0,0.0,0,0.0,0,0.0,0,0.0,0,0.0
pm190__u.htm,6185,0,0.0,0,0.0,0,0.0,8,12.93,2,3.23
udnyku4u.htm,1915,0,0.0,0,0.0,1,5.22,0,0.0,3,15.67
nagdhdbu.htm,590,0,0.0,0,0.0,0,0.0,0,0.0,0,0.0
jsbh3-1u.htm,9028,9,9.97,3,3.32,92,101.91,0,0.0,35,38.77
pm090__u.htm,3277,0,0.0,0,0.0,0,0.0,8,24.41,0,0.0
b03c188.htm,203,0,0.0,0,0.0,0,0.0,0,0.0,0,0.0
dhandasu.htm,3735,3,8.03,5,13.39,1,2.68,1,2.68,4,10.71
sb_01_u.htm,18746,3,1.6,3,1.6,0,0.0,0,0.0,8,4.27
dhksparu.htm,1021,0,0.0,0,0.0,0,0.0,0,0.0,0,0.0
vidsripu.htm,41452,39,9.41,32,7.72,9,2.17,7,1.69,31,7.48
yajn2piu.htm,15293,12,7.85,4,2.62,2,1.31,4,2.62,17,11.12
bhakirxu.htm,9909,20,20.18,10,10.09,17,17.16,0,0.0,21,21.19
b13c017.htm,357,4,112.04,1,28.01,0,0.0,0,0.0,0,0.0
sa_pataJjali-vyAkaraNamahAbhASya.htm,497078,27,0.54,30,0.6,84,1.69,10,0.2,215,4.33
sa_vijJAnabhairava.htm,2903,1,3.44,0,0.0,2,6.89,0,0.0,5,17.22
sa_bhavasaMkrAntisUtra.htm,1086,0,0.0,2,18.42,0,0.0,0,0.0,1,9.21
sa_zivamahimnastava.htm,2728,2,7.33,0,0.0,2,7.33,2,7.33,2,7.33
rv_04_u.htm,10927,0,0.0,2,1.83,0,0.0,0,0.0,4,3.66
appvairu.htm,1720,0,0.0,0,0.0,1,5.81,0,0.0,0,0.0
mjnya04u.htm,8631,7,8.11,5,5.79,14,16.22,0,0.0,9,10.43
pwk_u.htm,1618027,638,3.94,552,3.41,152,0.94,81,0.5,528,3.26
sa_rUpagosvAmin-padyAvalI.htm,10173,6,5.9,23,22.61,5,4.91,3,2.95,5,4.91
sa_AdizeSa-paramArthasAra.htm,1703,0,0.0,2,11.74,1,5.87,0,0.0,3,17.62
sa_siddhasenamahAmati-nyAyAvatAra-comm.htm,17496,4,2.29,0,0.0,54,30.86,0,0.0,37,21.15
sa_pANini-aSTAdhyAyI.htm,21711,3,1.38,3,1.38,0,0.0,1,0.46,9,4.15
sa_adhikaraNavastu.htm,11233,10,8.9,0,0.0,0,0.0,0,0.0,18,16.02
bsa013_u.htm,939,2,21.3,0,0.0,0,0.0,0,0.0,4,42.6
sa_prajJAkaramati-bodhicaryAvatArapaJjikA.htm,64694,35,5.41,23,3.56,32,4.95,7,1.08,185,28.6
b08c065.htm,102,0,0.0,0,0.0,0,0.0,0,0.0,0,0.0
sa_mRtyuvaJcanopadezatArAsAdhana.htm,771,0,0.0,0,0.0,4,51.88,0,0.0,0,0.0
ram_02au.htm,56621,40,7.06,14,2.47,2,0.35,3,0.53,26,4.59
raggancu.htm,1255,8,63.75,2,15.94,0,0.0,0,0.0,3,23.9
milind1u.htm,78929,99,12.54,17,2.15,1,0.13,3,0.38,106,13.43
vinv16_u.htm,11007,9,8.18,0,0.0,0,0.0,0,0.0,18,16.35
sa_samantabhadra-AptamImAMsA.htm,1820,1,5.49,0,0.0,3,16.48,0,0.0,2,10.99
sa_atiza-bodhipathapradIpa.htm,1444,0,0.0,0,0.0,0,0.0,0,0.0,0,0.0
mimsvtku.htm,131495,20,1.52,7,0.53,297,22.59,1,0.08,192,14.6
manjnspu.htm,2302,4,17.38,2,8.69,0,0.0,0,0.0,6,26.06
b07c157.htm,101,0,0.0,0,0.0,0,0.0,0,0.0,0,0.0
sa_tarkarahasya.htm,17661,1,0.57,1,0.57,35,19.82,0,0.0,44,24.91
sa_dAmodaragupta-kuTTanImata.htm,13890,15,10.8,7,5.04,15,10.8,3,2.16,19,13.68
sa_nAgArjuna-vigrahavyAvartanI.htm,6541,0,0.0,0,0.0,7,10.7,0,0.0,13,19.87
sa_bhaktivinoda-harinAmacintAmaNi.htm,16665,5,3.0,11,6.6,17,10.2,0,0.0,6,3.6
ksbhm13u.htm,24452,23,9.41,6,2.45,9,3.68,5,2.04,23,9.41
pm082__u.htm,14170,1,0.71,0,0.0,0,0.0,46,32.46,1,0.71
brupsb_u.htm,86607,69,7.97,41,4.73,225,25.98,1,0.12,232,26.79
b14c057.htm,131,0,0.0,0,0.0,0,0.0,0,0.0,0,0.0
bsu049_u.htm,72641,35,4.82,11,1.51,0,0.0,2,0.28,222,30.56
tatjna_u.htm,12928,12,9.28,1,0.77,22,17.02,0,0.0,32,24.75
bhg4c15u.htm,7556,4,5.29,0,0.0,11,14.56,0,0.0,15,19.85
jataka6u.htm,43844,14,3.19,11,2.51,3,0.68,2,0.46,45,10.26
sa_guNakAraNDavyUhasUtra.htm,45294,36,7.95,8,1.77,79,17.44,2,0.44,43,9.49
vtrksopu.htm,5836,1,1.71,0,0.0,32,54.83,0,0.0,12,20.56
pm182__u.htm,15439,0,0.0,0,0.0,0,0.0,11,7.12,1,0.65
suvrnavu.htm,17452,40,22.92,7,4.01,1,0.57,0,0.0,43,24.64
sa_vidyAkara-subhASitaratnakoza.htm,40120,39,9.72,25,6.23,10,2.49,8,1.99,30,7.48
b09c060.htm,142,0,0.0,0,0.0,0,0.0,0,0.0,0,0.0
sa_azvaghoSa-saundarAnanda-edmatsunami.htm,19771,17,8.6,7,3.54,5,2.53,0,0.0,26,13.15
sa_garuDapurANa.htm,174039,271,15.57,113,6.49,35,2.01,6,0.34,192,11.03
sa_vAmana-kAvyAlaMkArasUtra-alt.htm,2387,0,0.0,0,0.0,0,0.0,0,0.0,0,0.0
sa_varAhamihira-bRhatsaMhitA.htm,40294,60,14.89,40,9.93,10,2.48,6,1.49,53,13.15
sanssr_pu.htm,55037,59,10.72,24,4.36,7,1.27,15,2.73,125,22.71
pm055__u.htm,1961,0,0.0,0,0.0,0,0.0,4,20.4,0,0.0
pm155__u.htm,3617,0,0.0,0,0.0,0,0.0,5,13.82,2,5.53
bsa011_u.htm,1014,0,0.0,0,0.0,0,0.0,0,0.0,0,0.0
b01c110.htm,106,0,0.0,0,0.0,0,0.0,0,0.0,0,0.0
dbsu1-4u.htm,2826,2,7.08,0,0.0,0,0.0,0,0.0,30,106.16
todaltau.htm,6668,18,26.99,0,0.0,0,0.0,0,0.0,10,15.0
bsa054_u.htm,64420,35,5.43,23,3.57,32,4.97,7,1.09,185,28.72
b09c062.htm,160,0,0.0,0,0.0,0,0.0,0,0.0,0,0.0
sa_zAlikanAthamizra-prakaraNapaJcikA-comm.htm,31485,3,0.95,2,0.64,89,28.27,0,0.0,133,42.24
msbh1-7u.htm,144690,13,0.9,23,1.59,85,5.87,0,0.0,159,10.99
vinv14_u.htm,2045,0,0.0,0,0.0,0,0.0,0,0.0,0,0.0
b12c038.htm,106,0,0.0,0,0.0,0,0.0,0,0.0,0,0.0
sanss13u.htm,2114,0,0.0,2,9.46,0,0.0,0,0.0,4,18.92
pm028__u.htm,9212,0,0.0,0,0.0,0,0.0,20,21.71,1,1.09
pm111-2u.htm,6748,0,0.0,0,0.0,0,0.0,2,2.96,0,0.0
pm128__u.htm,8633,0,0.0,0,0.0,0,0.0,245,283.79,2,2.32
sa_revAkhANDa-of-the-vAyupurANa-rkv.htm,113655,83,7.3,32,2.82,27,2.38,3,0.26,200,17.6
b07c169.htm,133,0,0.0,0,0.0,0,0.0,0,0.0,0,0.0
b07c141.htm,132,0,0.0,0,0.0,0,0.0,0,0.0,0,0.0
visa02cu.htm,8384,2,2.39,0,0.0,5,5.96,0,0.0,11,13.12
dighan3u.htm,69892,40,5.72,12,1.72,0,0.0,0,0.0,157,22.46
b03c203.htm,117,0,0.0,0,0.0,0,0.0,0,0.0,0,0.0
sa_vAmanadatta-dvayasaMpattivArttika.htm,765,2,26.14,0,0.0,0,0.0,0,0.0,1,13.07
bhakirau.htm,19629,20,10.19,10,5.09,18,9.17,0,0.0,21,10.7
rv_06_u.htm,11967,0,0.0,1,0.84,0,0.0,0,0.0,6,5.01
sa_uddaNDa-kokilasaMdesa.htm,3497,5,14.3,3,8.58,1,2.86,0,0.0,3,8.58
sa_yuktidIpikA.htm,36574,7,1.91,10,2.73,71,19.41,4,1.09,123,33.63
vibhanou.htm,102250,28,2.74,1,0.1,0,0.0,0,0.0,112,10.95
sa_vizvantarAvadAna.htm,3328,2,6.01,0,0.0,0,0.0,1,3.0,4,12.02
abhidh_u.htm,40402,38,9.41,13,3.22,7,1.73,9,2.23,32,7.92
sa_amoghapAzahRdayasUtra-mz.htm,2516,5,19.87,1,3.97,0,0.0,0,0.0,2,7.95
b15c044.htm,115,0,0.0,0,0.0,0,0.0,0,0.0,0,0.0
sa_mammaTa-zabdavyApAravicAra.htm,2558,0,0.0,0,0.0,0,0.0,0,0.0,5,19.55
b05c050.htm,129,0,0.0,0,0.0,0,0.0,0,0.0,0,0.0
sa_mahAzItavatI-vidyArAjJI.htm,1305,0,0.0,0,0.0,0,0.0,0,0.0,4,30.65
bhcarr_pu.htm,29126,53,18.2,91,31.24,20,6.87,6,2.06,58,19.91
sa_vidyAkarazAnti-tarkasopAna.htm,6141,1,1.63,0,0.0,32,52.11,0,0.0,12,19.54
b03c001.htm,102,0,0.0,0,0.0,0,0.0,0,0.0,0,0.0
pm036__u.htm,7245,0,0.0,0,0.0,0,0.0,11,15.18,0,0.0
ta-sa_periyavaccanpillai-perumaltiromolivyAkhyAnam.htm,18217,9,4.94,4,2.2,2,1.1,31,17.02,11,6.04
b13c015.htm,116,0,0.0,0,0.0,0,0.0,0,0.0,0,0.0
sa_vajracchedikA-prajJApAramitA-gilgit.htm,2764,0,0.0,0,0.0,0,0.0,0,0.0,5,18.09
b05c093.htm,133,0,0.0,0,0.0,0,0.0,0,0.0,0,0.0
b13c001.htm,187,0,0.0,0,0.0,0,0.0,0,0.0,0,0.0
sa_kAtyAyanasmRti.htm,29154,22,7.55,1,0.34,16,5.49,0,0.0,17,5.83
b12c212.htm,114,0,0.0,0,0.0,0,0.0,0,0.0,0,0.0
manjnsiu.htm,2182,4,18.33,2,9.17,0,0.0,0,0.0,6,27.5
gangtciu.htm,18652,15,8.04,1,0.54,279,149.58,0,0.0,18,9.65
sa_zAlinAtha-rasamaJjarI.htm,12560,7,5.57,9,7.17,1,0.8,0,0.0,6,4.78
gret_utfbk.htm,24766,15,6.06,8,3.23,0,0.0,0,0.0,0,0.0
hpriydpu.htm,10815,16,14.79,4,3.7,2,1.85,1,0.92,6,5.55
sa_kSemendra-garbhAvakrAntyavadAna.htm,1157,1,8.64,0,0.0,0,0.0,0,0.0,3,25.93
sa_asaGga-trizatikAyAH-prajJApAramitAyAH-kArikAsaptatiH.htm,1647,0,0.0,0,0.0,1,6.07,0,0.0,4,24.29
sa_vINAzikhatantra.htm,5513,14,25.39,3,5.44,2,3.63,0,0.0,5,9.07
pm047__u.htm,2254,0,0.0,0,0.0,0,0.0,1,4.44,0,0.0
sa_vajravidAraNIdhAraNI.htm,911,0,0.0,2,21.95,2,21.95,0,0.0,1,10.98
mrgt1mpu.htm,5904,2,3.39,2,3.39,6,10.16,0,0.0,20,33.88
knavslou.htm,490,0,0.0,0,0.0,0,0.0,0,0.0,2,40.82
bijaganu.htm,3247,1,3.08,3,9.24,0,0.0,0,0.0,0,0.0
narsipiu.htm,52482,69,13.15,26,4.95,7,1.33,0,0.0,39,7.43
abhiprvu.htm,33858,60,17.72,3,0.89,15,4.43,2,0.59,114,33.67
sa_dIpaMkarazrIjJAna-sUtrArthasamuccayopadeza.htm,1119,0,0.0,1,8.94,0,0.0,0,0.0,0,0.0
b03c149.htm,114,0,0.0,0,0.0,1,87.72,0,0.0,0,0.0
sa_brahmabindUpaniSad.htm,881,1,11.35,0,0.0,0,0.0,0,0.0,0,0.0
tulrcm7u.htm,20380,15,7.36,1,0.49,8,3.93,4,1.96,5,2.45
bsu033_u.htm,7876,8,10.16,2,2.54,0,0.0,0,0.0,5,6.35
b06c024.htm,157,0,0.0,0,0.0,0,0.0,0,0.0,0,0.0
vidsriiu.htm,44621,38,8.52,32,7.17,9,2.02,7,1.57,29,6.5
sa_ratnakIrti-nibandhAvalI.htm,29450,16,5.43,0,0.0,176,59.76,0,0.0,70,23.77
sa_IzopaniSad-or-IzAvAsyopaniSadkANva-recension-comm.htm,2902,8,27.57,0,0.0,3,10.34,0,0.0,4,13.78
b01c058.htm,115,1,86.96,0,0.0,0,0.0,0,0.0,0,0.0
sb_03_u.htm,19373,2,1.03,6,3.1,0,0.0,0,0.0,5,2.58
sa_mAdhava-jaiminIyanyAyamAlAvistara.htm,49041,8,1.63,16,3.26,75,15.29,0,0.0,44,8.97
sa_IzvarakRSNa-sAMkhyakArikA-alt.htm,1642,0,0.0,1,6.09,0,0.0,1,6.09,2,12.18
jna1-16u.htm,119078,31,2.6,42,3.53,24,2.02,9,0.76,105,8.82
sa_nAgeza-paribhASenduzekhara.htm,11389,0,0.0,4,3.51,5,4.39,0,0.0,14,12.29
bhp_03u.htm,20295,33,16.26,7,3.45,2,0.99,0,0.0,33,16.26
pm159__u.htm,4884,0,0.0,0,0.0,0,0.0,23,47.09,0,0.0
klpdraau.htm,8759,0,0.0,0,0.0,5,5.71,2,2.28,14,15.98
sa_nAdabindUpaniSad.htm,845,0,0.0,0,0.0,0,0.0,0,0.0,0,0.0
b01c070.htm,103,0,0.0,0,0.0,0,0.0,0,0.0,0,0.0
ksyadndu.htm,599,6,100.17,1,16.69,0,0.0,0,0.0,4,66.78
mkp1-93u.htm,62692,46,7.34,24,3.83,11,1.75,22,3.51,84,13.4
pm059__u.htm,3808,0,0.0,0,0.0,0,0.0,4,10.5,0,0.0
bsu028iu.htm,7018,0,0.0,6,8.55,1,1.42,0,0.0,4,5.7
b07c009.htm,157,0,0.0,0,0.0,0,0.0,0,0.0,0,0.0
mbhx_47.htm,571,0,0.0,0,0.0,0,0.0,0,0.0,0,0.0
sanss05u.htm,3039,4,13.16,1,3.29,0,0.0,1,3.29,1,3.29
sa_nAradasmRti.htm,26742,32,11.97,4,1.5,8,2.99,6,2.24,18,6.73
psp_2-3u.htm,37245,12,3.22,4,1.07,0,0.0,2,0.54,24,6.44
sa_suvikrAntavikrAmiparipRcchA.htm,20276,1,0.49,6,2.96,1,0.49,1,0.49,59,29.1
sa_viSNudharma.htm,51802,43,8.3,11,2.12,20,3.86,4,0.77,105,20.27
yamcatpu.htm,384,1,26.04,0,0.0,0,0.0,0,0.0,0,0.0
bsa069_u.htm,5637,0,0.0,0,0.0,8,14.19,0,0.0,1,1.77
mprsvdhu.htm,1641,2,12.19,15,91.41,0,0.0,0,0.0,1,6.09
acknowledgements.htm,154,0,0.0,0,0.0,0,0.0,0,0.0,0,0.0
pm124__u.htm,29025,0,0.0,0,0.0,0,0.0,63,21.71,4,1.38
pm024__u.htm,2374,0,0.0,0,0.0,0,0.0,5,21.06,0,0.0
bsu017_u.htm,636,0,0.0,1,15.72,0,0.0,0,0.0,0,0.0
b07c020.htm,115,0,0.0,0,0.0,0,0.0,0,0.0,0,0.0
bsu052_u.htm,3766,0,0.0,0,0.0,0,0.0,0,0.0,32,84.97
b12c171.htm,131,0,0.0,0,0.0,0,0.0,0,0.0,0,0.0
brhajj_u.htm,1196,7,58.53,22,183.95,0,0.0,0,0.0,3,25.08
pm009-4u.htm,5462,0,0.0,0,0.0,0,0.0,4,7.32,3,5.49
buddhavu.htm,17708,51,28.8,6,3.39,0,0.0,0,0.0,95,53.65
mbhx_46.htm,19723,1,0.51,2,1.01,0,0.0,0,0.0,0,0.0
nysu__4u.htm,19863,18,9.06,1,0.5,35,17.62,8,4.03,28,14.1
b12c159.htm,166,0,0.0,0,0.0,0,0.0,0,0.0,0,0.0
pm171__u.htm,1296,0,0.0,0,0.0,0,0.0,0,0.0,0,0.0
sa_toDalatantra.htm,5276,18,34.12,0,0.0,0,0.0,0,0.0,10,18.95
durdhpru.htm,82831,16,1.93,0,0.0,321,38.75,0,0.0,139,16.78
pm071__u.htm,3841,0,0.0,0,0.0,0,0.0,3,7.81,0,0.0
abhnispu.htm,1000,10,100.0,0,0.0,0,0.0,0,0.0,1,10.0
b01c071.htm,145,0,0.0,0,0.0,0,0.0,0,0.0,0,0.0
antarkxu.htm,1900,0,0.0,0,0.0,6,31.58,0,0.0,2,10.53
gorst2au.htm,2270,10,44.05,1,4.41,0,0.0,0,0.0,1,4.41
sa_saMyuktAgama-966-972-according-to-the-chinese-canon.htm,3561,15,42.12,11,30.89,0,0.0,0,0.0,15,42.12
sa_suvarNaprabhAsasUtra.htm,17384,32,18.41,5,2.88,2,1.15,0,0.0,29,16.68
ksbhm09u.htm,1150,1,8.7,1,8.7,0,0.0,0,0.0,1,8.7
utipk_pu.htm,6496,9,13.85,0,0.0,3,4.62,0,0.0,23,35.41
sa_larger-prajJApAramitA-edchoong.htm,2685,0,0.0,0,0.0,0,0.0,0,0.0,0,0.0
sa_bhAsarvajJa-gaNakArikA-1-comm.htm,6626,3,4.53,2,3.02,4,6.04,1,1.51,17,25.66
b01c059.htm,121,0,0.0,0,0.0,0,0.0,0,0.0,0,0.0
rasarnpu.htm,19206,10,5.21,13,6.77,4,2.08,0,0.0,11,5.73
sa_vAmanapurANa1-69.htm,66720,84,12.59,59,8.84,10,1.5,0,0.0,61,9.14
bsa008_u.htm,495,0,0.0,0,0.0,0,0.0,0,0.0,1,20.2
rvpp_04u.htm,21227,0,0.0,2,0.94,0,0.0,0,0.0,5,2.36
svact_au.htm,55081,140,25.42,31,5.63,9,1.63,0,0.0,56,10.17
sa_narahari-bodhasAra.htm,19945,19,9.53,4,2.01,29,14.54,2,1.0,20,10.03
ratnml_u.htm,134680,50,3.71,46,3.42,80,5.94,0,0.0,61,4.53
khuddaku.htm,2007,2,9.97,0,0.0,0,0.0,0,0.0,6,29.9
jaycndiu.htm,4460,4,8.97,0,0.0,2,4.48,0,0.0,4,8.97
pm112__u.htm,3287,0,0.0,0,0.0,0,0.0,4,12.17,0,0.0
sa_svAgatasUtra.htm,860,0,0.0,0,0.0,0,0.0,0,0.0,0,0.0
brupsb2u.htm,13839,9,6.5,20,14.45,39,28.18,0,0.0,61,44.08
sa_dharmakIrti-saMbandhaparIkSA-comm.htm,1618,0,0.0,0,0.0,0,0.0,0,0.0,1,6.18
mbh_06_u.htm,86298,82,9.5,11,1.27,21,2.43,1,0.12,94,10.89
nagmyv_u.htm,745,0,0.0,0,0.0,0,0.0,0,0.0,1,13.42
kestprau.htm,1126,0,0.0,0,0.0,0,0.0,0,0.0,5,44.4
sa_azvaghoSa-saundarAnanda.htm,16989,17,10.01,7,4.12,6,3.53,0,0.0,24,14.13
skdss_u.htm,2692838,3426,12.72,2127,7.9,795,2.95,281,1.04,2523,9.37
b05c092.htm,113,0,0.0,0,0.0,0,0.0,0,0.0,0,0.0
jithetuu.htm,2131,0,0.0,0,0.0,25,117.32,0,0.0,3,14.08
sa_nidAnasaMyukta.htm,11208,5,4.46,3,2.68,0,0.0,0,0.0,140,124.91
b13c014.htm,434,1,23.04,0,0.0,0,0.0,0,0.0,0,0.0
pm063__u.htm,1567,0,0.0,0,0.0,0,0.0,2,12.76,0,0.0
rasadhiu.htm,4533,0,0.0,0,0.0,0,0.0,0,0.0,3,6.62
pm163__u.htm,2313,0,0.0,0,0.0,0,0.0,9,38.91,0,0.0
gorst_iu.htm,3725,16,42.95,4,10.74,0,0.0,0,0.0,1,2.68
sa_jJAnAmRtasArasaMhitA.htm,15954,30,18.8,15,9.4,4,2.51,0,0.0,11,6.89
bhrgus_u.htm,69550,236,33.93,45,6.47,17,2.44,19,2.73,91,13.08
bsa035_u.htm,747,0,0.0,1,13.39,0,0.0,0,0.0,0,0.0
sa_yAmuna-saMvitsiddhi-comm.htm,10917,3,2.75,1,0.92,5,4.58,0,0.0,30,27.48
sa_rUpagosvAmin-ujjvalanIlamaNi.htm,27684,16,5.78,41,14.81,7,2.53,5,1.81,7,2.53
bsa070_u.htm,4384,0,0.0,0,0.0,4,9.12,0,0.0,5,11.41
jatak4ou.htm,145047,62,4.27,43,2.96,2,0.14,40,2.76,133,9.17
sa_vasubandhu-triMzikAvijJaptikArikA-comm.htm,7784,2,2.57,0,0.0,1,1.28,0,0.0,12,15.42
b08c066.htm,142,0,0.0,0,0.0,0,0.0,0,0.0,0,0.0
b15c045.htm,101,0,0.0,0,0.0,0,0.0,0,0.0,0,0.0
jssivpau.htm,1140,3,26.32,0,0.0,0,0.0,0,0.0,3,26.32
svagata_pu.htm,605,0,0.0,0,0.0,0,0.0,0,0.0,0,0.0
b02c005.htm,248,0,0.0,0,0.0,0,0.0,0,0.0,0,0.0
b07c154.htm,140,0,0.0,0,0.0,0,0.0,0,0.0,0,0.0
svabhupu.htm,23565,23,9.76,7,2.97,36,15.28,0,0.0,18,7.64
sa_mahendravarman-i-mattavilAsaprahasana.htm,5383,1,1.86,4,7.43,0,0.0,2,3.72,5,9.29
b02c011.htm,158,0,0.0,1,63.29,1,63.29,0,0.0,0,0.0
sa_nairAtmyaparipRcchAmahAyAnasUtra.htm,1291,0,0.0,0,0.0,2,15.49,0,0.0,2,15.49
bst-108u.htm,35628,156,43.79,26,7.3,16,4.49,2,0.56,73,20.49
b12c039.htm,110,0,0.0,0,0.0,0,0.0,0,0.0,0,0.0
kedvratu.htm,2233,0,0.0,2,8.96,0,0.0,0,0.0,3,13.43
partrvpu.htm,18643,19,10.19,1,0.54,30,16.09,0,0.0,40,21.46
jonart_au.htm,19534,20,10.24,11,5.63,3,1.54,4,2.05,9,4.61
sa_amRtAkara-catuHstavasamAsArtha.htm,1549,0,0.0,0,0.0,0,0.0,0,0.0,4,25.82
cariyapu.htm,6077,0,0.0,2,3.29,0,0.0,0,0.0,11,18.1
sa_varAhamihira-vivAhapaTala.htm,2015,0,0.0,1,4.96,0,0.0,0,0.0,0,0.0
bardhkcu.htm,13815,0,0.0,0,0.0,1,0.72,0,0.0,2,1.45
sa_gaNapatihRdaydhAraNI.htm,857,0,0.0,4,46.67,1,11.67,0,0.0,0,0.0
ajm_u.htm,18129,14,7.72,5,2.76,30,16.55,0,0.0,35,19.31
sa_sukhAvatIvyUhavistaramAtRkA.htm,8100,8,9.88,2,2.47,0,0.0,0,0.0,5,6.17
aptese_u.htm,1095887,339,3.09,195,1.78,132,1.2,21,0.19,242,2.21
mamkpbiu.htm,2610,0,0.0,3,11.49,1,3.83,1,3.83,1,3.83
vin2cuou.htm,79335,259,32.65,21,2.65,0,0.0,0,0.0,122,15.38
sa_zAntideva-bodhicaryAvatAra.htm,11110,6,5.4,4,3.6,5,4.5,3,2.7,13,11.7
theragpu.htm,20974,49,23.36,7,3.34,0,0.0,0,0.0,48,22.89
sa_rUpagosvAmin-haribhaktirasAmRtasindhu.htm,38238,29,7.58,47,12.29,54,14.12,16,4.18,18,4.71
minsmaru.htm,3684,10,27.14,7,19.0,2,5.43,1,2.71,0,0.0
kunvjivu.htm,29928,19,6.35,7,2.34,45,15.04,3,1.0,82,27.4
sa_jayadeva-gItagovinda-alt.htm,6161,4,6.49,6,9.74,5,8.12,1,1.62,2,3.25
nagcitpu.htm,4586,8,17.44,1,2.18,0,0.0,0,0.0,3,6.54
sa_govindabhagavatpAda-rasahRdayatantra-comm.htm,36065,20,5.55,28,7.76,9,2.5,0,0.0,50,13.86
sa_nagnajit-citralakSaNam.htm,4226,8,18.93,1,2.37,0,0.0,0,0.0,3,7.1
jaytupau.htm,10583,0,0.0,2,1.89,22,20.79,0,0.0,22,20.79
sa_gAGgeza-tattvacintAmaNizabdakhANDa.htm,18912,15,7.93,1,0.53,279,147.53,0,0.0,18,9.52
vprevk_u.htm,113387,83,7.32,32,2.82,27,2.38,3,0.26,200,17.64
parakspu.htm,6228,22,35.32,4,6.42,3,4.82,0,0.0,9,14.45
b07c165.htm,272,0,0.0,0,0.0,0,0.0,0,0.0,0,0.0
b07c171.htm,152,0,0.0,0,0.0,0,0.0,0,0.0,0,0.0
lip_1_iu.htm,93666,128,13.67,113,12.06,24,2.56,1,0.11,167,17.83
rv_hn09u.htm,18464,0,0.0,2,1.08,6,3.25,0,0.0,0,0.0
pm111-1u.htm,9208,0,0.0,0,0.0,0,0.0,12,13.03,0,0.0
sa_nIlakaNThadIkSita-kaliviDambana.htm,3276,4,12.21,0,0.0,4,12.21,0,0.0,2,6.11
sa_maJjuzrImUlakalpa.htm,128301,334,26.03,61,4.75,99,7.72,4,0.31,451,35.15
b07c159.htm,111,0,0.0,0,0.0,0,0.0,0,0.0,0,0.0
pm021__u.htm,8567,0,0.0,0,0.0,0,0.0,9,10.51,1,1.17
milindpu.htm,80170,100,12.47,17,2.12,0,0.0,2,0.25,112,13.97
bsa039_u.htm,533,0,0.0,0,0.0,0,0.0,0,0.0,0,0.0
mpratpru.htm,6979,16,22.93,14,20.06,4,5.73,0,0.0,15,21.49
pm121__u.htm,2379,0,0.0,0,0.0,0,0.0,5,21.02,0,0.0
sanss10u.htm,794,0,0.0,1,12.59,0,0.0,1,12.59,0,0.0
samp_1ou.htm,73365,158,21.54,76,10.36,0,0.0,5,0.68,171,23.31
b08c043.htm,171,0,0.0,0,0.0,0,0.0,0,0.0,0,0.0
pm142__u.htm,3466,0,0.0,0,0.0,1,2.89,4,11.54,0,0.0
mwse_u.htm,2817468,1384,4.91,1145,4.06,463,1.64,160,0.57,1336,4.74
b08c057.htm,152,0,0.0,0,0.0,0,0.0,0,0.0,0,0.0
dhnyabpu.htm,31425,15,4.77,0,0.0,176,56.01,0,0.0,64,20.37
b05c048.htm,106,0,0.0,0,0.0,0,0.0,0,0.0,0,0.0
santbciu.htm,12633,6,4.75,4,3.17,5,3.96,3,2.37,13,10.29
sa_mAgha-zizupAlavadha.htm,21147,27,12.77,22,10.4,15,7.09,1,0.47,11,5.2
mrgt4mpu.htm,1091,1,9.17,0,0.0,2,18.33,0,0.0,0,0.0
sa_tantrAkhyAyika-1-2.htm,8439,0,0.0,3,3.55,6,7.11,2,2.37,7,8.29
sa_parAzarasmRti-AcAra-prAyazcitta.htm,18388,11,5.98,10,5.44,0,0.0,34,18.49,6,3.26
isvskaru.htm,3875,0,0.0,3,7.74,0,0.0,2,5.16,5,12.9
b13c031.htm,139,0,0.0,0,0.0,0,0.0,0,0.0,0,0.0
patyogbu.htm,12905,14,10.85,2,1.55,6,4.65,0,0.0,65,50.37
sa_kSemendra-narmamAlA.htm,5427,1,1.84,5,9.21,2,3.69,2,3.69,4,7.37
asmahsuu.htm,31485,16,5.08,8,2.54,8,2.54,0,0.0,71,22.55
hjatm_iu.htm,16815,16,9.52,20,11.89,16,9.52,1,0.59,19,11.3
ksdarpiu.htm,8198,10,12.2,6,7.32,3,3.66,4,4.88,20,24.4
hist.html,6547,2,3.05,7,10.69,0,0.0,0,0.0,0,0.0
majjn3pu.htm,66071,38,5.75,9,1.36,1,0.15,1,0.15,152,23.01
pars1__u.htm,1521,5,32.87,5,32.87,0,0.0,18,118.34,3,19.72
sa_varAhamihira-bRhajjAtaka.htm,1882,7,37.19,22,116.9,0,0.0,0,0.0,3,15.94
sa_kRSNadAsa-bhAvanAsArasaMgraha-1-2.htm,11543,21,18.19,3,2.6,3,2.6,0,0.0,6,5.2
bsu026_u.htm,536,0,0.0,0,0.0,0,0.0,0,0.0,0,0.0
panini_u.htm,12264,1,0.82,5,4.08,0,0.0,1,0.82,4,3.26
samp_2pu.htm,48405,67,13.84,27,5.58,1,0.21,0,0.0,75,15.49
sa_sarvamatasaMgraha.htm,4968,2,4.03,2,4.03,18,36.23,0,0.0,13,26.17
b03c186.htm,280,3,107.14,0,0.0,1,35.71,0,0.0,0,0.0
samapviu.htm,12548,3,2.39,5,3.98,0,0.0,0,0.0,6,4.78
sa_vizvezvarakavicandra-camatkAracandrikA.htm,19784,20,10.11,26,13.14,44,22.24,1,0.51,41,20.72
ganphrdu.htm,605,0,0.0,4,66.12,1,16.53,0,0.0,0,0.0
sa_daNDin-kAvyAdarza-1-2.htm,7290,16,21.95,5,6.86,3,4.12,0,0.0,8,10.97
b05c128.htm,112,0,0.0,0,0.0,0,0.0,0,0.0,0,0.0
pasupsau.htm,1249,0,0.0,0,0.0,0,0.0,0,0.0,2,16.01
sa_mahApratisarAvidyAvidhi.htm,1239,4,32.28,0,0.0,0,0.0,0,0.0,0,0.0
tulrcm4u.htm,4792,0,0.0,1,2.09,1,2.09,1,2.09,0,0.0
sa_viSNupurANa.htm,79925,60,7.51,56,7.01,27,3.38,5,0.63,190,23.77
b13c151.htm,115,0,0.0,0,0.0,0,0.0,0,0.0,0,0.0
pm133__u.htm,4570,0,0.0,0,0.0,0,0.0,4,8.75,0,0.0
sa_fragments-of-prajJApAramitA-texts.htm,15893,3,1.89,0,0.0,0,0.0,1,0.63,17,10.7
sa_parAtriMzikA-comm.htm,18601,19,10.21,1,0.54,30,16.13,0,0.0,40,21.5
b06c028.htm,105,0,0.0,0,0.0,0,0.0,0,0.0,0,0.0
pm150__u.htm,15968,0,0.0,0,0.0,0,0.0,20,12.53,1,0.63
sa_asaGga-mahAyAnasUtrAlaMkAra.htm,31757,16,5.04,8,2.52,8,2.52,0,0.0,71,22.36
pm050__u.htm,1311,0,0.0,0,0.0,0,0.0,2,15.26,0,0.0
vinv01_u.htm,12516,18,14.38,2,1.6,0,0.0,0,0.0,41,32.76
mrtvts_u.htm,392,0,0.0,0,0.0,2,51.02,0,0.0,0,0.0
sutnippu.htm,28659,16,5.58,7,2.44,2,0.7,1,0.35,36,12.56
prmosulu.htm,8189,15,18.32,0,0.0,0,0.0,0,0.0,2,2.44
bsa041_u.htm,440,0,0.0,0,0.0,0,0.0,0,0.0,0,0.0
ram_05_u.htm,33357,32,9.59,38,11.39,4,1.2,0,0.0,17,5.1
bsa004_u.htm,1174,0,0.0,0,0.0,0,0.0,0,0.0,0,0.0
sa_devIgItA.htm,8408,20,23.79,4,4.76,3,3.57,0,0.0,13,15.46
b01c068.htm,170,0,0.0,0,0.0,0,0.0,0,0.0,0,0.0
saddab_u.htm,533,0,0.0,0,0.0,0,0.0,0,0.0,0,0.0
sa_azvaghoSa-buddhacarita.htm,36722,52,14.16,20,5.45,15,4.08,0,0.0,37,10.08
sa_nAradapurANa.htm,198804,294,14.79,147,7.39,97,4.88,12,0.6,236,11.87
angut5pu.htm,71321,32,4.49,7,0.98,0,0.0,0,0.0,177,24.82
therigau.htm,8337,27,32.39,0,0.0,1,1.2,0,0.0,22,26.39
bhikavau.htm,5344,1,1.87,0,0.0,0,0.0,0,0.0,20,37.43
sa_ruyyaka-alaMkArasarvasva-1-34.htm,5988,8,13.36,1,1.67,1,1.67,0,0.0,5,8.35
sanss06u.htm,4401,0,0.0,3,6.82,0,0.0,3,6.82,11,24.99
b12c168.htm,122,0,0.0,0,0.0,0,0.0,0,0.0,0,0.0
astavgiu.htm,5087,5,9.83,4,7.86,2,3.93,0,0.0,9,17.69
skprevku.htm,101078,49,4.85,55,5.44,21,2.08,0,0.0,113,11.18
sa_cakrapANinAtha-bhAvopahArastotra.htm,2998,11,36.69,1,3.34,7,23.35,1,3.34,9,30.02
bijnighu.htm,1296,2,15.43,0,0.0,1,7.72,3,23.15,3,23.15
sa_yamasmRti-182v.htm,3227,4,12.4,2,6.2,0,0.0,0,0.0,2,6.2
msabdvvu.htm,2294,0,0.0,0,0.0,0,0.0,0,0.0,5,21.8
sthtvbhu.htm,7499,2,2.67,0,0.0,1,1.33,0,0.0,12,16.0
vajvidhu.htm,657,0,0.0,2,30.44,2,30.44,0,0.0,1,15.22
pm178__u.htm,14946,0,0.0,0,0.0,0,0.0,25,16.73,0,0.0
sa_prajJApAramitAhRdayasUtravistaramAtRkA.htm,938,0,0.0,0,0.0,0,0.0,0,0.0,0,0.0
rajnighu.htm,48564,45,9.27,63,12.97,13,2.68,10,2.06,107,22.03
sa_utpaladeva-ajaDapramAtRsiddhi.htm,1664,1,6.01,0,0.0,0,0.0,0,0.0,0,0.0
b01c096.htm,132,0,0.0,0,0.0,0,0.0,0,0.0,0,0.0
b07c010.htm,109,0,0.0,0,0.0,1,91.74,0,0.0,0,0.0
gret_csxbk.htm,24721,15,6.07,8,3.24,0,0.0,0,0.0,0,0.0
sa_pANini-aSTAdhyAyI-alt.htm,12507,1,0.8,5,4.0,0,0.0,1,0.8,4,3.2
sa_hayagrIvavidyA.htm,903,0,0.0,1,11.07,0,0.0,0,0.0,0,0.0
sa_bAdarAyaNa-brahmasUtra-subcomm2.htm,93423,92,9.85,10,1.07,139,14.88,0,0.0,215,23.01
b01c069.htm,115,0,0.0,0,0.0,0,0.0,0,0.0,0,0.0
pm105__u.htm,21224,0,0.0,0,0.0,0,0.0,84,39.58,3,1.41
pm005__u.htm,17842,0,0.0,0,0.0,0,0.0,53,29.71,0,0.0
motik_au.htm,130608,155,11.87,31,2.37,80,6.13,5,0.38,553,42.34
padasa_u.htm,9624,7,7.27,2,2.08,4,4.16,0,0.0,34,35.33
sa_prabodhAnandasarasvatI-caitanyacandrAmRta.htm,3606,2,5.55,0,0.0,9,24.96,4,11.09,4,11.09
sa_lalitavistara.htm,61692,83,13.45,40,6.48,2,0.32,5,0.81,124,20.1
spaucaru.htm,141569,3,0.21,42,2.97,2,0.14,1,0.07,49,3.46
b03c178.htm,119,0,0.0,0,0.0,0,0.0,0,0.0,0,0.0
sa_ahorAtravratacaityasevAnuzaMsAvadAna.htm,6506,3,4.61,6,9.22,6,9.22,3,4.61,4,6.15
sa_sAMkhyasUtravivaraNa.htm,2059,0,0.0,0,0.0,3,14.57,0,0.0,20,97.13
sa_buddhist-stotras.htm,6317,4,6.33,3,4.75,1,1.58,0,0.0,4,6.33
sa_kSemendra-bhAratamaJjarI-6-19.htm,73313,80,10.91,56,7.64,25,3.41,6,0.82,72,9.82
gaunys_u.htm,3249,0,0.0,0,0.0,9,27.7,0,0.0,3,9.23
sa_larger-prajJApAramitA.htm,9725,10,10.28,1,1.03,0,0.0,0,0.0,12,12.34
jagpranu.htm,1928,4,20.75,0,0.0,0,0.0,0,0.0,3,15.56
rvpp_07u.htm,31013,0,0.0,2,0.64,0,0.0,0,0.0,6,1.93
b06c015.htm,160,0,0.0,0,0.0,0,0.0,0,0.0,0,0.0
vidsrgpu.htm,45394,39,8.59,25,5.51,10,2.2,8,1.76,30,6.61
sa_kAlidAsa-RtusaMhAra.htm,2513,4,15.92,2,7.96,0,0.0,0,0.0,4,15.92
pm066__u.htm,4600,1,2.17,0,0.0,0,0.0,15,32.61,0,0.0
b13c144.htm,117,0,0.0,0,0.0,1,85.47,0,0.0,0,0.0
sa_ruyyaka-alaMkArasarvasva-1-34-comm.htm,21187,14,6.61,6,2.83,13,6.14,0,0.0,40,18.88
apastgcu.htm,47009,78,16.59,32,6.81,6,1.28,0,0.0,58,12.34
sa_kambalapAda-navazlokI.htm,746,0,0.0,0,0.0,0,0.0,0,0.0,2,26.81
bsa065_u.htm,2156,0,0.0,0,0.0,0,0.0,0,0.0,6,27.83
samyut3u.htm,144872,9,0.62,10,0.69,0,0.0,0,0.0,538,37.14
bsa020_u.htm,1067,0,0.0,0,0.0,0,0.0,0,0.0,3,28.12
katy2piu.htm,15702,10,6.37,0,0.0,8,5.09,0,0.0,8,5.09
b03c187.htm,119,1,84.03,0,0.0,0,0.0,0,0.0,0,0.0
sa_vinItadeva-saMtAnAntarasiddhiTIkA.htm,5308,4,7.54,0,0.0,7,13.19,0,0.0,6,11.3
sa_varAhamihira-tikanikayAtra.htm,1910,3,15.71,1,5.24,0,0.0,1,5.24,0,0.0
brupsb1u.htm,23403,27,11.54,4,1.71,64,27.35,0,0.0,55,23.5
svetugiu.htm,2544,0,0.0,0,0.0,0,0.0,0,0.0,5,19.65
sa_nAgArjuna-madhyamakazAstra.htm,6827,2,2.93,0,0.0,1,1.46,0,0.0,17,24.9
sa_kAlidAsa-meghadUta-acc-vallabhadeva.htm,2913,1,3.43,2,6.87,0,0.0,0,0.0,3,10.3
b13c018.htm,143,0,0.0,0,0.0,0,0.0,0,0.0,0,0.0
stkal_au.htm,5516,10,18.13,0,0.0,2,3.63,0,0.0,5,9.06
paninipu.htm,21435,3,1.4,3,1.4,0,0.0,1,0.47,9,4.2
ruphbr_u.htm,38014,29,7.63,47,12.36,54,14.21,16,4.21,18,4.74
bsa058_u.htm,2092,2,9.56,1,4.78,1,4.78,0,0.0,7,33.46
b03c030.htm,111,0,0.0,0,0.0,0,0.0,0,0.0,0,0.0
b13c024.htm,215,0,0.0,0,0.0,0,0.0,0,0.0,0,0.0
sa_nAgArjuna-suhRllekha.htm,2352,2,8.5,0,0.0,0,0.0,0,0.0,4,17.01
b05c049.htm,108,0,0.0,0,0.0,0,0.0,0,0.0,0,0.0
pm117__u.htm,17952,1,0.56,0,0.0,0,0.0,91,50.69,1,0.56
sa_bhikSuNIvinaya.htm,52826,62,11.74,10,1.89,0,0.0,2,0.38,30,5.68
ktv_2-1u.htm,4746,1,2.11,0,0.0,12,25.28,0,0.0,13,27.39
samyu5ou.htm,116307,13,1.12,11,0.95,0,0.0,7,0.6,330,28.37
b08c056.htm,132,0,0.0,0,0.0,0,0.0,0,0.0,0,0.0
mbh_13_u.htm,177039,126,7.12,66,3.73,35,1.98,26,1.47,278,15.7
sa_vinayasUtra.htm,39780,111,27.9,19,4.78,3,0.75,1,0.25,40,10.06
dkavy2pu.htm,3933,13,33.05,1,2.54,0,0.0,0,0.0,4,10.17
b08c042.htm,137,0,0.0,0,0.0,0,0.0,0,0.0,0,0.0
malinivu.htm,15532,38,24.47,5,3.22,2,1.29,0,0.0,20,12.88
sa_kamalazIla-vajracchedikATIkA.htm,16950,10,5.9,2,1.18,6,3.54,0,0.0,59,34.81
kmeghdpu.htm,2871,1,3.48,2,6.97,0,0.0,0,0.0,3,10.45
b07c158.htm,144,0,0.0,0,0.0,0,0.0,0,0.0,0,0.0
bhattiku.htm,20850,12,5.76,7,3.36,1,0.48,0,0.0,12,5.76
bsu002_u.htm,2002,2,9.99,1,5.0,0,0.0,0,0.0,2,9.99
b07c170.htm,129,0,0.0,0,0.0,0,0.0,0,0.0,0,0.0
pm074__u.htm,2778,0,0.0,0,0.0,0,0.0,4,14.4,2,7.2
sa_madhyamakazAlistambasUtra.htm,2507,0,0.0,6,23.93,0,0.0,0,0.0,2,7.98
saulahpu.htm,2604,1,3.84,2,7.68,2,7.68,1,3.84,2,7.68
b07c164.htm,334,0,0.0,0,0.0,0,0.0,0,0.0,0,0.0
pm174__u.htm,16621,0,0.0,0,0.0,0,0.0,25,15.04,0,0.0
sa_mRgendrAgama.htm,11526,26,22.56,6,5.21,12,10.41,0,0.0,26,22.56
kakumspu.htm,10005,23,22.99,4,4.0,8,8.0,0,0.0,11,10.99
kmeghvau.htm,3115,1,3.21,2,6.42,0,0.0,0,0.0,3,9.63
sa_abhinavagupta-kramastotra.htm,1161,0,0.0,0,0.0,0,0.0,0,0.0,1,8.61
yogay1_u.htm,6899,13,18.84,1,1.45,0,0.0,0,0.0,6,8.7
sirup_u.htm,1886,0,0.0,0,0.0,0,0.0,0,0.0,3,15.91
nagsu_pu.htm,4242,0,0.0,0,0.0,0,0.0,0,0.0,31,73.08
b09c047.htm,137,0,0.0,0,0.0,1,72.99,0,0.0,0,0.0
sa_narahari-rAjanighaNTu.htm,48822,45,9.22,63,12.9,13,2.66,10,2.05,107,21.92
vamvupau.htm,6508,3,4.61,0,0.0,0,0.0,0,0.0,5,7.68
pm109__u.htm,5245,0,0.0,0,0.0,0,0.0,4,7.63,0,0.0
b01c123.htm,173,0,0.0,0,0.0,1,57.8,0,0.0,0,0.0
b09c045.htm,209,1,47.85,0,0.0,0,0.0,0,0.0,0,0.0
brsvbh2u.htm,22430,5,2.23,2,0.89,38,16.94,0,0.0,36,16.05
mbh_11_u.htm,11974,11,9.19,1,0.84,1,0.84,0,0.0,7,5.85
abhmal1u.htm,14717,20,13.59,1,0.68,4,2.72,0,0.0,26,17.67
sa_mArkaNDeyapurANa1-93.htm,62849,46,7.32,24,3.82,11,1.75,22,3.5,84,13.37
pugpan_pu.htm,16744,9,5.38,3,1.79,0,0.0,1,0.6,104,62.11
sa_daNDin-kAvyAdarza1--2.1-144--2.310-368.htm,8460,28,33.1,6,7.09,0,0.0,0,0.0,14,16.55
pwg_u.htm,5073407,1645,3.24,1267,2.5,394,0.78,232,0.46,1647,3.25
majjhi3u.htm,78571,60,7.64,11,1.4,0,0.0,1,0.13,267,33.98
xct_azvaghoSa-buddhacarita-collation.htm,84448,23,2.72,0,0.0,0,0.0,0,0.0,0,0.0
pmbhassu.htm,448004,27,0.6,30,0.67,84,1.87,10,0.22,215,4.8
rv_08_u.htm,21728,5,2.3,2,0.92,2,0.92,0,0.0,12,5.52
dhatukau.htm,19779,0,0.0,0,0.0,0,0.0,0,0.0,0,0.0
kurmp1_u.htm,42869,49,11.43,47,10.96,6,1.4,0,0.0,56,13.06
sa_AlambanaparIkSA-comm.htm,963,1,10.38,0,0.0,1,10.38,0,0.0,0,0.0
rv_hn05u.htm,14446,0,0.0,0,0.0,1,0.69,0,0.0,1,0.69
vdhasrtu.htm,51549,43,8.34,11,2.13,20,3.88,4,0.78,105,20.37
vinst_pu.htm,6051,14,23.14,3,4.96,2,3.31,0,0.0,5,8.26
b07c172.htm,211,1,47.39,0,0.0,0,0.0,0,0.0,0,0.0
sa_mInanAtha-smaradIpikA.htm,3935,10,25.41,7,17.79,2,5.08,1,2.54,0,0.0
sa_yAmuna-Izvarasiddhi.htm,3495,0,0.0,0,0.0,19,54.36,0,0.0,11,31.47
b07c166.htm,133,0,0.0,0,0.0,0,0.0,0,0.0,0,0.0
sa_ajitasenavyAkaraNa-alt.htm,4455,8,17.96,0,0.0,0,0.0,0,0.0,7,15.71
bharnatu.htm,57361,112,19.53,70,12.2,13,2.27,3,0.52,42,7.32
hv_appau.htm,227582,165,7.25,110,4.83,43,1.89,21,0.92,269,11.82
sa_AryabhaTa-AryabhaTIya.htm,1997,0,0.0,0,0.0,0,0.0,0,0.0,0,0.0
sa_kuDaka-samanvayadiz.htm,3151,1,3.17,0,0.0,0,0.0,0,0.0,7,22.22
paniniiu.htm,21410,3,1.4,3,1.4,0,0.0,1,0.47,9,4.2
sa_viSvaksenasaMhitA.htm,50588,253,50.01,38,7.51,3,0.59,7,1.38,31,6.13
pm197b_u.htm,3777,0,0.0,0,0.0,0,0.0,4,10.59,0,0.0
sa_kAlidAsa-zyAmalAdaNDaka.htm,857,6,70.01,1,11.67,0,0.0,0,0.0,4,46.67
b03c218.htm,117,2,170.94,0,0.0,0,0.0,0,0.0,0,0.0
jsbh1-3u.htm,10552,2,1.9,8,7.58,15,14.22,0,0.0,34,32.22
surysidu.htm,6284,0,0.0,1,1.59,7,11.14,0,0.0,6,9.55
b08c040.htm,276,0,0.0,1,36.23,0,0.0,0,0.0,0,0.0
dramfrag_pu.htm,10313,0,0.0,1,0.97,0,0.0,0,0.0,5,4.85
sa_zAntarakSita-tattvasaMgraha.htm,82496,6,0.73,1,0.12,98,11.88,1,0.12,77,9.33
sa_ahoratravratakathA.htm,2746,4,14.57,1,3.64,0,0.0,0,0.0,5,18.21
b08c068.htm,138,0,0.0,0,0.0,0,0.0,0,0.0,0,0.0
kakumsiu.htm,9997,23,23.01,4,4.0,8,8.0,0,0.0,11,11.0
ss2_bhgu.htm,35393,18,5.09,2,0.57,17,4.8,2,0.57,142,40.12
b13c026.htm,145,0,0.0,0,0.0,0,0.0,0,0.0,0,0.0
sa_vararuci-zatagAthA.htm,2304,1,4.34,1,4.34,0,0.0,0,0.0,1,4.34
pese_u.htm,943036,1352,14.34,324,3.44,18,0.19,89,0.94,101,1.07
saulahiu.htm,2603,1,3.84,2,7.68,2,7.68,1,3.84,2,7.68
sa_vAmadeva-janmamaraNavicAra.htm,3463,4,11.55,1,2.89,1,2.89,0,0.0,5,14.44
b12c221.htm,203,2,98.52,0,0.0,0,0.0,0,0.0,0,0.0
kmeghdiu.htm,2865,1,3.49,2,6.98,0,0.0,0,0.0,3,10.47
jinaca_u.htm,5193,10,19.26,3,5.78,0,0.0,0,0.0,7,13.48
bsu045_u.htm,16618,15,9.03,1,0.6,1,0.6,0,0.0,28,16.85
suyagadu.htm,11654,0,0.0,8,6.86,0,0.0,0,0.0,0,0.0
sa_bhartRhari-vAkyapadIya.htm,25414,5,1.97,0,0.0,52,20.46,1,0.39,39,15.35
b05c088.htm,220,0,0.0,0,0.0,0,0.0,0,0.0,0,0.0
ayarangu.htm,9717,0,0.0,2,2.06,0,0.0,0,0.0,0,0.0
b03c185.htm,122,0,0.0,0,0.0,0,0.0,0,0.0,0,0.0
sjdh_u.htm,1862,1,5.37,0,0.0,0,0.0,0,0.0,2,10.74
sa_zikSAsamuccayakArikA.htm,876,0,0.0,0,0.0,0,0.0,0,0.0,1,11.42
sa_yAmuna-Izvarasiddhi-alt.htm,5652,0,0.0,0,0.0,36,63.69,0,0.0,38,67.23
harnagau.htm,2618,2,7.64,2,7.64,1,3.82,0,0.0,3,11.46
bsu078_u.htm,51372,87,16.94,58,11.29,33,6.42,1,0.19,66,12.85
sa_bAdarAyaNa-brahmasUtra-alt.htm,4011,0,0.0,0,0.0,0,0.0,0,0.0,4,9.97
psupvibhs_tu.htm,831,0,0.0,0,0.0,0,0.0,0,0.0,2,24.07
b03c146.htm,177,1,56.5,0,0.0,0,0.0,0,0.0,0,0.0
sa_bodhisattvaprAtimokSasUtra.htm,1155,0,0.0,0,0.0,0,0.0,0,0.0,1,8.66
b06c003.htm,104,0,0.0,0,0.0,0,0.0,0,0.0,0,0.0
sa_raghunAthadAsagosvAmin-muktAcarita.htm,13791,9,6.53,9,6.53,13,9.43,9,6.53,12,8.7
sa_cIvaravastu.htm,25788,20,7.76,14,5.43,5,1.94,1,0.39,62,24.04
karatoau.htm,2148,1,4.66,0,0.0,0,0.0,1,4.66,1,4.66
sa_dIpaMkarazrIjJAna-zaraNagamanadezanA.htm,905,1,11.05,0,0.0,0,0.0,0,0.0,0,0.0
apastd_u.htm,12311,12,9.75,4,3.25,0,0.0,0,0.0,19,15.43
asycsaru.htm,1868,1,5.35,0,0.0,0,0.0,0,0.0,1,5.35
mrtvutsu.htm,494,0,0.0,0,0.0,2,40.49,0,0.0,0,0.0
msubhs_u.htm,161748,150,9.27,118,7.3,65,4.02,32,1.98,147,9.09
sa_mokSopAya.htm,325521,586,18.0,147,4.52,102,3.13,30,0.92,721,22.15
b01c057.htm,242,0,0.0,0,0.0,0,0.0,0,0.0,0,0.0
brsgor2u.htm,24167,4,1.66,2,0.83,76,31.45,0,0.0,37,15.31
svetugpu.htm,2716,0,0.0,0,0.0,0,0.0,0,0.0,5,18.41
sa_tattvasamAsasUtravRtti.htm,3150,0,0.0,0,0.0,0,0.0,0,0.0,29,92.06
mahjna_u.htm,5178,21,40.56,1,1.93,0,0.0,0,0.0,6,11.59
narayriu.htm,4128,4,9.69,1,2.42,2,4.84,0,0.0,6,14.53
yrasprau.htm,18055,6,3.32,20,11.08,3,1.66,1,0.55,24,13.29
bsa067_u.htm,582,0,0.0,0,0.0,0,0.0,0,0.0,2,34.36
vadhdhju.htm,1801,1,5.55,1,5.55,0,0.0,0,0.0,1,5.55
bsa022_u.htm,587,0,0.0,0,0.0,0,0.0,0,0.0,0,0.0
samyu4pu.htm,91373,12,1.31,32,3.5,0,0.0,7,0.77,245,26.81
b01c094.htm,209,0,0.0,0,0.0,0,0.0,0,0.0,0,0.0
sa_pArthasArathimizra-zAstradIpikA.htm,19561,4,2.04,3,1.53,57,29.14,0,0.0,75,38.34
vidsrgiu.htm,44668,39,8.73,25,5.6,10,2.24,6,1.34,28,6.27
pspdut2u.htm,82772,31,3.75,18,2.17,1,0.12,0,0.0,128,15.46
andhvc3u.htm,48974,10,2.04,2,0.41,59,12.05,3,0.61,206,42.06
mbhx_48.htm,51101,0,0.0,16,3.13,1,0.2,0,0.0,0,0.0
prakp01u.htm,1813,0,0.0,0,0.0,1,5.52,0,0.0,16,88.25
sa_mahAvadAnasUtra.htm,10131,4,3.95,0,0.0,0,0.0,0,0.0,30,29.61
sa_asaGga-zrAvakabhUmi-edshukla.htm,44209,32,7.24,7,1.58,13,2.94,2,0.45,102,23.07
vimvatou.htm,28803,54,18.75,52,18.05,0,0.0,2,0.69,24,8.33
sa_yAmuna-saMvitsiddhi-alt.htm,5949,4,6.72,0,0.0,0,0.0,0,0.0,11,18.49
nagyuksu.htm,1116,0,0.0,0,0.0,0,0.0,0,0.0,2,17.92
ksbhm06u.htm,6582,7,10.64,3,4.56,1,1.52,0,0.0,9,13.67
rvkhilau.htm,3311,25,75.51,1,3.02,0,0.0,0,0.0,8,24.16
majjn2ou.htm,71322,31,4.35,15,2.1,0,0.0,7,0.98,68,9.53
sa_aSTasAhasrikA-prajJApAramitA.htm,72877,35,4.8,11,1.51,0,0.0,2,0.27,222,30.46
asvbc_3u.htm,22929,20,8.72,10,4.36,6,2.62,0,0.0,18,7.85
budvmsou.htm,22183,31,13.97,6,2.7,0,0.0,0,0.0,54,24.34
b07c013.htm,171,0,0.0,0,0.0,1,58.48,0,0.0,0,0.0
mbhx_49.htm,6749,0,0.0,0,0.0,0,0.0,0,0.0,0,0.0
danddk1u.htm,8395,3,3.57,2,2.38,6,7.15,0,0.0,11,13.1
rnatc__u.htm,11367,8,7.04,8,7.04,10,8.8,8,7.04,6,5.28
bahcar3u.htm,3435,5,14.56,12,34.93,2,5.82,1,2.91,7,20.38
pm187__u.htm,38187,0,0.0,0,0.0,0,0.0,80,20.95,6,1.57
gautdhcu.htm,9154,18,19.66,20,21.85,4,4.37,4,4.37,5,5.46
pm137a_u.htm,2304,0,0.0,0,0.0,0,0.0,0,0.0,0,0.0
bsu019_u.htm,14595,54,37.0,1,0.69,6,4.11,1,0.69,38,26.04
sa_kSaNabhaGgasiddhi.htm,3552,0,0.0,0,0.0,16,45.05,0,0.0,5,14.08
pm087__u.htm,12968,0,0.0,0,0.0,0,0.0,10,7.71,0,0.0
manu2a_u.htm,49268,20,4.06,6,1.22,8,1.62,9,1.83,26,5.28
brssbh1u.htm,32990,32,9.7,4,1.21,18,5.46,0,0.0,149,45.17
prajnhsu.htm,394,0,0.0,0,0.0,0,0.0,0,0.0,0,0.0
sa_haribhadrasUri-zAstravArttAsamuccaya.htm,9989,0,0.0,0,0.0,17,17.02,0,0.0,22,22.02
iskamatu.htm,16542,2,1.21,8,4.84,9,5.44,3,1.81,27,16.32
sa_abhinanda-kAdambarIkathAsAra.htm,12461,9,7.22,7,5.62,10,8.03,7,5.62,9,7.22
astavgpu.htm,5131,5,9.74,4,7.8,2,3.9,0,0.0,9,17.54
ss6_priu.htm,51979,31,5.96,35,6.73,38,7.31,9,1.73,65,12.51
sa_zrIghanAcArasaMgraha.htm,3309,4,12.09,2,6.04,0,0.0,0,0.0,3,9.07
sa_aparimitAyuHsUtra.htm,1399,0,0.0,0,0.0,0,0.0,0,0.0,0,0.0
mbh_08_u.htm,86047,71,8.25,19,2.21,20,2.32,0,0.0,54,6.28
asvsau2u.htm,16751,17,10.15,7,4.18,6,3.58,0,0.0,24,14.33
b06c016.htm,100,0,0.0,0,0.0,0,0.0,0,0.0,0,0.0
ram2-3iu.htm,82333,67,8.14,22,2.67,7,0.85,3,0.36,42,5.1
b13c153.htm,110,0,0.0,0,0.0,0,0.0,0,0.0,0,0.0
vakyp_pu.htm,16243,1,0.62,0,0.0,37,22.78,1,0.62,15,9.23
sa_anityatAsUtra.htm,1071,0,0.0,0,0.0,0,0.0,0,0.0,4,37.35
vinv03_u.htm,4796,10,20.85,0,0.0,0,0.0,0,0.0,0,0.0
katy1__u.htm,15618,13,8.32,1,0.64,8,5.12,0,0.0,9,5.76
gu01-03u.htm,5929,2,3.37,4,6.75,3,5.06,0,0.0,4,6.75
bsa043_u.htm,464,0,0.0,0,0.0,0,0.0,0,0.0,1,21.55
ram_07_u.htm,36845,46,12.48,14,3.8,7,1.9,4,1.09,34,9.23
bsa006_u.htm,1861,3,16.12,2,10.75,0,0.0,0,0.0,2,10.75
sa_bAdarAyaNa-brahmasUtra-comm.htm,95969,84,8.75,19,1.98,74,7.71,4,0.42,279,29.07
b03c190.htm,212,0,0.0,0,0.0,0,0.0,0,0.0,0,0.0
jsbh3-2u.htm,10429,5,4.79,2,1.92,31,29.72,0,0.0,43,41.23
pm199__u.htm,27584,0,0.0,0,0.0,1,0.36,75,27.19,2,0.73
pm099__u.htm,2424,1,4.13,0,0.0,0,0.0,5,20.63,0,0.0
kulmukuu.htm,919,1,10.88,2,21.76,0,0.0,0,0.0,0,0.0
pm158a_u.htm,30780,0,0.0,0,0.0,0,0.0,57,18.52,0,0.0
vin5paou.htm,57630,44,7.63,20,3.47,2,0.35,0,0.0,54,9.37
jvkasipu.htm,254523,53,2.08,83,3.26,31,1.22,22,0.86,153,6.01
lip_1_pu.htm,95394,129,13.52,114,11.95,24,2.52,1,0.1,168,17.61
angut4ou.htm,121463,75,6.17,14,1.15,0,0.0,4,0.33,206,16.96
b12c220.htm,245,0,0.0,0,0.0,0,0.0,0,0.0,0,0.0
b13c027.htm,225,0,0.0,0,0.0,1,44.44,0,0.0,0,0.0
sa_dIpaMkara-satyadvayAvatAranAma.htm,989,0,0.0,0,0.0,0,0.0,0,0.0,2,20.22
angutt5u.htm,146477,131,8.94,7,0.48,0,0.0,0,0.0,628,42.87
rascum_u.htm,17559,5,2.85,9,5.13,2,1.14,0,0.0,32,18.22
b03c033.htm,128,0,0.0,0,0.0,0,0.0,0,0.0,0,0.0
sa_ghaTakarparakAvya-comm.htm,4036,0,0.0,0,0.0,0,0.0,0,0.0,9,22.3
pm095__u.htm,16043,0,0.0,0,0.0,0,0.0,50,31.17,0,0.0
sa_kauzikaprajJApAramitAsUtra.htm,1142,0,0.0,0,0.0,0,0.0,0,0.0,3,26.27
sa_sucaritamizra-mImAMsAzlokavArttika.htm,130077,20,1.54,7,0.54,297,22.83,1,0.08,192,14.76
nagcitiu.htm,4607,8,17.36,1,2.17,0,0.0,0,0.0,3,6.51
pm195__u.htm,48584,0,0.0,0,0.0,0,0.0,259,53.31,11,2.26
milind2u.htm,12435,23,18.5,5,4.02,5,4.02,1,0.8,16,12.87
sa_viSNusmRti.htm,38246,61,15.95,9,2.35,6,1.57,12,3.14,44,11.5
udanav_u.htm,7065,16,22.65,4,5.66,0,0.0,0,0.0,23,32.55
vabhdiku.htm,7096,1,1.41,3,4.23,0,0.0,0,0.0,8,11.27
sokss_pu.htm,317329,191,6.02,127,4.0,106,3.34,34,1.07,259,8.16
sb_14_u.htm,17176,1,0.58,4,2.33,1,0.58,0,0.0,13,7.57
b08c055.htm,160,0,0.0,0,0.0,0,0.0,0,0.0,0,0.0
madhsiddhb_u.htm,6886,3,4.36,0,0.0,3,4.36,0,0.0,35,50.83
b03c219.htm,138,0,0.0,0,0.0,0,0.0,0,0.0,0,0.0
majjn1pu.htm,130529,86,6.59,37,2.83,0,0.0,0,0.0,469,35.93
sa_vaikhAnasadharmasUtra.htm,4595,15,32.64,4,8.71,0,0.0,2,4.35,3,6.53
bsu061_u.htm,14931,24,16.07,4,2.68,5,3.35,0,0.0,57,38.18
ksbhm10u.htm,1725,0,0.0,0,0.0,0,0.0,0,0.0,1,5.8
ksdarppu.htm,8245,10,12.13,6,7.28,3,3.64,4,4.85,20,24.26
bsu024_u.htm,14780,33,22.33,14,9.47,2,1.35,2,1.35,34,23.0
b07c167.htm,111,0,0.0,0,0.0,0,0.0,0,0.0,0,0.0
hjatm_pu.htm,26435,28,10.59,31,11.73,23,8.7,1,0.38,38,14.37
sa_kezava-kauzikapaddhati.htm,81602,44,5.39,110,13.48,22,2.7,0,0.0,38,4.66
b02c022.htm,123,0,0.0,0,0.0,0,0.0,0,0.0,0,0.0
katy2p_u.htm,15851,10,6.31,0,0.0,8,5.05,0,0.0,8,5.05
kbavk93u.htm,1912,4,20.92,2,10.46,0,0.0,0,0.0,3,15.69
pm166_2u.htm,10863,0,0.0,0,0.0,0,0.0,25,23.01,0,0.0
pm146a_u.htm,20013,0,0.0,0,0.0,0,0.0,78,38.97,0,0.0
b07c173.htm,230,0,0.0,1,43.48,0,0.0,0,0.0,0,0.0
amoghapu.htm,2028,4,19.72,1,4.93,0,0.0,0,0.0,2,9.86
santbcpu.htm,12703,6,4.72,4,3.15,5,3.94,3,2.36,13,10.23
kasyparu.htm,12460,3,2.41,4,3.21,0,0.0,0,0.0,42,33.71
nysu51pu.htm,2773,0,0.0,0,0.0,12,43.27,0,0.0,0,0.0
samp_3ou.htm,59888,108,18.03,16,2.67,1,0.17,0,0.0,53,8.85
b09c050.htm,116,0,0.0,0,0.0,0,0.0,0,0.0,0,0.0
b09c044.htm,239,1,41.84,0,0.0,0,0.0,0,0.0,0,0.0
khudp_ou.htm,1815,1,5.51,0,0.0,0,0.0,0,0.0,4,22.04
b01c122.htm,109,0,0.0,0,0.0,0,0.0,0,0.0,0,0.0
bhg4c16u.htm,6773,1,1.48,0,0.0,8,11.81,2,2.95,24,35.43
sa_RgvedakhilAni.htm,2885,25,86.66,1,3.47,0,0.0,0,0.0,8,27.73
jataka5u.htm,30835,14,4.54,12,3.89,3,0.97,2,0.65,33,10.7
sa_dramatic-fragments-buddhist.htm,10638,0,0.0,1,0.94,0,0.0,0,0.0,4,3.76
vinv07_u.htm,25534,20,7.83,14,5.48,5,1.96,1,0.39,62,24.28
bsa047_u.htm,12216,1,0.82,0,0.0,0,0.0,0,0.0,39,31.93
ram_03_u.htm,28160,27,9.59,8,2.84,5,1.78,0,0.0,16,5.68
sa_amaru-amaruzataka.htm,6321,6,9.49,0,0.0,0,0.0,0,0.0,2,3.16
ksakunpu.htm,15115,13,8.6,6,3.97,9,5.95,0,0.0,5,3.31
bsa002_u.htm,700,1,14.29,0,0.0,1,14.29,0,0.0,0,0.0
sa_nAgArjuna-vigrahavyAvartanIkArikA.htm,1735,0,0.0,0,0.0,1,5.76,0,0.0,2,11.53
ruyalssu.htm,5774,8,13.86,1,1.73,1,1.73,0,0.0,5,8.66
b14c077.htm,106,0,0.0,0,0.0,0,0.0,0,0.0,0,0.0
nabodhsu.htm,19671,19,9.66,4,2.03,29,14.74,2,1.02,20,10.17
bhg4c17u.htm,6648,0,0.0,0,0.0,2,3.01,2,3.01,27,40.61
jataka4u.htm,25217,7,2.78,8,3.17,1,0.4,7,2.78,22,8.72
b04c063.htm,127,0,0.0,0,0.0,0,0.0,0,0.0,0,0.0
patis2pu.htm,46725,2,0.43,4,0.86,0,0.0,0,0.0,95,20.33
boppsl_u.htm,236426,50,2.11,34,1.44,9,0.38,8,0.34,23,0.97
visnu_pu.htm,23602,27,11.44,5,2.12,3,1.27,5,2.12,21,8.9
lokapp_u.htm,42681,47,11.01,20,4.69,1,0.23,6,1.41,138,32.33
sa_zaMkara-saundaryalaharI.htm,4669,2,4.28,4,8.57,3,6.43,2,4.28,4,8.57
ksbhm11u.htm,1554,0,0.0,0,0.0,1,6.44,0,0.0,5,32.18
gorst1pu.htm,1860,6,32.26,3,16.13,0,0.0,0,0.0,0,0.0
angut3pu.htm,85006,63,7.41,11,1.29,0,0.0,8,0.94,263,30.94
sa_somadeva-kathAsaritsAgara.htm,1378634,191,1.39,240,1.74,106,0.77,34,0.25,259,1.88
jnalokau.htm,9021,13,14.41,0,0.0,1,1.11,0,0.0,21,23.28
b03c221.htm,180,0,0.0,0,0.0,0,0.0,1,55.56,0,0.0
pm166_3u.htm,16652,0,0.0,0,0.0,0,0.0,47,28.22,0,0.0
sa_dhyAnacandragosvAmin-gauragaovindArcanasmaraNapaddhati.htm,6822,17,24.92,7,10.26,5,7.33,1,1.47,4,5.86
b07c163.htm,109,0,0.0,0,0.0,0,0.0,0,0.0,0,0.0
sa_laGkezvara-zivastuti.htm,682,0,0.0,0,0.0,0,0.0,0,0.0,0,0.0
bsu058_u.htm,16242,27,16.62,4,2.46,1,0.62,2,1.23,50,30.78
sa_nArAyaNa-hitopadeza.htm,24897,3,1.2,14,5.62,5,2.01,0,0.0,15,6.02
samp_4pu.htm,47191,117,24.79,13,2.75,1,0.21,2,0.42,104,22.04
b08c051.htm,233,0,0.0,0,0.0,0,0.0,0,0.0,0,0.0
ahovk1_u.htm,2489,4,16.07,1,4.02,0,0.0,0,0.0,5,20.09
sa_dazasAhasrikA-prajJApAramitA1-and-2-translated-from-tibetan.htm,4633,1,2.16,0,0.0,1,2.16,0,0.0,19,41.01
sa_Anandavardhana-dhvanyAloka.htm,19176,6,3.13,3,1.56,8,4.17,0,0.0,69,35.98
b08c045.htm,161,0,0.0,0,0.0,1,62.11,0,0.0,0,0.0
nidansyu.htm,10955,5,4.56,3,2.74,0,0.0,0,0.0,140,127.8
patti3ou.htm,5229,0,0.0,3,5.74,0,0.0,0,0.0,2,3.82
b12c218.htm,107,0,0.0,0,0.0,0,0.0,0,0.0,0,0.0
sa_yAmuna-gItArthasaMgraha.htm,1177,0,0.0,0,0.0,4,33.98,0,0.0,0,0.0
mrgt3cpu.htm,6704,23,34.31,4,5.97,4,5.97,0,0.0,6,8.95
vimanavu.htm,17789,27,15.18,66,37.1,0,0.0,2,1.12,18,10.12
b13c023.htm,112,0,0.0,0,0.0,0,0.0,0,0.0,0,0.0
ys-78_iu.htm,1491,0,0.0,0,0.0,0,0.0,0,0.0,1,6.71
sa_dIpaMkarazrIjJAna-mahAyAnapathasAdhanasaMgraha.htm,722,0,0.0,0,0.0,8,110.8,0,0.0,0,0.0
b12c224.htm,161,0,0.0,0,0.0,0,0.0,0,0.0,0,0.0
ramodtpu.htm,4083,3,7.35,0,0.0,0,0.0,0,0.0,1,2.45
b03c023.htm,110,0,0.0,0,0.0,0,0.0,0,0.0,0,0.0
angutt4u.htm,99002,90,9.09,14,1.41,0,0.0,3,0.3,316,31.92
sa_dantyoSThavidhi.htm,934,0,0.0,1,10.71,0,0.0,0,0.0,0,0.0
paribhsu.htm,11268,0,0.0,4,3.55,5,4.44,0,0.0,14,12.42
ksnarm_u.htm,5166,1,1.94,5,9.68,2,3.87,2,3.87,4,7.74
sa_kAlidAsa-raghuvaMza.htm,28713,50,17.41,44,15.32,15,5.22,0,0.0,11,3.83
samp_7ou.htm,27841,37,13.29,11,3.95,2,0.72,1,0.36,30,10.78
b03c180.htm,111,0,0.0,0,0.0,0,0.0,0,0.0,0,0.0
sa_vAdivAgIzvara-mAnamanohara.htm,7277,4,5.5,0,0.0,48,65.96,0,0.0,23,31.61
jsbh3-3u.htm,10805,1,0.93,1,0.93,31,28.69,0,0.0,34,31.47
jalmugxu.htm,1372,2,14.58,3,21.87,0,0.0,0,0.0,0,0.0
kukalpmu.htm,24030,10,4.16,7,2.91,2,0.83,2,0.83,9,3.75
sspp2_1u.htm,44550,0,0.0,0,0.0,0,0.0,0,0.0,32,7.18
sa_sAmavedasaMhitA.htm,41854,0,0.0,6,1.43,6,1.43,0,0.0,6,1.43
sa_sukhAvatIvyUhasaMkSiptamAtRkA.htm,1792,0,0.0,0,0.0,0,0.0,0,0.0,0,0.0
vsths_pu.htm,829,0,0.0,0,0.0,0,0.0,0,0.0,0,0.0
isup___u.htm,673,0,0.0,0,0.0,0,0.0,0,0.0,0,0.0
sa_vinayavinizcayaupAliparipRcchA.htm,1344,0,0.0,0,0.0,0,0.0,0,0.0,2,14.88
bsu020_u.htm,9029,3,3.32,4,4.43,0,0.0,0,0.0,36,39.87
dipav_2u.htm,31256,94,30.07,7,2.24,2,0.64,0,0.0,64,20.48
sa_kSemendra-bodhisattvAvadAnakalpalatA-93sumAgadhAvadAna.htm,2174,4,18.4,2,9.2,0,0.0,0,0.0,3,13.8
b13c143.htm,106,0,0.0,0,0.0,0,0.0,0,0.0,0,0.0
b03c157.htm,152,0,0.0,0,0.0,0,0.0,0,0.0,0,0.0
rabhramu.htm,1722,14,81.3,0,0.0,4,23.23,0,0.0,7,40.65
sa_abhinavagupta-mAlinIzlokavArttika.htm,19483,26,13.34,1,0.51,5,2.57,1,0.51,31,15.91
sa_bAdarAyaNa-brahmasUtra-subcomm.htm,80601,49,6.08,13,1.61,159,19.73,1,0.12,154,19.11
bhg4c01u.htm,5801,2,3.45,0,0.0,0,0.0,0,0.0,6,10.34
sb_10_u.htm,8959,0,0.0,2,2.23,0,0.0,0,0.0,9,10.05
b01c046.htm,101,0,0.0,0,0.0,0,0.0,0,0.0,0,0.0
sa_siMhabhUpAla-rasArNavasudhAkara.htm,37709,35,9.28,35,9.28,29,7.69,14,3.71,46,12.2
sa_dharmakIrti-hetubindu-edsteinkellner.htm,6421,1,1.56,0,0.0,28,43.61,0,0.0,2,3.11
sa_bhagavadgItA-comm.htm,51992,35,6.73,9,1.73,49,9.42,0,0.0,163,31.35
patis1ou.htm,42659,6,1.41,0,0.0,0,0.0,0,0.0,133,31.18
ksbhm07u.htm,9982,13,13.02,4,4.01,5,5.01,0,0.0,7,7.01
asvbc_2u.htm,21319,28,13.13,10,4.69,9,4.22,0,0.0,18,8.44
bicaupxu.htm,1181,0,0.0,1,8.47,1,8.47,0,0.0,1,8.47
sa_dIpaMkarazrIjJAna-bodhisattvAdikarmikamArgAvatAradezanA.htm,1006,0,0.0,1,9.94,0,0.0,0,0.0,0,0.0
sa_namaskAraikaviMzatistotra.htm,795,1,12.58,0,0.0,0,0.0,0,0.0,2,25.16
kragh_au.htm,35093,50,14.25,42,11.97,15,4.27,0,0.0,11,3.13
sa_dhvajAgrakeyUrAdhAriNI-alt.htm,1017,0,0.0,1,9.83,0,0.0,0,0.0,0,0.0
bahcar2u.htm,2866,5,17.45,12,41.87,6,20.94,1,3.49,2,6.98
sa_azvaghoSa-buddhacarita-alt.htm,16474,25,15.18,13,7.89,6,3.64,0,0.0,22,13.35
ram_03pu.htm,32167,27,8.39,8,2.49,5,1.55,0,0.0,16,4.97
b07c016.htm,108,0,0.0,0,0.0,0,0.0,0,0.0,0,0.0
b01c090.htm,208,0,0.0,0,0.0,0,0.0,0,0.0,0,0.0
sa_dIpaMkarazrIjJAna-samAdhisaMbhAraparivarta.htm,723,0,0.0,0,0.0,0,0.0,0,0.0,1,13.83
andhvc2u.htm,27284,18,6.6,2,0.73,42,15.39,3,1.1,54,19.79
sa_prajJApAramitAhRdayasUtra.htm,632,0,0.0,0,0.0,0,0.0,0,0.0,0,0.0
padnscxu.htm,16489,68,41.24,27,16.37,19,11.52,0,0.0,3,1.82
sa_ratnakIrti-kSaNabhaGgasiddhi-vyatirekAtmikA.htm,3377,0,0.0,0,0.0,5,14.81,0,0.0,7,20.73
bsu041_u.htm,128068,334,26.08,61,4.76,99,7.73,4,0.31,451,35.22
dhyrkk_u.htm,2970,0,0.0,3,10.1,0,0.0,0,0.0,0,0.0
bsu004_u.htm,2155,3,13.92,4,18.56,1,4.64,0,0.0,7,32.48
pm089__u.htm,14390,0,0.0,0,0.0,0,0.0,57,39.61,0,0.0
brsgor3u.htm,18758,13,6.93,7,3.73,32,17.06,1,0.53,22,11.73
sa_vyAsatIrtha-tarkatANDava-comm.htm,138231,11,0.8,17,1.23,988,71.47,2,0.14,402,29.08
sa_paNDitAzoka-avayavinirAkaraNa.htm,2246,1,4.45,0,0.0,5,22.26,0,0.0,1,4.45
pm189__u.htm,37307,0,0.0,1,0.27,0,0.0,93,24.93,5,1.34
vipce_pu.htm,98988,62,6.26,70,7.07,27,2.73,3,0.3,199,20.1
sa_mahAparinirvANasUtra.htm,22355,38,17.0,8,3.58,0,0.0,0,0.0,14,6.26
nkalivau.htm,2191,2,9.13,0,0.0,2,9.13,0,0.0,1,4.56
hv_cumiu.htm,297886,268,9.0,265,8.9,59,1.98,21,0.7,397,13.33
rams11au.htm,1409,0,0.0,0,0.0,8,56.78,0,0.0,5,35.49
kbavk10u.htm,895,1,11.17,0,0.0,0,0.0,0,0.0,3,33.52
b06c007.htm,123,0,0.0,0,0.0,0,0.0,0,0.0,0,0.0
brkas_pu.htm,58092,81,13.94,40,6.89,14,2.41,15,2.58,53,9.12
sa_zAlistambasUtra.htm,2676,0,0.0,8,29.9,0,0.0,0,0.0,5,18.68
dhampdpu.htm,8303,5,6.02,0,0.0,1,1.2,0,0.0,8,9.64
buvismou.htm,162206,179,11.04,34,2.1,9,0.55,7,0.43,555,34.22
b06c013.htm,114,1,87.72,0,0.0,0,0.0,0,0.0,0,0.0
kalpbudu.htm,627,0,0.0,0,0.0,0,0.0,0,0.0,0,0.0
dipguhsu.htm,5670,15,26.46,4,7.05,2,3.53,0,0.0,4,7.05
vakobhku.htm,7753,4,5.16,0,0.0,0,0.0,0,0.0,9,11.61
uddkokpu.htm,3559,5,14.05,3,8.43,1,2.81,0,0.0,3,8.43
mbh_15_u.htm,16588,5,3.01,6,3.62,1,0.6,1,0.6,11,6.63
sa_rasArNava1-12.htm,16527,10,6.05,13,7.87,4,2.42,0,0.0,11,6.66
garup3_u.htm,31393,43,13.7,9,2.87,7,2.23,1,0.32,43,13.7
vatnsupu.htm,1457,0,0.0,0,0.0,5,34.32,0,0.0,5,34.32
vaikhd_u.htm,4329,15,34.65,4,9.24,0,0.0,2,4.62,3,6.93
pm097__u.htm,1994,1,5.02,0,0.0,0,0.0,4,20.06,0,0.0
sa_karatoyAmAhAtmya.htm,2011,1,4.97,0,0.0,0,0.0,1,4.97,1,4.97
visa08cu.htm,3171,6,18.92,0,0.0,3,9.46,0,0.0,4,12.61
samyu3ou.htm,71275,9,1.26,5,0.7,0,0.0,0,0.0,199,27.92
sa_bhAvamizra-bhAvaprakAza.htm,5699,8,14.04,6,10.53,0,0.0,4,7.02,7,12.28
kunjarakarna_u.htm,13180,10,7.59,1,0.76,3,2.28,1,0.76,10,7.59
vin1maou.htm,94959,147,15.48,34,3.58,0,0.0,0,0.0,57,6.0
sb_09_u.htm,9925,0,0.0,2,2.02,0,0.0,0,0.0,6,6.05
ndbiuppu.htm,591,0,0.0,0,0.0,0,0.0,0,0.0,0,0.0
sa_amoghapAzahRdayasUtra-alt.htm,2272,2,8.8,1,4.4,0,0.0,0,0.0,2,8.8
sa_antarvyAptisamarthana.htm,1754,0,0.0,0,0.0,20,114.03,0,0.0,1,5.7
sa_pAMzupradAna-avadAna.htm,2278,2,8.78,0,0.0,0,0.0,0,0.0,2,8.78
mtp176pu.htm,119464,148,12.39,125,10.46,29,2.43,4,0.33,169,14.15
sa_devIkAlottarAgama.htm,1555,1,6.43,1,6.43,2,12.86,0,0.0,6,38.59
b08c044.htm,124,0,0.0,0,0.0,0,0.0,0,0.0,0,0.0
jsbh1-2u.htm,12066,5,4.14,1,0.83,82,67.96,0,0.0,28,23.21
sa_vasubandhu-abhidharmakozabhASya.htm,95856,30,3.13,5,0.52,2,0.21,1,0.1,179,18.67
b08c050.htm,151,0,0.0,0,0.0,0,0.0,0,0.0,0,0.0
bsa0556u.htm,1486,0,0.0,0,0.0,20,134.59,0,0.0,1,6.73
sa_Aryadeva-caryAmelAvaNapradIpa.htm,3077,5,16.25,0,0.0,1,3.25,0,0.0,11,35.75
ramgbhpu.htm,44536,51,11.45,6,1.35,105,23.58,0,0.0,254,57.03
sa_mahApratisarA-paJcarakSA.htm,7232,16,22.12,14,19.36,4,5.53,0,0.0,15,20.74
bsa063_u.htm,1349,0,0.0,0,0.0,0,0.0,0,0.0,1,7.41
ys-99_pu.htm,1871,1,5.34,0,0.0,0,0.0,4,21.38,1,5.34
bsa026_u.htm,3723,2,5.37,1,2.69,0,0.0,0,0.0,3,8.06
sa_jonarAja-and-pseudo-jonarAja-rAjataraGginI.htm,19798,20,10.1,11,5.56,3,1.52,4,2.02,9,4.55
sa_yazodhara-rasaprakAzasudhAkara.htm,14070,6,4.26,20,14.21,3,2.13,1,0.71,24,17.06
b07c162.htm,115,0,0.0,0,0.0,0,0.0,0,0.0,0,0.0
sa_bRhaspatismRti-vyavahArakANDa.htm,35487,26,7.33,2,0.56,19,5.35,0,0.0,4,1.13
sa_purUravas-kAdambarIsvIkaraNasUtramaJjarI.htm,2474,2,8.08,4,16.17,2,8.08,0,0.0,4,16.17
sa_kSemendra-sevyasevakopadeza.htm,1452,2,13.77,0,0.0,0,0.0,0,0.0,1,6.89
sa_avadAnazataka.htm,79089,238,30.09,49,6.2,23,2.91,7,0.89,195,24.66
adsp55-u.htm,29779,3,1.01,7,2.35,0,0.0,3,1.01,37,12.42
bhall_au.htm,3136,3,9.57,3,9.57,0,0.0,0,0.0,0,0.0
brndp2_u.htm,77082,46,5.97,115,14.92,12,1.56,0,0.0,87,11.29
brhaspiu.htm,19175,12,6.26,1,0.52,9,4.69,0,0.0,2,1.04
sa_kaThinAvadAna.htm,4288,12,27.99,1,2.33,1,2.33,0,0.0,6,13.99
sa_kavirAjayati-sAMkhyatattvapradIpa.htm,3291,0,0.0,1,3.04,6,18.23,3,9.12,3,9.12
jaimsutu.htm,19522,3,1.54,16,8.2,0,0.0,0,0.0,52,26.64
sa_daNDin-kAvyAdarza-3.htm,3423,0,0.0,0,0.0,1,2.92,0,0.0,3,8.76
brsvbh3u.htm,21685,42,19.37,2,0.92,32,14.76,0,0.0,46,21.21
niruktau.htm,10195,4,3.92,7,6.87,3,2.94,0,0.0,32,31.39
majjhi2u.htm,73725,45,6.1,26,3.53,0,0.0,6,0.81,173,23.47
vijsamsu.htm,6005,3,5.0,4,6.66,2,3.33,0,0.0,12,19.98
pm185__u.htm,4966,0,0.0,0,0.0,0,0.0,31,62.42,0,0.0
sivup_au.htm,10544,11,10.43,16,15.17,2,1.9,0,0.0,11,10.43
bacmadhu.htm,2124,0,0.0,1,4.71,0,0.0,1,4.71,0,0.0
vasspacu.htm,9377,7,7.47,2,2.13,9,9.6,0,0.0,29,30.93
bsu039_u.htm,643,3,46.66,0,0.0,0,0.0,0,0.0,0,0.0
pm085__u.htm,6444,0,0.0,0,0.0,0,0.0,19,29.48,0,0.0
bhakaviu.htm,5401,4,7.41,3,5.55,4,7.41,0,0.0,3,5.55
dighn3ou.htm,71301,31,4.35,10,1.4,0,0.0,0,0.0,94,13.18
rv_hn04u.htm,12088,0,0.0,2,1.65,0,0.0,0,0.0,4,3.31
ys-99_iu.htm,1851,1,5.4,0,0.0,0,0.0,4,21.61,1,5.4
bsa061_u.htm,5040,4,7.94,0,0.0,7,13.89,0,0.0,6,11.9
bhpc101u.htm,8285,9,10.86,8,9.66,6,7.24,0,0.0,11,13.28
bsa024_u.htm,720,0,0.0,0,0.0,0,0.0,0,0.0,2,27.78
samyu2pu.htm,58899,22,3.74,21,3.57,0,0.0,0,0.0,211,35.82
b09c057.htm,130,0,0.0,0,0.0,0,0.0,0,0.0,0,0.0
pm152__u.htm,6413,0,0.0,0,0.0,0,0.0,7,10.92,0,0.0
sa_dharmakIrti-hetubindu.htm,4844,1,2.06,0,0.0,27,55.74,0,0.0,2,4.13
b09c043.htm,114,0,0.0,0,0.0,1,87.72,0,0.0,0,0.0
pm052__u.htm,3561,0,0.0,0,0.0,0,0.0,3,8.42,0,0.0
sa_ruyyaka-alaMkArasarvasva.htm,24188,20,8.27,10,4.13,16,6.61,0,0.0,57,23.57
sa_vasubandhu-viMzatikA-vijJaptimAtratAsiddhi.htm,2575,0,0.0,0,0.0,0,0.0,0,0.0,5,19.42
devikaau.htm,1661,1,6.02,1,6.02,2,12.04,0,0.0,6,36.12
mtp176iu.htm,118249,147,12.43,122,10.32,29,2.45,4,0.34,168,14.21
b02c019.htm,108,0,0.0,1,92.59,1,92.59,0,0.0,0,0.0
b07c148.htm,138,0,0.0,0,0.0,0,0.0,0,0.0,0,0.0
b03c222.htm,129,0,0.0,0,0.0,0,0.0,0,0.0,0,0.0
sa_bANa-harSacaritapariziSTa.htm,813,0,0.0,0,0.0,0,0.0,0,0.0,0,0.0
yamaka2u.htm,79825,2,0.25,0,0.0,0,0.0,0,0.0,0,0.0
sa_prAtimokSasUtrafragments.htm,2470,3,12.15,0,0.0,0,0.0,0,0.0,0,0.0
b12c031.htm,106,0,0.0,0,0.0,0,0.0,0,0.0,0,0.0
sa_zaMkara-kaThopaniSadbhASya.htm,12093,4,3.31,4,3.31,10,8.27,0,0.0,45,37.21
bhakavpu.htm,7372,5,6.78,5,6.78,5,6.78,0,0.0,3,4.07
pAda-index_sa-dharma.htm,147600,111,7.52,23,1.56,34,2.3,48,3.25,100,6.78
dighn1ou.htm,62039,21,3.38,26,4.19,0,0.0,2,0.32,152,24.5
vaitss_u.htm,13226,0,0.0,4,3.02,0,0.0,0,0.0,6,4.54
b08c046.htm,105,0,0.0,0,0.0,0,0.0,0,0.0,0,0.0
vnyps00u.htm,1556,2,12.85,0,0.0,3,19.28,0,0.0,3,19.28
sa_sAMkhyaparibhASA.htm,3899,3,7.69,4,10.26,9,23.08,1,2.56,8,20.52
pm131__u.htm,8610,0,0.0,0,0.0,0,0.0,14,16.26,0,0.0
brhasppu.htm,19789,13,6.57,1,0.51,9,4.55,0,0.0,2,1.01
dvtasutu.htm,990,0,0.0,0,0.0,0,0.0,0,0.0,0,0.0
sa_asaGga-mahAyAnasUtrAlaMkAra-comm.htm,36515,17,4.66,7,1.92,7,1.92,0,0.0,71,19.44
kathavou.htm,99625,27,2.71,3,0.3,0,0.0,0,0.0,188,18.87
pm031__u.htm,8940,0,0.0,0,0.0,0,0.0,11,12.3,0,0.0
bhall_xu.htm,3053,3,9.83,3,9.83,0,0.0,0,0.0,0,0.0
b13c020.htm,169,0,0.0,0,0.0,0,0.0,0,0.0,0,0.0
aitupsbu.htm,5765,4,6.94,3,5.2,9,15.61,0,0.0,21,36.43
sa_srinivasamakhi-vedantadesika-dazavidhAhetunirUpaNa.htm,34137,86,25.19,37,10.84,4,1.17,2,0.59,48,14.06
b03c034.htm,180,0,0.0,0,0.0,0,0.0,0,0.0,0,0.0
rvpp_10u.htm,64844,1,0.15,5,0.77,4,0.62,0,0.0,17,2.62
gaukarau.htm,4426,0,0.0,0,0.0,0,0.0,0,0.0,10,22.59
b05c139.htm,122,0,0.0,0,0.0,0,0.0,0,0.0,0,0.0
samyut2u.htm,86967,23,2.64,60,6.9,0,0.0,0,0.0,1340,154.08
nkalivxu.htm,2074,2,9.64,0,0.0,2,9.64,0,0.0,1,4.82
vipce_iu.htm,83555,52,6.22,43,5.15,25,2.99,2,0.24,176,21.06
dighn2pu.htm,64699,27,4.17,5,0.77,0,0.0,0,0.0,125,19.32
vin4s2pu.htm,78617,80,10.18,8,1.02,1,0.13,8,1.02,54,6.87
sa_satyasUtra.htm,711,0,0.0,0,0.0,0,0.0,0,0.0,0,0.0
b03c197.htm,107,0,0.0,0,0.0,0,0.0,0,0.0,0,0.0
pm040__u.htm,3419,0,0.0,0,0.0,0,0.0,0,0.0,0,0.0
moggal1u.htm,16756,5,2.98,4,2.39,0,0.0,1,0.6,41,24.47
nardp2_u.htm,35123,36,10.25,9,2.56,8,2.28,1,0.28,34,9.68
pars2_au.htm,11705,4,3.42,5,4.27,0,0.0,16,13.67,3,2.56
sa_liGgapurANa1-108.htm,81742,129,15.78,114,13.95,24,2.94,1,0.12,168,20.55
pamsuavu.htm,1967,2,10.17,0,0.0,0,0.0,0,0.0,2,10.17
sdahennu.htm,31804,86,27.04,37,11.63,4,1.26,2,0.63,48,15.09
padnscau.htm,27942,59,21.12,26,9.3,15,5.37,0,0.0,3,1.07
bsu006_u.htm,4187,8,19.11,0,0.0,0,0.0,0,0.0,7,16.72
sa_108-buddhist-stotras.htm,33184,156,47.01,26,7.84,16,4.82,2,0.6,73,22.0
rvpp_06u.htm,27473,0,0.0,2,0.73,0,0.0,0,0.0,6,2.18
sa_karuNApuNDarIkasUtra.htm,35777,59,16.49,7,1.96,0,0.0,6,1.68,37,10.34
b03c154.htm,136,0,0.0,0,0.0,0,0.0,0,0.0,0,0.0
sa_bhAskara-bIjagaNita.htm,3321,1,3.01,3,9.03,0,0.0,0,0.0,0,0.0
srngt_su.htm,6804,4,5.88,4,5.88,10,14.7,0,0.0,3,4.41
sa_kalhaNa-ardhanarIzvarastotra.htm,944,0,0.0,0,0.0,0,0.0,0,0.0,1,10.59
dhatuvau.htm,14554,28,19.24,10,6.87,1,0.69,0,0.0,22,15.12
sa_timirodghATana.htm,5413,9,16.63,2,3.69,2,3.69,0,0.0,3,5.54
rgvidh_u.htm,3261,8,24.53,1,3.07,2,6.13,0,0.0,7,21.47
samyu1ou.htm,66111,12,1.82,4,0.61,1,0.15,4,0.61,67,10.13
petavatu.htm,13203,4,3.03,6,4.54,0,0.0,1,0.76,30,22.72
patisa1u.htm,122670,9,0.73,0,0.0,0,0.0,0,0.0,287,23.4
b12c192.htm,318,0,0.0,0,0.0,0,0.0,0,0.0,0,0.0
vnyps41u.htm,802,0,0.0,0,0.0,0,0.0,0,0.0,2,24.94
mbh_17_u.htm,2139,1,4.68,0,0.0,0,0.0,0,0.0,1,4.68
sa_pratyakSalakSaNa-of-the-tarkarahasya.htm,3078,1,3.25,1,3.25,0,0.0,0,0.0,4,13.0
garup1_u.htm,101982,206,20.2,86,8.43,16,1.57,4,0.39,98,9.61
sa_zArdUlakarNAvadAna.htm,23920,14,5.85,13,5.43,5,2.09,18,7.53,22,9.2
uddkokiu.htm,3556,5,14.06,3,8.44,1,2.81,0,0.0,3,8.44
mrgt1chu.htm,16765,2,1.19,0,0.0,14,8.35,0,0.0,38,22.67
bsa019_u.htm,764,0,0.0,0,0.0,0,0.0,0,0.0,1,13.09
pm123__u.htm,11240,0,0.0,0,0.0,0,0.0,21,18.68,0,0.0
vamkalsu.htm,2138,0,0.0,0,0.0,0,0.0,0,0.0,0,0.0
sa_saddharmalaGkAvatArasUtra.htm,35538,51,14.35,9,2.53,7,1.97,5,1.41,119,33.49
sa_mAdhva-kRSNAmRtamahArNava.htm,3948,6,15.2,0,0.0,0,0.0,0,0.0,2,5.07
apadanpu.htm,125453,362,28.86,32,2.55,0,0.0,1,0.08,169,13.47
b01c092.htm,126,0,0.0,0,0.0,0,0.0,0,0.0,0,0.0
sa_bhAskara-lIlAvatI.htm,11752,9,7.66,21,17.87,1,0.85,0,0.0,1,0.85
b01c093.htm,106,0,0.0,0,0.0,1,94.34,0,0.0,0,0.0
sa_yAmuna-Atmasiddhi.htm,29608,7,2.36,2,0.68,135,45.6,0,0.0,101,34.11
pm076__u.htm,3379,0,0.0,0,0.0,0,0.0,3,8.88,0,0.0
b07c001.htm,111,0,0.0,0,0.0,0,0.0,0,0.0,0,0.0
b07c015.htm,113,0,0.0,0,0.0,0,0.0,0,0.0,0,0.0
pm176__u.htm,779,0,0.0,0,0.0,0,0.0,0,0.0,0,0.0
patti2pu.htm,37390,7,1.87,4,1.07,0,0.0,0,0.0,70,18.72
sanss07u.htm,3045,1,3.28,1,3.28,1,3.28,2,6.57,1,3.28
vadhdhgu.htm,1124,0,0.0,0,0.0,0,0.0,0,0.0,1,8.9
bsu022_u.htm,61453,83,13.51,40,6.51,2,0.33,5,0.81,124,20.18
mavadsuu.htm,9861,4,4.06,0,0.0,0,0.0,0,0.0,30,30.42
samp_5ou.htm,55333,56,10.12,22,3.98,0,0.0,0,0.0,65,11.75
nars2_au.htm,16825,16,9.51,2,1.19,4,2.38,3,1.78,9,5.35
b12c187.htm,128,0,0.0,0,0.0,0,0.0,0,0.0,0,0.0
sa_utpaladeva-zivastotrAvali.htm,7443,8,10.75,0,0.0,6,8.06,0,0.0,5,6.72
jalmugau.htm,2373,2,8.43,3,12.64,0,0.0,0,0.0,0,0.0
bhp_01u.htm,10531,12,11.39,8,7.6,1,0.95,4,3.8,19,18.04
vivcud_u.htm,8669,7,8.07,3,3.46,1,1.15,1,1.15,13,15.0
gopjatmu.htm,25852,21,8.12,21,8.12,9,3.48,4,1.55,53,20.5
puggalau.htm,15973,9,5.63,5,3.13,0,0.0,2,1.25,149,93.28
sa_nAgArjuna-piNDIkrama.htm,3569,33,92.46,2,5.6,3,8.41,0,0.0,5,14.01
nrat_1_u.htm,1429,0,0.0,0,0.0,1,7.0,0,0.0,4,27.99
b01c078.htm,107,0,0.0,0,0.0,0,0.0,0,0.0,0,0.0
b06c010.htm,156,0,0.0,0,0.0,0,0.0,0,0.0,0,0.0
sa_prazastapAda-pAdArthadharmasaMgraha.htm,1588,1,6.3,2,12.59,7,44.08,0,0.0,19,119.65
angut2ou.htm,58612,20,3.41,9,1.54,0,0.0,1,0.17,149,25.42
sa_abhayAkaragupta-niSpaNNayogAvali.htm,1255,10,79.68,0,0.0,0,0.0,0,0.0,1,7.97
b03c155.htm,201,2,99.5,0,0.0,0,0.0,0,0.0,0,0.0
tulrcm5u.htm,8146,3,3.68,2,2.46,1,1.23,0,0.0,1,1.23
bicaupau.htm,1339,0,0.0,1,7.47,1,7.47,0,0.0,1,7.47
pm068__u.htm,3007,0,0.0,0,0.0,0,0.0,3,9.98,0,0.0
dhvjgs_pu.htm,750,1,13.33,0,0.0,0,0.0,0,0.0,1,13.33
pm168__u.htm,15482,0,0.0,0,0.0,0,0.0,51,32.94,0,0.0
bankad1u.htm,6994,6,8.58,24,34.32,7,10.01,1,1.43,9,12.87
mpsu_w_u.htm,22036,38,17.24,8,3.63,0,0.0,0,0.0,14,6.35
sa_rAmAyaNa.htm,233040,255,10.94,139,5.96,40,1.72,17,0.73,166,7.12
sa_davuldeNa-jJAnezvara-mahAsthavira-yazodharAcarita.htm,1679,1,5.96,2,11.91,0,0.0,0,0.0,1,5.96
kaccay2u.htm,19424,5,2.57,13,6.69,2,1.03,2,1.03,18,9.27
sa_zivasUtra-with-vArttika.htm,7371,3,4.07,0,0.0,4,5.43,0,0.0,12,16.28
sa_annaMbhaTTa-tarkasaMgraha-comm.htm,78359,19,2.42,8,1.02,475,60.62,0,0.0,438,55.9
brhasp_u.htm,19246,14,7.27,1,0.52,10,5.2,0,0.0,3,1.56
pm115__u.htm,5311,0,0.0,0,0.0,0,0.0,5,9.41,0,0.0
bahcarpu.htm,565,0,0.0,0,0.0,0,0.0,0,0.0,0,0.0
pm164__u.htm,2340,0,0.0,0,0.0,0,0.0,0,0.0,0,0.0
sa_bhAskara-bhagavadAzayAnusaraNabhAsya.htm,39207,42,10.71,3,0.77,21,5.36,0,0.0,66,16.83
angut1pu.htm,66277,28,4.22,7,1.06,0,0.0,2,0.3,143,21.58
visah_cu.htm,141858,114,8.04,84,5.92,132,9.31,25,1.76,227,16.0
pm064__u.htm,1660,0,0.0,0,0.0,0,0.0,4,24.1,0,0.0
anuttaru.htm,512,0,0.0,0,0.0,0,0.0,0,0.0,0,0.0
brahmsuu.htm,3685,0,0.0,0,0.0,0,0.0,0,0.0,4,10.85
visnu_iu.htm,7780,6,7.71,2,2.57,2,2.57,0,0.0,11,14.14
pm119__u.htm,1696,0,0.0,0,0.0,0,0.0,2,11.79,0,0.0
sa_bhAskarakaNTha-mokSopAyaTIkA.htm,140381,168,11.97,38,2.71,83,5.91,5,0.36,576,41.03
sa_zaMkara-vivekacuDAmaNi.htm,8983,7,7.79,3,3.34,1,1.11,1,1.11,13,14.47
bhnstcbu.htm,2441,0,0.0,0,0.0,0,0.0,0,0.0,0,0.0
sa_Rgveda-edAufrecht.htm,191238,0,0.0,9,0.47,0,0.0,0,0.0,24,1.25
b05c070.htm,200,0,0.0,0,0.0,0,0.0,0,0.0,0,0.0
vinv05_u.htm,8521,5,5.87,5,5.87,0,0.0,0,0.0,15,17.6
sa_vAlmIki-rAmAyaNa-rev-2-3.htm,71501,67,9.37,22,3.08,7,0.98,3,0.42,42,5.87
bsa045_u.htm,987,2,20.26,0,0.0,0,0.0,0,0.0,0,0.0
ram_01_u.htm,25936,20,7.71,13,5.01,11,4.24,10,3.86,15,5.78
sukhvysu.htm,1557,0,0.0,0,0.0,0,0.0,0,0.0,0,0.0
ramodtiu.htm,3520,3,8.52,0,0.0,0,0.0,0,0.0,1,2.84
sa_karmavibhaGgopadeza.htm,3602,4,11.1,0,0.0,0,0.0,2,5.55,5,13.88
b07c161.htm,114,0,0.0,0,0.0,0,0.0,0,0.0,0,0.0
ys-78_pu.htm,1509,0,0.0,1,6.63,0,0.0,0,0.0,1,6.63
dharmpiu.htm,121555,93,7.65,20,1.65,23,1.89,48,3.95,87,7.16
b02c030.htm,120,0,0.0,0,0.0,0,0.0,0,0.0,0,0.0
dighan1u.htm,95620,36,3.76,166,17.36,0,0.0,13,1.36,370,38.69
rv_hn08u.htm,28385,5,1.76,1,0.35,2,0.7,0,0.0,12,4.23
patti1ou.htm,1603,1,6.24,0,0.0,0,0.0,0,0.0,0,0.0
sa_daNDin-dazakumAracarita.htm,21135,31,14.67,18,8.52,26,12.3,6,2.84,28,13.25
rastrps_pu.htm,2283,1,4.38,0,0.0,0,0.0,0,0.0,5,21.9
sanss11u.htm,1930,0,0.0,0,0.0,0,0.0,0,0.0,2,10.36
sa_nArAyaNIya.htm,35287,34,9.64,1,0.28,4,1.13,0,0.0,128,36.27
jyotsniu.htm,12281,13,10.59,3,2.44,0,0.0,1,0.81,7,5.7
samp_6pu.htm,30438,161,52.89,21,6.9,0,0.0,2,0.66,65,21.35
sa_poSadhasthApanavastu.htm,2298,0,0.0,0,0.0,0,0.0,0,0.0,0,0.0
b09c056.htm,143,0,0.0,0,0.0,1,69.93,0,0.0,0,0.0
sa_jJAnazrImitra-vRttamAlAstuti.htm,2770,6,21.66,6,21.66,1,3.61,0,0.0,2,7.22
pm107__u.htm,2999,1,3.33,0,0.0,0,0.0,12,40.01,0,0.0
pm007__u.htm,15396,0,0.0,0,0.0,0,0.0,9,5.85,0,0.0
dhkvadnu.htm,9679,2,2.07,1,1.03,134,138.44,0,0.0,16,16.53
b14c049.htm,120,0,0.0,0,0.0,0,0.0,0,0.0,0,0.0
brssgo4u.htm,18743,33,17.61,1,0.53,15,8.0,0,0.0,20,10.67
utajp_pu.htm,1262,1,7.92,0,0.0,0,0.0,0,0.0,0,0.0
ekmuhr_u.htm,1312,1,7.62,0,0.0,1,7.62,0,0.0,0,0.0
sa_aSTAdazasAhasrikA-prajJApAramitA55-82.htm,57969,14,2.42,7,1.21,0,0.0,3,0.52,102,17.6
b09c031.htm,141,0,0.0,0,0.0,0,0.0,0,0.0,0,0.0
sa_dIpaMkarazrIjJAna-dazAkuzalakarmapathadezanA.htm,792,0,0.0,0,0.0,0,0.0,0,0.0,0,0.0
brsvbh4u.htm,7965,12,15.07,2,2.51,10,12.55,0,0.0,21,26.37
abhsubhu.htm,22704,11,4.84,30,13.21,3,1.32,1,0.44,74,32.59
tarasdhu.htm,969,1,10.32,1,10.32,0,0.0,0,0.0,2,20.64
rv_hn03u.htm,12437,0,0.0,1,0.8,3,2.41,0,0.0,2,1.61
samyu5pu.htm,91960,8,0.87,11,1.2,0,0.0,8,0.87,313,34.04
sa_vAmanadatta-svabodhodayamaJjarI.htm,1220,0,0.0,0,0.0,0,0.0,0,0.0,0,0.0
sa_sumAgadhAvadAna.htm,5904,8,13.55,1,1.69,10,16.94,0,0.0,2,3.39
bsa023_u.htm,608,0,0.0,0,0.0,0,0.0,0,0.0,0,0.0
yogsubhu.htm,3342,15,44.88,4,11.97,9,26.93,0,0.0,77,230.4
bsa066_u.htm,6169,3,4.86,1,1.62,91,147.51,0,0.0,15,24.32
sa_ruyyaka-sahRdayalIlA.htm,870,1,11.49,0,0.0,0,0.0,0,0.0,0,0.0
pmbhasuu.htm,335605,29,0.86,34,1.01,89,2.65,11,0.33,220,6.56
b07c106.htm,116,0,0.0,0,0.0,0,0.0,0,0.0,0,0.0
sa_atharvavedapariziSTas.htm,50866,53,10.42,32,6.29,5,0.98,0,0.0,24,4.72
svetu_pu.htm,2515,0,0.0,0,0.0,0,0.0,0,0.0,5,19.88
matpra_u.htm,2409,13,53.96,0,0.0,2,8.3,0,0.0,1,4.15
bhgsbh_u.htm,51754,35,6.76,9,1.74,49,9.47,0,0.0,163,31.5
jvrtmspu.htm,2793,6,21.48,6,21.48,1,3.58,0,0.0,2,7.16
sa_dIpaMkara-caryAsaMgrahapradIpa.htm,912,2,21.93,1,10.96,0,0.0,0,0.0,0,0.0
prakp11u.htm,8459,0,0.0,0,0.0,44,52.02,0,0.0,29,34.28
sa_kauzikasUtra.htm,25701,11,4.28,17,6.61,1,0.39,0,0.0,10,3.89
psp_1u.htm,70443,48,6.81,17,2.41,0,0.0,0,0.0,160,22.71
ttrkhy1u.htm,4717,0,0.0,1,2.12,4,8.48,0,0.0,2,4.24
bsa0551u.htm,1918,1,5.21,0,0.0,3,15.64,0,0.0,2,10.43
b12c296.htm,111,0,0.0,0,0.0,0,0.0,0,0.0,0,0.0
b13c085.htm,154,0,0.0,0,0.0,0,0.0,0,0.0,0,0.0
b08c034.htm,101,0,0.0,0,0.0,0,0.0,0,0.0,0,0.0
pm181__u.htm,13205,0,0.0,0,0.0,0,0.0,11,8.33,2,1.51
sa_samAdhirAjasUtratransliteration-1-111315-22.htm,19473,11,5.65,1,0.51,0,0.0,0,0.0,42,21.57
pm081__u.htm,1367,0,0.0,0,0.0,0,0.0,3,21.95,0,0.0
sa_mANDUkyopaniSatkArikA.htm,4063,0,0.0,0,0.0,0,0.0,0,0.0,10,24.61
bhnstciu.htm,2167,0,0.0,0,0.0,0,0.0,0,0.0,0,0.0
b06c103.htm,228,0,0.0,0,0.0,0,0.0,0,0.0,0,0.0
b12c255.htm,100,0,0.0,0,0.0,0,0.0,0,0.0,0,0.0
sivap1_u.htm,16607,27,16.26,13,7.83,29,17.46,0,0.0,17,10.24
sa_abhinavagupta-tantrasAra.htm,12351,37,29.96,3,2.43,2,1.62,0,0.0,22,17.81
sa_sarvatathAgatatattvasaMgraha.htm,38235,486,127.11,6,1.57,66,17.26,0,0.0,21,5.49
soksvppu.htm,36750,16,4.35,5,1.36,13,3.54,0,0.0,29,7.89
kirtc_pu.htm,14787,4,2.71,2,1.35,23,15.55,0,0.0,48,32.46
dipavmsu.htm,19034,77,40.45,12,6.3,0,0.0,2,1.05,58,30.47
vampsm_u.htm,17573,12,6.83,14,7.97,1,0.57,0,0.0,21,11.95
kalrs_pu.htm,2582,4,15.49,2,7.75,0,0.0,0,0.0,4,15.49
sa_bhAravi-kirAtArjunIya.htm,30227,40,13.23,20,6.62,36,11.91,0,0.0,42,13.89
brahmpau.htm,248889,140,5.62,139,5.58,44,1.77,1,0.04,303,12.17
sa_khasarpaNasAdhana.htm,968,4,41.32,0,0.0,4,41.32,0,0.0,1,10.33
sa_vijJAnabhikSu-sAMkhyasAra.htm,6236,3,4.81,4,6.41,2,3.21,0,0.0,12,19.24
sratrpiu.htm,4341,0,0.0,1,2.3,1,2.3,0,0.0,3,6.91
cakbh_iu.htm,852,3,35.21,0,0.0,0,0.0,0,0.0,3,35.21
yogay2_u.htm,7130,14,19.64,8,11.22,0,0.0,0,0.0,5,7.01
hv_conpu.htm,152629,106,6.94,157,10.29,16,1.05,0,0.0,130,8.52
sa_bIjanighaNTu.htm,1547,2,12.93,0,0.0,1,6.46,3,19.39,3,19.39
jnass01u.htm,15715,30,19.09,15,9.55,4,2.55,0,0.0,11,7.0
b13c126.htm,110,2,181.82,0,0.0,2,181.82,0,0.0,0,0.0
b12c335.htm,201,4,199.0,0,0.0,0,0.0,0,0.0,0,0.0
sa_vAlmIki-rAmAyaNa-southern-2.htm,50653,40,7.9,14,2.76,2,0.39,3,0.59,26,5.13
b13c132.htm,131,0,0.0,0,0.0,0,0.0,0,0.0,0,0.0
b12c321.htm,100,0,0.0,0,0.0,0,0.0,0,0.0,0,0.0
pattha2u.htm,230412,167,7.25,169,7.33,0,0.0,0,0.0,171,7.42
schnzsw_u.htm,377806,135,3.57,104,2.75,24,0.64,15,0.4,99,2.62
avpray_u.htm,10213,0,0.0,2,1.96,0,0.0,0,0.0,1,0.98
b12c309.htm,192,0,0.0,0,0.0,1,52.08,0,0.0,0,0.0
sa_kSemarAja-bhairavAnukaraNastotra.htm,1103,1,9.07,0,0.0,0,0.0,0,0.0,2,18.13
kaulpradsam_u.htm,10284,7,6.81,45,43.76,0,0.0,0,0.0,20,19.45
brsphutu.htm,3241,0,0.0,0,0.0,0,0.0,0,0.0,1,3.09
visudd_u.htm,149629,176,11.76,36,2.41,10,0.67,7,0.47,651,43.51
bsu001_u.htm,624,0,0.0,0,0.0,0,0.0,0,0.0,4,64.1
mbh_10_u.htm,10438,3,2.87,4,3.83,2,1.92,0,0.0,24,22.99
vnyps31u.htm,2643,0,0.0,3,11.35,4,15.13,0,0.0,0,0.0
vinv_06u.htm,51809,81,15.63,15,2.9,16,3.09,2,0.39,117,22.58
pariva_u.htm,78253,56,7.16,37,4.73,2,0.26,0,0.0,91,11.63
dhknyayu.htm,2565,3,11.7,0,0.0,19,74.07,0,0.0,6,23.39
aghatkvu.htm,3794,0,0.0,0,0.0,0,0.0,0,0.0,9,23.72
brsgor4u.htm,6042,9,14.9,0,0.0,10,16.55,0,0.0,6,9.93
sa_kAlidAsa-meghadUta-edkale.htm,3501,1,2.86,3,8.57,0,0.0,0,0.0,4,11.43
dkavy1pu.htm,1818,0,0.0,3,16.5,0,0.0,0,0.0,2,11.0
sa_vasugupta-spandakArikA.htm,1276,0,0.0,0,0.0,0,0.0,0,0.0,0,0.0
rv_09_u.htm,14227,0,0.0,2,1.41,6,4.22,0,0.0,0,0.0
pm093__u.htm,4354,0,0.0,0,0.0,0,0.0,12,27.56,0,0.0
pm193__u.htm,40523,0,0.0,0,0.0,1,0.25,203,50.1,4,0.99
b12c137.htm,241,0,0.0,0,0.0,0,0.0,0,0.0,0,0.0
gretil.html,21876,15,6.86,10,4.57,0,0.0,0,0.0,0,0.0
prmosufu.htm,2209,3,13.58,0,0.0,0,0.0,0,0.0,0,0.0
kubjt_au.htm,50383,117,23.22,27,5.36,31,6.15,1,0.2,58,11.51
mbhx_14.htm,155,0,0.0,0,0.0,0,0.0,0,0.0,0,0.0
pm197c_u.htm,2463,0,0.0,0,0.0,0,0.0,0,0.0,0,0.0
samanv_u.htm,2899,1,3.45,0,0.0,0,0.0,0,0.0,7,24.15
prakp07u.htm,1374,0,0.0,0,0.0,0,0.0,0,0.0,1,7.28
mbhx_01.htm,39788,0,0.0,4,1.01,1,0.25,0,0.0,0,0.0
sa_tArAsragdharAstotra.htm,1231,1,8.12,1,8.12,0,0.0,0,0.0,2,16.25
sa_mahApratisarAvidyAdhAraNI.htm,1910,2,10.47,15,78.53,0,0.0,0,0.0,1,5.24
sa_mAtRceTa-zatapaJcAzatka.htm,2658,13,48.91,0,0.0,2,7.52,0,0.0,1,3.76
bsu025_u.htm,1027,0,0.0,0,0.0,2,19.47,0,0.0,2,19.47
mkacbheu.htm,2641,2,7.57,1,3.79,1,3.79,0,0.0,2,7.57
sa_ekAdazamukhahRdaya.htm,1568,1,6.38,0,0.0,1,6.38,0,0.0,0,0.0
bsu060_u.htm,3332,4,12.0,0,0.0,0,0.0,2,6.0,5,15.01
adyapppu.htm,1004,0,0.0,0,0.0,0,0.0,0,0.0,1,9.96
adbhutdu.htm,984,0,0.0,1,10.16,0,0.0,0,0.0,11,111.79
b07c067.htm,151,0,0.0,0,0.0,0,0.0,0,0.0,0,0.0
b12c122.htm,121,0,0.0,0,0.0,0,0.0,0,0.0,0,0.0
sa_Anandakanda.htm,78864,65,8.24,55,6.97,10,1.27,2,0.25,93,11.79
b12c136.htm,432,0,0.0,0,0.0,0,0.0,0,0.0,0,0.0
b07c073.htm,114,0,0.0,0,0.0,1,87.72,0,0.0,0,0.0
angirsiu.htm,17572,13,7.4,2,1.14,1,0.57,10,5.69,21,11.95
sa_pataJjali-yogasUtra.htm,1807,3,16.6,1,5.53,0,0.0,0,0.0,4,22.14
b07c098.htm,130,0,0.0,0,0.0,0,0.0,0,0.0,0,0.0
sa_somadeva-rasendracUDAmaNi-3-57-16.htm,17807,5,2.81,9,5.05,2,1.12,0,0.0,32,17.97
sa_zvetAzvataropaniSad.htm,2532,0,0.0,0,0.0,0,0.0,0,0.0,5,19.75
sa_sAtvatatantra.htm,9492,13,13.7,9,9.48,18,18.96,0,0.0,9,9.48
macdse_u.htm,518160,148,2.86,112,2.16,43,0.83,18,0.35,124,2.39
vakyp1au.htm,33256,5,1.5,0,0.0,52,15.64,1,0.3,39,11.73
sa_tattvamImAMsA.htm,2347,1,4.26,0,0.0,2,8.52,3,12.78,6,25.56
samp_2ou.htm,61875,67,10.83,31,5.01,1,0.16,0,0.0,79,12.77
sa_brahmapurANa-1-246.htm,191385,140,7.32,139,7.26,44,2.3,1,0.05,303,15.83
bhg4c06u.htm,18259,29,15.88,1,0.55,33,18.07,0,0.0,36,19.72
sa_nAgArjuna-dharmasaMgraha.htm,3157,2,6.34,0,0.0,0,0.0,0,0.0,1,3.17
itivuttu.htm,13974,8,5.72,0,0.0,0,0.0,0,0.0,49,35.07
sa_zayanAsanavastu.htm,11547,47,40.7,2,1.73,0,0.0,0,0.0,20,17.32
b12c308.htm,395,0,0.0,0,0.0,1,25.32,0,0.0,0,0.0
angut5ou.htm,91748,31,3.38,7,0.76,0,0.0,0,0.0,175,19.07
b13c133.htm,142,0,0.0,1,70.42,0,0.0,0,0.0,0,0.0
sa_pratisarAkalpadhAraNI.htm,923,0,0.0,0,0.0,0,0.0,0,0.0,0,0.0
sa_vasubandhu-triMzikAvijJaptikArikA.htm,937,1,10.67,0,0.0,0,0.0,0,0.0,0,0.0
samkupad_u.htm,15645,2,1.28,4,2.56,14,8.95,0,0.0,23,14.7
b13c127.htm,112,0,0.0,0,0.0,0,0.0,0,0.0,0,0.0
sutnipou.htm,47271,20,4.23,9,1.9,2,0.42,1,0.21,44,9.31
dhebta_u.htm,45015,13,2.89,1,0.22,84,18.66,1,0.22,89,19.77
maivy_au.htm,4834,20,41.37,5,10.34,0,0.0,0,0.0,3,6.21
udnyku1u.htm,4116,2,4.86,0,0.0,5,12.15,0,0.0,18,43.73
dhrasciu.htm,12569,6,4.77,5,3.98,2,1.59,1,0.8,6,4.77
sa_sabhikasaugatazAsanapravrajyAvratacaraNaparivarta.htm,4188,6,14.33,0,0.0,1,2.39,0,0.0,0,0.0
milindou.htm,87846,96,10.93,18,2.05,1,0.11,2,0.23,114,12.98
sa_AzvalAyanagRhyasUtra.htm,2056,2,9.73,6,29.18,0,0.0,0,0.0,7,34.05
sa_sarvadurgatiparizodhanatantra.htm,15339,53,34.55,2,1.3,7,4.56,1,0.65,7,4.56
yssoutpu.htm,2596,1,3.85,0,0.0,0,0.0,2,7.7,2,7.7
rv_10_u.htm,25374,0,0.0,6,2.36,4,1.58,0,0.0,15,5.91
mjnya01u.htm,11696,1,0.85,2,1.71,16,13.68,0,0.0,6,5.13
sivup_su.htm,9186,19,20.68,16,17.42,2,2.18,0,0.0,11,11.97
hitop_u.htm,24656,3,1.22,14,5.68,5,2.03,0,0.0,15,6.08
yamgaspu.htm,644,0,0.0,0,0.0,2,31.06,0,0.0,0,0.0
b13c047.htm,136,0,0.0,0,0.0,0,0.0,0,0.0,0,0.0
tikaniku.htm,1539,3,19.49,1,6.5,0,0.0,1,6.5,0,0.0
b12c254.htm,119,1,84.03,0,0.0,0,0.0,0,0.0,0,0.0
b06c102.htm,173,0,0.0,0,0.0,0,0.0,0,0.0,0,0.0
angutt3u.htm,95965,70,7.29,13,1.35,0,0.0,8,0.83,385,40.12
sa_abhinavagupta-bodhapaJcadazikA.htm,727,0,0.0,0,0.0,0,0.0,0,0.0,0,0.0
mbh_09_u.htm,53804,29,5.39,12,2.23,11,2.04,0,0.0,36,6.69
mahavg_u.htm,128425,242,18.84,41,3.19,0,0.0,0,0.0,98,7.63
ys182_iu.htm,3174,4,12.6,2,6.3,0,0.0,0,0.0,2,6.3
pvspl_u.htm,3411,5,14.66,0,0.0,0,0.0,0,0.0,4,11.73
b06c116.htm,117,0,0.0,0,0.0,1,85.47,0,0.0,0,0.0
b13c053.htm,149,0,0.0,0,0.0,0,0.0,0,0.0,0,0.0
vinv02_u.htm,8697,33,37.94,2,2.3,0,0.0,0,0.0,0,0.0
bsa007_u.htm,2889,2,6.92,0,0.0,0,0.0,0,0.0,1,3.46
ram_06_u.htm,58701,54,9.2,31,5.28,8,1.36,0,0.0,31,5.28
bsa042_u.htm,459,1,21.79,0,0.0,0,0.0,0,0.0,0,0.0
b13c084.htm,189,0,0.0,0,0.0,0,0.0,0,0.0,0,0.0
b08c035.htm,132,0,0.0,0,0.0,0,0.0,0,0.0,0,0.0
sa_kSemendra-pratItyasamutpAdAvadAna.htm,696,1,14.37,0,0.0,0,0.0,0,0.0,1,14.37
gautdh_u.htm,8852,7,7.91,2,2.26,1,1.13,1,1.13,6,6.78
sa_nArAyaNabhaTTa-nArAyaNIya.htm,18152,20,11.02,25,13.77,11,6.06,1,0.55,19,10.47
ramvaspu.htm,13146,8,6.09,7,5.32,22,16.74,1,0.76,106,80.63
b13c090.htm,106,0,0.0,0,0.0,0,0.0,0,0.0,0,0.0
majjn3ou.htm,71022,38,5.35,9,1.27,1,0.14,1,0.14,158,22.25
yamsvsau.htm,4465,2,4.48,0,0.0,0,0.0,0,0.0,5,11.2
ksbhm16u.htm,1138,0,0.0,0,0.0,0,0.0,0,0.0,2,17.57
pm200__u.htm,1391,0,0.0,0,0.0,0,0.0,2,14.38,0,0.0
sa_viSNuzarman-paJcatantra.htm,54455,25,4.59,17,3.12,13,2.39,2,0.37,67,12.3
mrtvstsu.htm,479,0,0.0,0,0.0,3,62.63,0,0.0,0,0.0
sa_adhyardhazatikA-prajJApAramitA.htm,1186,1,8.43,0,0.0,0,0.0,0,0.0,0,0.0
b02c042.htm,136,0,0.0,0,0.0,0,0.0,0,0.0,0,0.0
b12c056.htm,130,0,0.0,0,0.0,0,0.0,0,0.0,0,0.0
sktexcerptsjb_iu.htm,8935,13,14.55,1,1.12,2,2.24,0,0.0,12,13.43
mndvivau.htm,2991,1,3.34,0,0.0,6,20.06,0,0.0,4,13.37
pncvbr1u.htm,50164,0,0.0,6,1.2,1,0.2,0,0.0,10,1.99
b09c018.htm,144,0,0.0,0,0.0,0,0.0,0,0.0,0,0.0
abhisamu.htm,3435,2,5.82,1,2.91,0,0.0,0,0.0,3,8.73
ysall_iu.htm,8087,6,7.42,2,2.47,0,0.0,6,7.42,6,7.42
bsu018_u.htm,35508,59,16.62,7,1.97,0,0.0,6,1.69,37,10.42
sa_zivopaniSad.htm,15507,37,23.86,32,20.64,4,2.58,0,0.0,22,14.19
bhg4c10u.htm,10074,3,2.98,0,0.0,6,5.96,0,0.0,49,48.64
b09c024.htm,129,0,0.0,0,0.0,0,0.0,0,0.0,0,0.0
samp_1pu.htm,56130,146,26.01,71,12.65,0,0.0,5,0.89,158,28.15
sdahen_u.htm,21984,69,31.39,29,13.19,4,1.82,2,0.91,40,18.2
jataka3u.htm,17123,10,5.84,11,6.42,0,0.0,1,0.58,17,9.93
rmc1-3xu.htm,3421,4,11.69,2,5.85,1,2.92,0,0.0,2,5.85
b09c030.htm,156,0,0.0,0,0.0,0,0.0,0,0.0,0,0.0
sa_saddharmapuNDarIkasUtra.htm,53519,91,17.0,10,1.87,4,0.75,2,0.37,142,26.53
b09c026.htm,122,0,0.0,0,0.0,0,0.0,0,0.0,0,0.0
gaukarsu.htm,3716,0,0.0,0,0.0,0,0.0,0,0.0,10,26.91
stopwords.htm,377,0,0.0,0,0.0,0,0.0,0,0.0,0,0.0
dhamma1u.htm,10160,6,5.91,0,0.0,1,0.98,0,0.0,8,7.87
b09c032.htm,114,0,0.0,0,0.0,0,0.0,0,0.0,0,0.0
b12c083.htm,151,0,0.0,0,0.0,0,0.0,0,0.0,0,0.0
bhp_10u.htm,55630,67,12.04,68,12.22,16,2.88,9,1.62,42,7.55
brssgo3u.htm,41992,36,8.57,14,3.33,61,14.53,3,0.71,75,17.86
sa_IzvarakRSNa-sAMkhyakArikA.htm,4115,0,0.0,3,7.29,0,0.0,2,4.86,5,12.15
sa_abhinavagupta-paramArthasAra.htm,2049,4,19.52,1,4.88,0,0.0,0,0.0,2,9.76
bsa005_u.htm,648,2,30.86,1,15.43,0,0.0,0,0.0,0,0.0
goramaru.htm,1730,5,28.9,0,0.0,0,0.0,0,0.0,5,28.9
sa_mAdhva-anuvyAkhyAna.htm,25336,7,2.76,3,1.18,37,14.6,4,1.58,18,7.1
ram_04_u.htm,26760,36,13.45,21,7.85,3,1.12,0,0.0,28,10.46
bsa040_u.htm,1064,1,9.4,1,9.4,0,0.0,0,0.0,2,18.8
angut4pu.htm,85701,76,8.87,13,1.52,0,0.0,3,0.35,195,22.75
sa_nAgArjuna-zAlistambakakArikA.htm,1460,2,13.7,10,68.49,0,0.0,0,0.0,4,27.4
pm160__u.htm,8008,0,0.0,0,0.0,0,0.0,10,12.49,0,0.0
mrgt3mau.htm,2254,6,26.62,1,4.44,1,4.44,0,0.0,0,0.0
ys182_pu.htm,3245,4,12.33,2,6.16,0,0.0,0,0.0,2,6.16
b03c247.htm,103,0,0.0,0,0.0,0,0.0,0,0.0,0,0.0
sa_vimalamitra-abhidharmadIpa-1-383.htm,5236,1,1.91,2,3.82,0,0.0,0,0.0,8,15.28
asvgs_u.htm,1807,2,11.07,6,33.2,0,0.0,0,0.0,7,38.74
b12c068.htm,130,0,0.0,0,0.0,0,0.0,0,0.0,0,0.0
sanss16u.htm,3235,2,6.18,0,0.0,0,0.0,0,0.0,10,30.91
sa_maitreyavyAkaraNa-alt.htm,2006,10,49.85,1,4.99,0,0.0,0,0.0,1,4.99
b02c068.htm,107,0,0.0,0,0.0,0,0.0,0,0.0,0,0.0
yssoutiu.htm,2586,1,3.87,0,0.0,0,0.0,2,7.73,2,7.73
vin5papu.htm,55918,44,7.87,20,3.58,2,0.36,0,0.0,55,9.84
samp_3pu.htm,48704,111,22.79,16,3.29,1,0.21,0,0.0,46,9.44
sa_zAntideva-bodhicaryAvatAra-alt.htm,12765,6,4.7,4,3.13,5,3.92,3,2.35,13,10.18
b12c295.htm,103,0,0.0,0,0.0,0,0.0,0,0.0,0,0.0
sa_kSemendra-avadAnakalpalatA.htm,51639,87,16.85,58,11.23,33,6.39,1,0.19,66,12.78
rmc1-3au.htm,5360,4,7.46,2,3.73,1,1.87,0,0.0,2,3.73
khudp_pu.htm,1822,1,5.49,0,0.0,0,0.0,0,0.0,4,21.95
b08c023.htm,124,0,0.0,0,0.0,0,0.0,0,0.0,0,0.0
mkarmviu.htm,9135,9,9.85,2,2.19,6,6.57,0,0.0,17,18.61
pm137b_u.htm,2395,0,0.0,0,0.0,0,0.0,0,0.0,1,4.18
sa_ApastambadharmasUtra.htm,12609,12,9.52,6,4.76,0,0.0,0,0.0,19,15.07
pm103__u.htm,3252,0,0.0,0,0.0,0,0.0,5,15.38,0,0.0
pm003__u.htm,19859,0,0.0,0,0.0,0,0.0,15,7.55,0,0.0
sa_rAmodanta.htm,3869,3,7.75,0,0.0,0,0.0,0,0.0,1,2.58
sa_AryazUra-jAtakamAlA-1-15.htm,18405,14,7.61,5,2.72,30,16.3,0,0.0,35,19.02
mmatvipu.htm,5128,1,1.95,4,7.8,0,0.0,2,3.9,5,9.75
ss1_tatu.htm,13163,8,6.08,8,6.08,9,6.84,0,0.0,40,30.39
b13c051.htm,120,0,0.0,0,0.0,0,0.0,0,0.0,0,0.0
sktexcerptsjb_pu.htm,10080,14,13.89,1,0.99,2,1.98,0,0.0,12,11.9
b06c114.htm,246,0,0.0,0,0.0,0,0.0,0,0.0,0,0.0
vchedpgu.htm,2490,0,0.0,0,0.0,0,0.0,0,0.0,5,20.08
majjn1ou.htm,129766,81,6.24,37,2.85,0,0.0,0,0.0,466,35.91
sa_hastavAlaprakaraNavRtti.htm,677,0,0.0,0,0.0,0,0.0,0,0.0,0,0.0
dkavy3_u.htm,3126,0,0.0,0,0.0,1,3.2,0,0.0,3,9.6
yamsr_pu.htm,1446,3,20.75,0,0.0,2,13.83,0,0.0,6,41.49
sa_dIpaMkarazrIjJAna-ApattidezanAvidhi.htm,704,0,0.0,0,0.0,0,0.0,0,0.0,0,0.0
jatkstau.htm,853,0,0.0,2,23.45,0,0.0,0,0.0,0,0.0
bbdip12u.htm,15093,3,1.99,7,4.64,6,3.98,1,0.66,35,23.19
srajsgiu.htm,19249,11,5.71,1,0.52,0,0.0,0,0.0,42,21.82
ruvyavivya_pu.htm,14466,6,4.15,3,2.07,8,5.53,0,0.0,19,13.13
sa_yAjJavalkyasmRti.htm,28804,27,9.37,8,2.78,4,1.39,8,2.78,37,12.85
mimslovu.htm,37345,11,2.95,0,0.0,75,20.08,0,0.0,59,15.8
bhg4c__u.htm,200263,131,6.54,19,0.95,279,13.93,6,0.3,535,26.71
nrat_4_u.htm,1723,1,5.8,0,0.0,1,5.8,0,0.0,2,11.61
sa_zUnyasamAdhipAda-tattvajJAnasaMsiddhi.htm,1428,3,21.01,0,0.0,1,7.0,0,0.0,0,0.0
tulrcm2u.htm,38579,21,5.44,3,0.78,4,1.04,2,0.52,3,0.78
angirspu.htm,18149,13,7.16,2,1.1,1,0.55,10,5.51,21,11.57
pm072__u.htm,16286,0,0.0,0,0.0,0,0.0,30,18.42,0,0.0
sa_mAdhva-mahAbhAratatAtparyanirNaya.htm,84529,61,7.22,18,2.13,16,1.89,0,0.0,46,5.44
timudghu.htm,5121,9,17.57,2,3.91,2,3.91,0,0.0,3,5.86
b13c131.htm,126,0,0.0,0,0.0,0,0.0,0,0.0,0,0.0
b12c322.htm,117,0,0.0,0,0.0,0,0.0,0,0.0,0,0.0
b12c336.htm,188,1,53.19,0,0.0,1,53.19,0,0.0,0,0.0
pm010-3u.htm,7583,0,0.0,0,0.0,0,0.0,26,34.29,0,0.0
b06c060.htm,174,1,57.47,0,0.0,0,0.0,0,0.0,0,0.0
pm146b_u.htm,19541,0,0.0,0,0.0,0,0.0,252,128.96,5,2.56
pm172__u.htm,45475,0,0.0,0,0.0,0,0.0,179,39.36,1,0.22
adyappiu.htm,988,0,0.0,0,0.0,0,0.0,0,0.0,1,10.12
vargs_u.htm,5183,1,1.93,0,0.0,1,1.93,0,0.0,7,13.51
majjn2pu.htm,58300,32,5.49,11,1.89,0,0.0,6,1.03,59,10.12
sa_somAnanda-zAktavijJAna.htm,910,0,0.0,0,0.0,0,0.0,0,0.0,0,0.0
sa_vajracchedikA-prajJApAramitA.htm,4584,0,0.0,0,0.0,0,0.0,0,0.0,10,21.82
b06c048.htm,152,0,0.0,0,0.0,1,65.79,0,0.0,0,0.0
sa_bhRgusaMhitA.htm,69770,236,33.83,45,6.45,17,2.44,19,2.72,91,13.04
bsu027_u.htm,763,0,0.0,0,0.0,0,0.0,0,0.0,2,26.21
budvmspu.htm,16354,28,17.12,4,2.45,0,0.0,0,0.0,50,30.57
bsu062_u.htm,45028,36,8.0,8,1.78,79,17.54,2,0.44,43,9.55
upasak_u.htm,30683,88,28.68,9,2.93,2,0.65,1,0.33,97,31.61
srabhu_u.htm,47910,28,5.84,4,0.83,7,1.46,3,0.63,82,17.12
bhp_06u.htm,10888,11,10.1,7,6.43,3,2.76,0,0.0,23,21.12
nagast_u.htm,1158,0,0.0,0,0.0,0,0.0,0,0.0,6,51.81
sa_vAcaspatimizra-bhAmati.htm,90362,87,9.63,10,1.11,127,14.05,0,0.0,203,22.47
vamp__u.htm,66534,84,12.63,59,8.87,10,1.5,0,0.0,61,9.17
sarvmtsu.htm,4717,2,4.24,2,4.24,18,38.16,0,0.0,13,27.56
ajitsvyu.htm,4829,8,16.57,0,0.0,0,0.0,0,0.0,5,10.35
somsv_u.htm,664,0,0.0,0,0.0,0,0.0,0,0.0,0,0.0
padnscsu.htm,23901,48,20.08,28,11.71,15,6.28,0,0.0,7,2.93
pm011__u.htm,22391,0,0.0,0,0.0,0,0.0,29,12.95,0,0.0
garbhupu.htm,749,0,0.0,1,13.35,0,0.0,0,0.0,0,0.0
b11c008.htm,108,0,0.0,0,0.0,0,0.0,0,0.0,0,0.0
b12c120.htm,122,0,0.0,0,0.0,0,0.0,0,0.0,0,0.0
udkassku.htm,1112,0,0.0,0,0.0,0,0.0,0,0.0,1,8.99
sa_zAGkhAyanagRhyasUtra.htm,4220,3,7.11,7,16.59,0,0.0,2,4.74,3,7.11
sa_nAgArjuna-zAlistambakamahAyAnasUtraTIkA.htm,8413,7,8.32,24,28.53,1,1.19,0,0.0,60,71.32
sa_vAsiSThadharmasUtra.htm,8034,8,9.96,2,2.49,1,1.24,0,0.0,8,9.96
gu29___u.htm,4161,5,12.02,5,12.02,1,2.4,1,2.4,1,2.4
mbhx_03.htm,4680,0,0.0,0,0.0,0,0.0,0,0.0,0,0.0
sa_durvekamizra-hetubinduTIkAloka.htm,45179,13,2.88,1,0.22,84,18.59,1,0.22,89,19.7
mbhx_17.htm,27220,1,0.37,4,1.47,0,0.0,0,0.0,0,0.0
bghsic_u.htm,7788,27,34.67,13,16.69,4,5.14,0,0.0,5,6.42
bsa038_u.htm,860,0,0.0,1,11.63,0,0.0,0,0.0,0,0.0
pm158b_u.htm,33793,0,0.0,0,0.0,0,0.0,25,7.4,0,0.0
sa_abhisamayAlaMkAravivaraNa.htm,7177,1,1.39,0,0.0,3,4.18,0,0.0,8,11.15
ttssarvu.htm,1342,3,22.35,0,0.0,0,0.0,0,0.0,7,52.16
mabhedtu.htm,8134,12,14.75,3,3.69,6,7.38,1,1.23,5,6.15
nysu__1u.htm,67987,13,1.91,11,1.62,167,24.56,0,0.0,142,20.89
bsu003_u.htm,1145,0,0.0,0,0.0,0,0.0,0,0.0,0,0.0
sivmstpu.htm,1339,1,7.47,0,0.0,1,7.47,1,7.47,1,7.47
mbhx_02.htm,11978,0,0.0,1,0.83,0,0.0,0,0.0,0,0.0
bsu046_u.htm,7266,14,19.27,0,0.0,1,1.38,0,0.0,1,1.38
b07c070.htm,109,0,0.0,0,0.0,0,0.0,0,0.0,0,0.0
b07c064.htm,128,0,0.0,0,0.0,0,0.0,0,0.0,0,0.0
pm139__u.htm,1801,0,0.0,0,0.0,0,0.0,1,5.55,0,0.0
b12c121.htm,129,0,0.0,1,77.52,0,0.0,0,0.0,0,0.0
pm009-1u.htm,6495,0,0.0,0,0.0,0,0.0,11,16.94,0,0.0
pm100-2u.htm,5411,0,0.0,0,0.0,0,0.0,5,9.24,0,0.0
hv_coniu.htm,128926,106,8.22,157,12.18,16,1.24,0,0.0,130,10.08
brbiuppu.htm,629,1,15.9,0,0.0,0,0.0,0,0.0,0,0.0
vd3343au.htm,7065,12,16.99,1,1.42,0,0.0,0,0.0,8,11.32
sbpramvu.htm,15198,0,0.0,1,0.66,30,19.74,0,0.0,41,26.98
kautil_u.htm,51464,86,16.71,55,10.69,20,3.89,21,4.08,79,15.35
ghatgu_u.htm,4761,0,0.0,2,4.2,5,10.5,0,0.0,5,10.5
vytrkt3u.htm,36185,5,1.38,1,0.28,313,86.5,0,0.0,88,24.32
cakbh_pu.htm,851,3,35.25,0,0.0,0,0.0,0,0.0,3,35.25
sratrppu.htm,4752,0,0.0,1,2.1,1,2.1,0,0.0,3,6.31
rvadrahu.htm,11886,3,2.52,3,2.52,25,21.03,0,0.0,32,26.92
gopthbru.htm,8672,1,1.15,1,1.15,0,0.0,0,0.0,15,17.3
sa_candrakIrti-bodhisattvayogAcAracatuHzatakaTIkA.htm,21801,2,0.92,0,0.0,14,6.42,2,0.92,41,18.81
pm144__u.htm,3557,0,0.0,0,0.0,0,0.0,5,14.06,0,0.0
yajn2_pu.htm,15398,12,7.79,4,2.6,2,1.3,4,2.6,17,11.04
kalrs_iu.htm,2568,4,15.58,2,7.79,0,0.0,0,0.0,4,15.58
sa_maJjuzrInAmasaMgIti.htm,2216,4,18.05,2,9.03,0,0.0,0,0.0,6,27.08
sa_yamasmRti-s.htm,2613,1,3.83,0,0.0,0,0.0,2,7.65,2,7.65
sa_mammaTa-kAvyaprakAza.htm,25111,18,7.17,18,7.17,21,8.36,1,0.4,52,20.71
pm027__u.htm,4088,0,0.0,0,0.0,0,0.0,6,14.68,0,0.0
vimvatpu.htm,19266,47,24.4,48,24.91,0,0.0,2,1.04,17,8.82
pm197a_u.htm,3035,0,0.0,0,0.0,0,0.0,9,29.65,2,6.59
dkavy12u.htm,7041,16,22.72,5,7.1,3,4.26,0,0.0,8,11.36
bsa059_u.htm,1120,1,8.93,0,0.0,0,0.0,0,0.0,2,17.86
pm127__u.htm,22922,0,0.0,0,0.0,0,0.0,42,18.32,4,1.75
b06c061.htm,160,3,187.5,0,0.0,1,62.5,0,0.0,0,0.0
b12c337.htm,158,1,63.29,0,0.0,0,0.0,0,0.0,0,0.0
sa_pataJjali-yogasUtra-with-bhASya.htm,13174,14,10.63,2,1.52,6,4.55,0,0.0,65,49.34
rvpp_01u.htm,70336,2,0.28,6,0.85,4,0.57,0,0.0,8,1.14
asvss_u.htm,13764,6,4.36,7,5.09,0,0.0,0,0.0,8,5.81
b12c323.htm,132,0,0.0,0,0.0,0,0.0,0,0.0,0,0.0
b13c130.htm,129,0,0.0,0,0.0,0,0.0,0,0.0,0,0.0
b06c075.htm,132,0,0.0,0,0.0,0,0.0,0,0.0,0,0.0
samyut5u.htm,181038,9,0.5,14,0.77,0,0.0,9,0.5,612,33.81
sa_kaivalyopaniSad.htm,1053,1,9.5,0,0.0,0,0.0,0,0.0,4,37.99
samyu4ou.htm,103165,11,1.07,33,3.2,0,0.0,8,0.78,249,24.14
hsasvrau.htm,12675,0,0.0,0,0.0,17,13.41,0,0.0,22,17.36
kurmp2_u.htm,37964,49,12.91,12,3.16,16,4.21,6,1.58,54,14.22
b05c149.htm,187,0,0.0,0,0.0,0,0.0,0,0.0,0,0.0
vnyps11u.htm,2165,0,0.0,0,0.0,4,18.48,0,0.0,4,18.48
mbh_12_u.htm,232500,118,5.08,37,1.59,32,1.38,18,0.77,477,20.52
yamss_au.htm,3973,2,5.03,0,0.0,0,0.0,0,0.0,5,12.58
sa_kAlidAsa-meghadUta.htm,2907,1,3.44,2,6.88,0,0.0,0,0.0,3,10.32
sa_zivapurANabooks-1-and-7.htm,69643,118,16.94,73,10.48,59,8.47,0,0.0,89,12.78
vrhasp_u.htm,11515,4,3.47,0,0.0,10,8.68,0,0.0,7,6.08
sa_udbhaTa-kAvyAlaMkArasArasaMgraha.htm,13543,13,9.6,3,2.22,11,8.12,2,1.48,42,31.01
b06c115.htm,148,0,0.0,0,0.0,1,67.57,0,0.0,0,0.0
sa_jIvagosvAmin-saMkalpakalpadruma.htm,12474,7,5.61,16,12.83,3,2.41,4,3.21,0,0.0
sa_gautama-nyAyasUtra-comm2.htm,107037,22,2.06,30,2.8,482,45.03,1,0.09,167,15.6
sa_kSemarAja-bodhavilAsa.htm,1089,0,0.0,0,0.0,0,0.0,0,0.0,1,9.18
sa_tattvasamAsa-4versions.htm,1089,0,0.0,1,9.18,0,0.0,0,0.0,8,73.46
jvrtmsiu.htm,2733,6,21.95,6,21.95,1,3.66,0,0.0,2,7.32
pm012-2u.htm,12295,0,0.0,0,0.0,0,0.0,11,8.95,0,0.0
svetu_iu.htm,2491,0,0.0,0,0.0,0,0.0,0,0.0,5,20.07
sa_abhinavagupta-paryantapaJcAzikA.htm,1198,1,8.35,0,0.0,0,0.0,0,0.0,1,8.35
b13c044.htm,125,0,0.0,0,0.0,0,0.0,0,0.0,0,0.0
b05c029.htm,122,0,0.0,0,0.0,0,0.0,0,0.0,0,0.0
sa_nAgArjuna-mUlamadhyamakakArikA.htm,7741,2,2.58,0,0.0,1,1.29,0,0.0,17,21.96
sa_dharmakIrti-subandhaparIkSA-1-25.htm,1297,0,0.0,0,0.0,0,0.0,0,0.0,0,0.0
sa_buddhaghoSa-siddhArthacaritrakAvya.htm,8044,27,33.57,13,16.16,4,4.97,0,0.0,5,6.22
bsa021_u.htm,1401,0,0.0,0,0.0,1,7.14,0,0.0,2,14.28
mhvastuu.htm,203553,177,8.7,105,5.16,25,1.23,23,1.13,326,16.02
bsa064_u.htm,7287,2,2.74,1,1.37,71,97.43,0,0.0,13,17.84
sa_Anandavardhana-dhvanyAloka-comm.htm,116255,36,3.1,10,0.86,138,11.87,6,0.52,399,34.32
nvtp1_1u.htm,47170,16,3.39,3,0.64,204,43.25,1,0.21,135,28.62
b08c022.htm,141,0,0.0,0,0.0,1,70.92,0,0.0,0,0.0
sa_ApastambagRhyasUtra-comm.htm,46909,78,16.63,34,7.25,6,1.28,0,0.0,58,12.36
kskala_u.htm,7364,8,10.86,5,6.79,6,8.15,2,2.72,11,14.94
bhbhg_cu.htm,39366,42,10.67,3,0.76,21,5.33,0,0.0,66,16.77
sa_sukhAvatIvyUha.htm,8753,9,10.28,2,2.28,0,0.0,0,0.0,5,5.71
utajp_iu.htm,621,0,0.0,0,0.0,0,0.0,0,0.0,0,0.0
pm056__u.htm,3148,0,0.0,0,0.0,0,0.0,3,9.53,0,0.0
b12c294.htm,108,0,0.0,0,0.0,0,0.0,0,0.0,0,0.0
pugpan_ou.htm,16879,9,5.33,3,1.78,0,0.0,1,0.59,102,60.43
pm135__u.htm,20036,0,0.0,0,0.0,0,0.0,250,124.78,0,0.0
manjn1au.htm,3432,5,14.57,3,8.74,0,0.0,0,0.0,7,20.4
sumagavu.htm,5653,8,14.15,1,1.77,10,17.69,0,0.0,2,3.54
tsc_simu.htm,4953,2,4.04,3,6.06,0,0.0,2,4.04,22,44.42
b12c069.htm,152,0,0.0,0,0.0,0,0.0,0,0.0,0,0.0
pm035__u.htm,18490,0,0.0,0,0.0,1,0.54,18,9.73,0,0.0
sa_harSadeva-nAgAnanda.htm,2877,2,6.95,2,6.95,1,3.48,0,0.0,3,10.43
nagbhc_u.htm,422,0,0.0,0,0.0,0,0.0,0,0.0,0,0.0
mahpratu.htm,7185,20,27.84,15,20.88,3,4.18,0,0.0,13,18.09
candras_pu.htm,632,0,0.0,0,0.0,0,0.0,0,0.0,0,0.0
sa_kauSItakibrAhmaNa.htm,26547,2,0.75,4,1.51,0,0.0,0,0.0,18,6.78
sa_pravrajyAvastu.htm,13038,18,13.81,2,1.53,0,0.0,0,0.0,41,31.45
rahppsau.htm,711,0,0.0,0,0.0,1,14.06,0,0.0,0,0.0
bhnstcpu.htm,2168,0,0.0,0,0.0,0,0.0,0,0.0,0,0.0
pm148__u.htm,56935,0,0.0,0,0.0,0,0.0,364,63.93,1,0.18
sa_bhallaTa-bhallaTazataka.htm,5125,6,11.71,6,11.71,0,0.0,0,0.0,0,0.0
b04c038.htm,129,0,0.0,0,0.0,0,0.0,0,0.0,0,0.0
dvavims_tu.htm,26024,26,9.99,14,5.38,9,3.46,0,0.0,77,29.59
pm048__u.htm,2295,0,0.0,0,0.0,0,0.0,0,0.0,0,0.0
sa_mahAsAhasrapramardanI.htm,8425,8,9.5,1,1.19,0,0.0,0,0.0,29,34.42
sabhivpu.htm,3896,4,10.27,0,0.0,1,2.57,0,0.0,0,0.0
psarkdhu.htm,670,0,0.0,0,0.0,0,0.0,0,0.0,0,0.0
b01c155.htm,120,1,83.33,0,0.0,0,0.0,0,0.0,0,0.0
b04c004.htm,109,0,0.0,0,0.0,0,0.0,0,0.0,0,0.0
sa_vAtsyAyana-kAmasUtra-ednirnaya.htm,14990,26,17.34,7,4.67,8,5.34,0,0.0,21,14.01
padama_u.htm,7465,0,0.0,1,1.34,0,0.0,0,0.0,27,36.17
snyayvpu.htm,17067,4,2.34,1,0.59,54,31.64,0,0.0,41,24.02
vinv171u.htm,44061,36,8.17,33,7.49,12,2.72,0,0.0,85,19.29
b09c027.htm,140,1,71.43,0,0.0,0,0.0,0,0.0,0,0.0
sa_tarkazAstra.htm,5921,0,0.0,0,0.0,8,13.51,0,0.0,1,1.69
bhcarr_au.htm,29488,35,11.87,87,29.5,20,6.78,5,1.7,57,19.33
vjviddhu.htm,817,0,0.0,2,24.48,1,12.24,0,0.0,2,24.48
pm113__u.htm,14112,0,0.0,0,0.0,0,0.0,16,11.34,1,0.71
pm023-1u.htm,9337,0,0.0,0,0.0,0,0.0,20,21.42,8,8.57
kathop_u.htm,2697,1,3.71,0,0.0,0,0.0,0,0.0,3,11.12
b09c023.htm,140,0,0.0,0,0.0,0,0.0,0,0.0,0,0.0
vnyps51u.htm,1856,0,0.0,0,0.0,0,0.0,0,0.0,6,32.33
mbh_16_u.htm,4997,2,4.0,1,2.0,0,0.0,1,2.0,3,6.0
b12c092.htm,121,0,0.0,0,0.0,0,0.0,0,0.0,0,0.0
b03c281.htm,262,0,0.0,0,0.0,0,0.0,0,0.0,0,0.0
sa_kSemendra-sudhanakinnaryavadAna.htm,5350,4,7.48,6,11.21,5,9.35,0,0.0,6,11.21
b09c037.htm,124,0,0.0,0,0.0,2,161.29,0,0.0,0,0.0
sa_azvaghoSa-vajrasUcI.htm,1332,0,0.0,0,0.0,0,0.0,0,0.0,3,22.52
ram_1-7u.htm,252126,255,10.11,139,5.51,40,1.59,17,0.67,167,6.62
sa_maitreyanAtha-abhisamayAlaMkaranAmaprajJApAramitopadezazAstra.htm,3676,2,5.44,1,2.72,0,0.0,0,0.0,3,8.16
sa_aitareyopaniSad-comm.htm,5969,4,6.7,3,5.03,9,15.08,0,0.0,21,35.18
sa_vimalakIrtinirdeza.htm,19193,17,8.86,2,1.04,0,0.0,0,0.0,40,20.84
b12c079.htm,104,0,0.0,0,0.0,0,0.0,0,0.0,0,0.0
sa_dharmakIrti-pramANavArttikakArikA.htm,15945,3,1.88,0,0.0,63,39.51,0,0.0,32,20.07
bsa018_u.htm,682,1,14.66,0,0.0,0,0.0,0,0.0,0,0.0
ss5_bhku.htm,53694,76,14.15,8,1.49,65,12.11,2,0.37,81,15.09
b02c045.htm,132,0,0.0,0,0.0,0,0.0,0,0.0,0,0.0
vin1mapu.htm,94475,161,17.04,36,3.81,0,0.0,0,0.0,57,6.03
b07c114.htm,199,0,0.0,0,0.0,0,0.0,0,0.0,0,0.0
b05c039.htm,150,0,0.0,0,0.0,0,0.0,0,0.0,0,0.0
namekvsu.htm,544,1,18.38,0,0.0,0,0.0,0,0.0,2,36.76
svagata_tu.htm,580,0,0.0,0,0.0,0,0.0,0,0.0,0,0.0
sa_ratnakIrti-kSaNabhaGgasiddhi-vyatirekAtmikA-alt.htm,2801,0,0.0,0,0.0,5,17.85,0,0.0,7,24.99
sa_kuzalamizra-gUDhArthadIpikA.htm,5029,0,0.0,2,3.98,5,9.94,0,0.0,5,9.94
dighn3pu.htm,51268,30,5.85,10,1.95,0,0.0,0,0.0,90,17.55
sa_harSadeva-priyadarzikA.htm,11135,16,14.37,4,3.59,2,1.8,1,0.9,3,2.69
b13c083.htm,128,0,0.0,0,0.0,1,78.12,0,0.0,0,0.0
b12c290.htm,242,1,41.32,0,0.0,0,0.0,0,0.0,0,0.0
b08c032.htm,181,0,0.0,0,0.0,0,0.0,0,0.0,0,0.0
kathav2u.htm,56443,25,4.43,0,0.0,0,0.0,1,0.18,53,9.39
b08c026.htm,166,0,0.0,0,0.0,0,0.0,0,0.0,0,0.0
vakyam_u.htm,9720,7,7.2,4,4.12,0,0.0,4,4.12,29,29.84
b03c083.htm,240,0,0.0,0,0.0,0,0.0,0,0.0,0,0.0
bhakirpu.htm,17468,20,11.45,10,5.72,18,10.3,0,0.0,21,12.02
sa_paJcaviMzatisAhasrikA-prajJApAramitA1-8.htm,213566,87,4.07,37,1.73,1,0.05,8,0.37,387,18.12
sa_jayadeva-gItagovinda.htm,5548,4,7.21,4,7.21,4,7.21,2,3.6,1,1.8
sa_pataJjali-yogasUtra-with-bhASya-alt.htm,3590,15,41.78,4,11.14,9,25.07,0,0.0,77,214.48
gp23-33u.htm,29425,14,4.76,51,17.33,21,7.14,6,2.04,16,5.44
sa_tArAbhaTTArikAnAmASTottarazatakastotra.htm,1246,1,8.03,1,8.03,0,0.0,0,0.0,0,0.0
sanssr_au.htm,62050,69,11.12,28,4.51,8,1.29,15,2.42,127,20.47
sa_dharmakIrti-nyAyabinduprakaraNa-comm.htm,31714,15,4.73,0,0.0,176,55.5,0,0.0,64,20.18
bsu007_u.htm,1042,5,47.98,0,0.0,0,0.0,0,0.0,3,28.79
sa_mahAmantrAnusAriNI.htm,1807,0,0.0,1,5.53,0,0.0,0,0.0,2,11.07
b13c040.htm,127,1,78.74,0,0.0,0,0.0,0,0.0,0,0.0
b12c253.htm,113,0,0.0,0,0.0,1,88.5,0,0.0,0,0.0
sa_vAgIzvarakIrti-mRtyuvaJcanopadeza.htm,5153,3,5.82,0,0.0,0,0.0,0,0.0,5,9.7
sa_tarkabhASA.htm,8634,1,1.16,0,0.0,46,53.28,1,1.16,14,16.21
pm070__u.htm,1281,0,0.0,0,0.0,0,0.0,0,0.0,0,0.0
dhyggs_u.htm,6584,17,25.82,7,10.63,5,7.59,1,1.52,4,6.08
todaltpu.htm,5837,18,30.84,0,0.0,0,0.0,0,0.0,10,17.13
b03c040.htm,137,0,0.0,0,0.0,1,72.99,0,0.0,0,0.0
sa_upAyahRdaya.htm,4637,0,0.0,0,0.0,4,8.63,0,0.0,5,10.78
pm170__u.htm,5955,0,0.0,0,0.0,0,0.0,7,11.75,1,1.68
samyut4u.htm,129454,12,0.93,34,2.63,0,0.0,6,0.46,623,48.13
b10c008.htm,325,0,0.0,1,30.77,0,0.0,0,0.0,0,0.0
pm101__u.htm,2080,0,0.0,0,0.0,0,0.0,0,0.0,0,0.0
sa_padmagupta-navasAhasAGkacarita.htm,41645,113,27.13,56,13.45,32,7.68,0,0.0,12,2.88
pm001__u.htm,11368,0,0.0,0,0.0,0,0.0,4,3.52,0,0.0
yamcatau.htm,386,0,0.0,0,0.0,0,0.0,0,0.0,0,0.0
sa_uDDAmarezvaratantra.htm,10633,13,12.23,16,15.05,20,18.81,0,0.0,20,18.81
sa_zAntideva-zikSAsamuccaya.htm,62289,69,11.08,28,4.5,8,1.28,15,2.41,127,20.39
isupsb_u.htm,2639,8,30.31,0,0.0,3,11.37,0,0.0,4,15.16
sa_jalhaNa-mugdhopadeza.htm,4005,4,9.99,7,17.48,0,0.0,0,0.0,0,0.0
brupsb6u.htm,8736,6,6.87,6,6.87,9,10.3,0,0.0,9,10.3
brndp1_u.htm,50928,20,3.93,27,5.3,11,2.16,0,0.0,96,18.85
vidsrixu.htm,26117,40,15.32,36,13.78,11,4.21,7,2.68,32,12.25
sa_mANDUkyopaniSad-comm.htm,16911,3,1.77,1,0.59,8,4.73,0,0.0,62,36.66
nystik_u.htm,107262,22,2.05,30,2.8,482,44.94,1,0.09,167,15.57
narayniu.htm,20220,20,9.89,25,12.36,11,5.44,1,0.49,19,9.4
b12c327.htm,247,1,40.49,0,0.0,0,0.0,0,0.0,0,0.0
b13c134.htm,126,0,0.0,0,0.0,0,0.0,0,0.0,0,0.0
klpdrapu.htm,7824,0,0.0,0,0.0,5,6.39,2,2.56,14,17.89
gp01-11u.htm,31384,26,8.28,47,14.98,27,8.6,5,1.59,23,7.33
sa_vallabhadeva-subhASitAvali-1-1040.htm,17233,17,9.86,12,6.96,4,2.32,2,1.16,12,6.96
b03c134.htm,111,0,0.0,0,0.0,0,0.0,0,0.0,0,0.0
sa_dazabalasUtra-1-4.htm,3094,2,6.46,0,0.0,0,0.0,0,0.0,30,96.96
sivap7_u.htm,53114,91,17.13,60,11.3,30,5.65,0,0.0,72,13.56
sa_ruyyaka-vyaktivivekavyAkhyA-2.htm,15086,6,3.98,3,1.99,8,5.3,0,0.0,19,12.59
samyu3pu.htm,64147,9,1.4,5,0.78,0,0.0,0,0.0,199,31.02
bsa025_u.htm,3147,1,3.18,0,0.0,4,12.71,0,0.0,7,22.24
vytrkt2u.htm,40929,0,0.0,2,0.49,286,69.88,2,0.49,154,37.63
sa_nAgArjuna-zUnyatAsaptati.htm,1626,1,6.15,0,0.0,0,0.0,0,0.0,1,6.15
bsa060_u.htm,2035,1,4.91,1,4.91,0,0.0,0,0.0,1,4.91
sa_mahAsudarzanAvadAna.htm,3198,4,12.51,0,0.0,0,0.0,0,0.0,7,21.89
b11c025.htm,105,0,0.0,0,0.0,0,0.0,0,0.0,0,0.0
bahcar8u.htm,3559,7,19.67,4,11.24,3,8.43,1,2.81,16,44.96
isibhasu.htm,12223,0,0.0,1,0.82,0,0.0,0,0.0,6,4.91
sa_gheraNDasaMhitA.htm,10397,108,103.88,2,1.92,7,6.73,0,0.0,7,6.73
pm026-2u.htm,557,0,0.0,0,0.0,0,0.0,0,0.0,0,0.0
sa_viMzatikAkArikA.htm,872,0,0.0,0,0.0,0,0.0,0,0.0,0,0.0
mbhx_06.htm,576,0,0.0,3,52.08,0,0.0,0,0.0,0,0.0
skp031iu.htm,24109,16,6.64,41,17.01,2,0.83,0,0.0,42,17.42
hpriydau.htm,10811,16,14.8,4,3.7,2,1.85,1,0.92,3,2.77
sa_kezavakAzmIri-kramadIpikA.htm,40080,197,49.15,73,18.21,24,5.99,0,0.0,72,17.96
sa_kAraNDavyUha.htm,14845,54,36.38,1,0.67,6,4.04,1,0.67,38,25.6
b07c048.htm,116,0,0.0,1,86.21,0,0.0,0,0.0,0,0.0
mbhx_12.htm,134,0,0.0,0,0.0,0,0.0,0,0.0,0,0.0
sa_yAska-nirukta.htm,10445,4,3.83,7,6.7,3,2.87,0,0.0,32,30.64
pm162__u.htm,17045,0,0.0,0,0.0,0,0.0,28,16.43,0,0.0
mrgt1mau.htm,6843,2,2.92,2,2.92,6,8.77,0,0.0,20,29.23
b07c074.htm,125,0,0.0,0,0.0,0,0.0,0,0.0,0,0.0
pm062__u.htm,2497,0,0.0,0,0.0,0,0.0,2,8.01,0,0.0
dhampdou.htm,16524,5,3.03,0,0.0,1,0.61,0,0.0,8,4.84
pm100-3u.htm,9749,0,0.0,0,0.0,0,0.0,13,13.33,0,0.0
buvismpu.htm,145832,183,12.55,34,2.33,10,0.69,7,0.48,553,37.92
sa_subhASitaratnakaraNDakathA.htm,4515,14,31.01,4,8.86,2,4.43,0,0.0,6,13.29
b07c061.htm,113,0,0.0,0,0.0,0,0.0,0,0.0,0,0.0
b12c124.htm,161,0,0.0,0,0.0,0,0.0,0,0.0,0,0.0
yuktdipu.htm,36513,7,1.92,10,2.74,71,19.45,4,1.1,123,33.69
sa_dignAga-prajJApAramitApiNDArtha.htm,1269,0,0.0,0,0.0,0,0.0,0,0.0,0,0.0
kbss_1-u.htm,11908,21,17.64,3,2.52,3,2.52,0,0.0,6,5.04
dhkprvku.htm,15672,3,1.91,0,0.0,63,40.2,0,0.0,32,20.42
mbhx_13.htm,284,0,0.0,0,0.0,0,0.0,0,0.0,0,0.0
visah__u.htm,36127,44,12.18,26,7.2,35,9.69,5,1.38,58,16.05
patyog_u.htm,1553,3,19.32,1,6.44,0,0.0,0,0.0,4,25.76
sanss01u.htm,6072,6,9.88,4,6.59,1,1.65,1,1.65,32,52.7
pm037__u.htm,4606,0,0.0,0,0.0,0,0.0,12,26.05,0,0.0
mbhx_07.htm,1528,0,0.0,0,0.0,0,0.0,0,0.0,0,0.0
sa_abhinavagupta-paramArthasAra-comm.htm,12306,15,12.19,6,4.88,21,17.06,2,1.63,41,33.32
bhp_07u.htm,9697,15,15.47,6,6.19,0,0.0,1,1.03,16,16.5
rasarnau.htm,22050,10,4.54,13,5.9,4,1.81,0,0.0,11,4.99
sa_kiraNatantra1-6.htm,14420,4,2.77,2,1.39,23,15.95,0,0.0,48,33.29
samp_7pu.htm,27350,36,13.16,11,4.02,2,0.73,1,0.37,30,10.97
svact_pu.htm,47727,140,29.33,31,6.5,9,1.89,0,0.0,56,11.73
manivdhu.htm,888,8,90.09,1,11.26,1,11.26,0,0.0,0,0.0
sa_poSadhavastu.htm,9051,33,36.46,2,2.21,0,0.0,0,0.0,0,0.0
ahovk2_u.htm,2036,4,19.65,2,9.82,0,0.0,0,0.0,4,19.65
vidsrimu.htm,44631,39,8.74,32,7.17,9,2.02,7,1.57,31,6.95
andhvy_u.htm,19030,6,3.15,3,1.58,8,4.2,0,0.0,69,36.26
nysvbh1u.htm,38342,0,0.0,2,0.52,120,31.3,0,0.0,114,29.73
gorst2pu.htm,2039,10,49.04,1,4.9,0,0.0,0,0.0,1,4.9
tulrcm3u.htm,9282,9,9.7,4,4.31,2,2.15,1,1.08,1,1.08
b03c135.htm,103,0,0.0,0,0.0,0,0.0,0,0.0,0,0.0
error001.htm,4255,0,0.0,0,0.0,0,0.0,0,0.0,0,0.0
ahovcs_u.htm,6269,3,4.79,6,9.57,6,9.57,3,4.79,4,6.38
pm129__u.htm,6790,0,0.0,0,0.0,0,0.0,2,2.95,1,1.47
hvsatssu.htm,108986,65,5.96,6,0.55,14,1.28,4,0.37,258,23.67
mahava_u.htm,116948,373,31.89,68,5.81,18,1.54,11,0.94,209,17.87
sa_saGghabhedavastu.htm,102832,94,9.14,67,6.52,28,2.72,8,0.78,256,24.89
b13c135.htm,292,5,171.23,0,0.0,0,0.0,0,0.0,0,0.0
b12c326.htm,278,0,0.0,0,0.0,0,0.0,0,0.0,0,0.0
pm010-2u.htm,9909,0,0.0,0,0.0,0,0.0,7,7.06,1,1.01
ruysahlu.htm,551,1,18.15,0,0.0,0,0.0,0,0.0,0,0.0
pm029__u.htm,4346,0,0.0,0,0.0,0,0.0,7,16.11,0,0.0
vamjanmu.htm,3216,4,12.44,1,3.11,1,3.11,0,0.0,5,15.55
nagvvy_u.htm,1494,0,0.0,0,0.0,1,6.69,0,0.0,2,13.39
b06c058.htm,134,0,0.0,0,0.0,0,0.0,0,0.0,0,0.0
b13c109.htm,149,0,0.0,0,0.0,0,0.0,0,0.0,0,0.0
utipk_au.htm,6925,9,13.0,0,0.0,3,4.33,0,0.0,23,33.21
pm154__u.htm,3121,0,0.0,0,0.0,0,0.0,20,64.08,0,0.0
sa_zatasAhasrikAprajJApAramitA-1.htm,278692,53,1.9,24,0.86,0,0.0,0,0.0,307,11.02
bbdip13u.htm,22498,77,34.23,2,0.89,27,12.0,0,0.0,48,21.34
sa_tattvaratnAvaloka.htm,872,0,0.0,0,0.0,0,0.0,0,0.0,1,11.47
patis1pu.htm,40362,6,1.49,0,0.0,0,0.0,0,0.0,133,32.95
aptees_u.htm,322903,223,6.91,103,3.19,172,5.33,11,0.34,283,8.76
pm054__u.htm,14405,0,0.0,0,0.0,0,0.0,22,15.27,0,0.0
meghdksu.htm,3017,1,3.31,3,9.94,0,0.0,0,0.0,4,13.26
sa_mammaTa-kAvyaprakAza-comm.htm,24151,8,3.31,12,4.97,19,7.87,2,0.83,46,19.05
vakobhau.htm,95567,30,3.14,5,0.52,2,0.21,1,0.1,179,18.73
vaisessu.htm,2501,0,0.0,0,0.0,1,4.0,0,0.0,9,35.99
vinv04_u.htm,4728,40,84.6,0,0.0,0,0.0,0,0.0,0,0.0
b10c009.htm,131,0,0.0,0,0.0,0,0.0,0,0.0,0,0.0
bsa001_u.htm,432,0,0.0,0,0.0,1,23.15,0,0.0,0,0.0
bsa044_u.htm,449,0,0.0,0,0.0,1,22.27,0,0.0,0,0.0
sa_bhikSuNIkarmavAcanA.htm,5633,1,1.78,0,0.0,0,0.0,0,0.0,20,35.51
angut3ou.htm,112853,62,5.49,11,0.97,0,0.0,4,0.35,270,23.92
partrvau.htm,18726,19,10.15,1,0.53,30,16.02,0,0.0,40,21.36
b06c110.htm,101,0,0.0,0,0.0,0,0.0,0,0.0,0,0.0
jonart_pu.htm,19555,20,10.23,11,5.63,3,1.53,4,2.05,9,4.6
sa_dharmakIrti-saMtAnAntarasiddhi.htm,1391,1,7.19,0,0.0,0,0.0,0,0.0,2,14.38
b06c104.htm,129,0,0.0,0,0.0,1,77.52,0,0.0,0,0.0
partr_iu.htm,771,2,25.94,0,0.0,0,0.0,0,0.0,0,0.0
sa_upasaMpadAjJapti.htm,4763,1,2.1,0,0.0,0,0.0,0,0.0,13,27.29
sa_svayaMbhupurANa.htm,23835,23,9.65,7,2.94,36,15.1,0,0.0,18,7.55
pm025__u.htm,3203,0,0.0,0,0.0,0,0.0,3,9.37,0,0.0
vaissu1u.htm,2855,0,0.0,0,0.0,1,3.5,0,0.0,13,45.53
theragau.htm,22917,63,27.49,11,4.8,0,0.0,0,0.0,59,25.75
pm125__u.htm,11927,0,0.0,0,0.0,0,0.0,79,66.24,1,0.84
gretinfobk.htm,1655,0,0.0,0,0.0,0,0.0,0,0.0,0,0.0
sa_pataJjali-yogasUtra-alt.htm,2115,3,14.18,1,4.73,2,9.46,0,0.0,4,18.91
sa_kuntaka-vakroktijIvita-comm.htm,30042,19,6.32,7,2.33,45,14.98,3,1.0,82,27.3
sa_dIpaMkarabhadra-guhyasamAjamaNDalavidhi.htm,5926,15,25.31,4,6.75,2,3.37,0,0.0,4,6.75
b03c082.htm,313,1,31.95,0,0.0,0,0.0,0,0.0,0,0.0
b08c027.htm,226,0,0.0,0,0.0,0,0.0,0,0.0,0,0.0
sb_13_u.htm,8992,0,0.0,0,0.0,0,0.0,0,0.0,8,8.9
b13c096.htm,145,1,68.97,0,0.0,0,0.0,0,0.0,0,0.0
b05c010.htm,115,0,0.0,0,0.0,0,0.0,0,0.0,0,0.0
b12c291.htm,107,0,0.0,0,0.0,0,0.0,0,0.0,0,0.0
b13c082.htm,111,0,0.0,0,0.0,0,0.0,0,0.0,0,0.0
patis2ou.htm,50366,3,0.6,4,0.79,0,0.0,0,0.0,97,19.26
b08c033.htm,158,0,0.0,0,0.0,0,0.0,0,0.0,0,0.0
pasupbhu.htm,25936,16,6.17,1,0.39,30,11.57,1,0.39,41,15.81
pm058__u.htm,25029,1,0.4,0,0.0,0,0.0,111,44.35,0,0.0
vasbocpu.htm,6199,1,1.61,1,1.61,0,0.0,0,0.0,6,9.68
sa_ratnagotravibhAga.htm,12078,25,20.7,6,4.97,0,0.0,0,0.0,51,42.23
sa_amoghapAzahRdayasUtra.htm,2278,4,17.56,1,4.39,0,0.0,0,0.0,2,8.78
sa_madhusUdanasarasvatI-siddhAntabindu.htm,7133,3,4.21,0,0.0,3,4.21,0,0.0,35,49.07
sa_pAzupatasUtra.htm,1865,2,10.72,0,0.0,0,0.0,0,0.0,4,21.45
b07c101.htm,157,1,63.69,0,0.0,1,63.69,0,0.0,0,0.0
sa_gopAlabhaTTa-haribhaktivilAsa-1-11.htm,73739,212,28.75,45,6.1,33,4.48,2,0.27,64,8.68
vanighiu.htm,5819,11,18.9,10,17.19,2,3.44,3,5.16,19,32.65
kirtm_iu.htm,2683,3,11.18,0,0.0,0,0.0,0,0.0,0,0.0
sa_vasubandhu-bodhicittotpAdasUtrazAstra.htm,6462,1,1.55,1,1.55,0,0.0,0,0.0,6,9.29
sa_vidyAsthAnopamasUtra.htm,1084,0,0.0,0,0.0,0,0.0,0,0.0,0,0.0
jssivppu.htm,1037,3,28.93,0,0.0,0,0.0,0,0.0,3,28.93
sparibhu.htm,3649,3,8.22,4,10.96,9,24.66,1,2.74,8,21.92
sa_brahmANDapurANa.htm,179370,146,8.14,175,9.76,51,2.84,1,0.06,262,14.61
sanss17u.htm,2815,1,3.55,1,3.55,0,0.0,0,0.0,4,14.21
patti3pu.htm,4789,0,0.0,3,6.26,0,0.0,0,0.0,1,2.09
bsu023_u.htm,2237,0,0.0,4,17.88,0,0.0,0,0.0,2,8.94
bhairstu.htm,439,0,0.0,1,22.78,0,0.0,0,0.0,0,0.0
sa_ratnAkarazAnti-sAratama.htm,43707,27,6.18,4,0.92,11,2.52,1,0.23,94,21.51
pm046__u.htm,7670,0,0.0,0,0.0,0,0.0,20,26.08,0,0.0
samp_4ou.htm,53721,116,21.59,15,2.79,1,0.19,3,0.56,106,19.73
b09c036.htm,142,0,0.0,0,0.0,1,70.42,0,0.0,0,0.0
b03c294.htm,109,0,0.0,0,0.0,0,0.0,0,0.0,0,0.0
pacitt_u.htm,142079,94,6.62,72,5.07,2,0.14,16,1.13,416,29.28
b09c022.htm,190,0,0.0,0,0.0,0,0.0,0,0.0,0,0.0
bhp_11u.htm,19484,29,14.88,11,5.65,3,1.54,1,0.51,34,17.45
b04c015.htm,105,0,0.0,0,0.0,0,0.0,0,0.0,0,0.0
sa_kaNAda-vaizeSikasUtra-alt.htm,2740,0,0.0,0,0.0,1,3.65,0,0.0,9,32.85
uddamt_u.htm,10387,13,12.52,16,15.4,20,19.25,0,0.0,20,19.25
brssgo2u.htm,47444,9,1.9,9,1.9,98,20.66,2,0.42,98,20.66
b09c008.htm,101,0,0.0,0,0.0,0,0.0,0,0.0,0,0.0
gu05-06u.htm,6384,5,7.83,3,4.7,3,4.7,2,3.13,4,6.27
jsbh2-1u.htm,9351,4,4.28,1,1.07,37,39.57,0,0.0,16,17.11
pm091__u.htm,6516,0,0.0,0,0.0,0,0.0,9,13.81,0,0.0
sukhvylu.htm,8513,9,10.57,2,2.35,0,0.0,0,0.0,5,5.87
pm191__u.htm,33048,0,0.0,0,0.0,0,0.0,83,25.11,10,3.03
utsivsau.htm,7192,8,11.12,0,0.0,6,8.34,0,0.0,5,6.95
b03c282.htm,111,0,0.0,0,0.0,0,0.0,0,0.0,0,0.0
bhg4c11u.htm,12158,17,13.98,2,1.65,13,10.69,2,1.65,23,18.92
b09c034.htm,187,0,0.0,0,0.0,0,0.0,0,0.0,0,0.0
ksmadhlu.htm,28520,6,2.1,2,0.7,49,17.18,0,0.0,66,23.14
sb_11_u.htm,9912,0,0.0,0,0.0,0,0.0,0,0.0,6,6.05
jataka2u.htm,8375,2,2.39,3,3.58,0,0.0,0,0.0,6,7.16
sa_gaNDavyUhasUtra.htm,75870,329,43.36,82,10.81,10,1.32,2,0.26,371,48.9
b03c296.htm,104,0,0.0,0,0.0,0,0.0,0,0.0,0,0.0
ghers_au.htm,6444,57,88.45,1,1.55,4,6.21,0,0.0,2,3.1
ksbhm17u.htm,737,1,13.57,0,0.0,0,0.0,0,0.0,0,0.0
maricdhu.htm,681,0,0.0,3,44.05,0,0.0,0,0.0,0,0.0
sa_paJcaviMzabrAhmaNa.htm,50414,0,0.0,6,1.19,1,0.2,0,0.0,10,1.98
sa_jayadeva-candrAloka.htm,4026,4,9.94,0,0.0,2,4.97,0,0.0,4,9.94
angut1ou.htm,74791,28,3.74,8,1.07,0,0.0,2,0.27,144,19.25
sa_buddhasvAmin-bRhatkathAzlokasaMgraha.htm,114141,165,14.46,73,6.4,29,2.54,32,2.8,107,9.37
partr_pu.htm,776,2,25.77,0,0.0,0,0.0,0,0.0,0,0.0
b07c103.htm,108,0,0.0,0,0.0,0,0.0,0,0.0,0,0.0
hadhut_u.htm,8088,0,0.0,4,4.95,0,0.0,0,0.0,1,1.24
b07c117.htm,132,0,0.0,0,0.0,0,0.0,0,0.0,0,0.0
b03c255.htm,132,0,0.0,0,0.0,0,0.0,0,0.0,0,0.0
khasrpsu.htm,715,4,55.94,0,0.0,2,27.97,0,0.0,1,13.99
b08c019.htm,166,0,0.0,0,0.0,0,0.0,0,0.0,0,0.0
rasadhau.htm,10046,0,0.0,1,1.0,0,0.0,0,0.0,3,2.99
nrat_2_u.htm,994,0,0.0,0,0.0,2,20.12,0,0.0,1,10.06
sa_abhinavagupta-tantrAloka.htm,70266,134,19.07,25,3.56,17,2.42,2,0.28,94,13.38
sa_yazomitra-sphuTArthA-abhidharmakozavyAkhyA.htm,165689,39,2.35,7,0.42,78,4.71,0,0.0,407,24.56
sa_apohasiddhi.htm,2187,1,4.57,0,0.0,3,13.72,0,0.0,2,9.14
b13c094.htm,112,0,0.0,0,0.0,0,0.0,0,0.0,0,0.0
b12c287.htm,102,0,0.0,0,0.0,0,0.0,0,0.0,0,0.0
samp_6ou.htm,36578,157,42.92,22,6.01,0,0.0,2,0.55,75,20.5
simhrsku.htm,11227,6,5.34,14,12.47,8,7.13,4,3.56,14,12.47
b03c080.htm,290,1,34.48,0,0.0,1,34.48,0,0.0,0,0.0
b08c031.htm,153,0,0.0,0,0.0,0,0.0,0,0.0,0,0.0
b13c080.htm,105,0,0.0,0,0.0,0,0.0,0,0.0,0,0.0
b12c293.htm,109,0,0.0,0,0.0,0,0.0,0,0.0,0,0.0
vabhdilu.htm,4975,1,2.01,2,4.02,0,0.0,0,0.0,8,16.08
sa_AryazUra-jAtakamAlA.htm,35954,36,10.01,18,5.01,56,15.58,0,0.0,80,22.25
bowermsu.htm,25501,29,11.37,4,1.57,2,0.78,0,0.0,10,3.92
patti1pu.htm,1530,1,6.54,0,0.0,0,0.0,0,0.0,0,0.0
bsu021_u.htm,35282,51,14.45,9,2.55,7,1.98,5,1.42,119,33.73
jssivpiu.htm,984,3,30.49,0,0.0,0,0.0,0,0.0,3,30.49
sa_dhyAnacandragosvAmin-rAdhAkRSNASTakAlIyalIlAsmaraNakramapaddhati.htm,3208,0,0.0,3,9.35,0,0.0,0,0.0,0,0.0
sa_pAzupatasUtra-comm.htm,26030,16,6.15,1,0.38,30,11.53,1,0.38,41,15.75
sa_zrIkaNTha-ratnatrayaparIkSA.htm,4270,0,0.0,1,2.34,1,2.34,0,0.0,3,7.03
b06c112.htm,295,0,0.0,0,0.0,0,0.0,0,0.0,0,0.0
angutt2u.htm,60276,37,6.14,20,3.32,0,0.0,4,0.66,258,42.8
kirtm_pu.htm,2730,3,10.99,0,0.0,0,0.0,0,0.0,0,0.0
sa_cAmuNDa-rasasaMketakalikA.htm,4792,1,2.09,5,10.43,0,0.0,0,0.0,1,2.09
vanighpu.htm,5827,11,18.88,10,17.16,2,3.43,3,5.15,19,32.61
b06c106.htm,103,0,0.0,0,0.0,0,0.0,0,0.0,0,0.0
b06c099.htm,101,0,0.0,0,0.0,0,0.0,0,0.0,0,0.0
pm183__u.htm,1906,0,0.0,0,0.0,0,0.0,6,31.48,0,0.0
aufrcc_u.htm,561559,718,12.79,842,14.99,338,6.02,17,0.3,55,0.98
b01c218.htm,108,0,0.0,0,0.0,0,0.0,0,0.0,0,0.0
asvsaunu.htm,19526,17,8.71,7,3.58,5,2.56,0,0.0,26,13.32
jaycndau.htm,5081,4,7.87,0,0.0,2,3.94,0,0.0,4,7.87
pm083__u.htm,4291,0,0.0,0,0.0,0,0.0,5,11.65,0,0.0
maitrs_au.htm,125552,1,0.08,30,2.39,1,0.08,0,0.0,52,4.14
bsu059_u.htm,1041,2,19.21,2,19.21,0,0.0,0,0.0,1,9.61
sa_mahAsaMnipAtaratnaketudhAraNIsUtra.htm,19382,41,21.15,12,6.19,3,1.55,1,0.52,41,21.15
samp_5pu.htm,47748,56,11.73,22,4.61,0,0.0,0,0.0,58,12.15
grahmdhu.htm,1524,8,52.49,2,13.12,0,0.0,0,0.0,1,6.56
svact_iu.htm,47338,140,29.57,31,6.55,9,1.9,0,0.0,55,11.62
dhrmsk_u.htm,12210,1,0.82,0,0.0,0,0.0,0,0.0,11,9.01
sa_vasudhArAdhAraNI-gilgit.htm,1397,0,0.0,0,0.0,0,0.0,0,0.0,1,7.16
yogasatu.htm,2006,4,19.94,0,0.0,0,0.0,0,0.0,6,29.91
sa_buddhabalAdhAnaprAtihAryavikurvANanirdezasUtra.htm,1470,3,20.41,2,13.61,0,0.0,0,0.0,1,6.8
sa_rudrabhaTTaH-zRGgAratilaka.htm,6391,4,6.26,4,6.26,10,15.65,0,0.0,3,4.69
patti2ou.htm,39103,6,1.53,5,1.28,0,0.0,0,0.0,69,17.65
b12c318.htm,136,0,0.0,0,0.0,0,0.0,0,0.0,0,0.0
b12c330.htm,165,0,0.0,0,0.0,0,0.0,0,0.0,0,0.0
sa_karmavastu.htm,2793,0,0.0,1,3.58,0,0.0,0,0.0,2,7.16
adsp70-u.htm,28223,11,3.9,0,0.0,0,0.0,0,0.0,65,23.03
sa_kauthumagRhyasUtra.htm,3092,1,3.23,2,6.47,0,0.0,1,3.23,1,3.23
sa_ravideva-rAkSasakAvyawithTIkA.htm,4672,2,4.28,1,2.14,0,0.0,0,0.0,8,17.12
sa_ApastambazulbasUtra.htm,36916,0,0.0,95,25.73,12,3.25,0,0.0,42,11.38
b07c088.htm,133,0,0.0,0,0.0,0,0.0,0,0.0,0,0.0
sa_mahAkarmavibhaGga.htm,9410,9,9.56,2,2.13,6,6.38,0,0.0,17,18.07
bsa003_u.htm,12506,6,4.8,4,3.2,5,4.0,3,2.4,13,10.4
ram_02_u.htm,44151,40,9.06,14,3.17,2,0.45,3,0.68,26,5.89
bsa046_u.htm,426,0,0.0,0,0.0,0,0.0,0,0.0,0,0.0
b01c026.htm,106,0,0.0,0,0.0,0,0.0,0,0.0,0,0.0
subodh_u.htm,5273,0,0.0,0,0.0,1,1.9,0,0.0,2,3.79
asvbuc2u.htm,16200,25,15.43,13,8.02,6,3.7,0,0.0,22,13.58
sa_vizvanAthakavirAja-sAhityadarpaNa.htm,11472,10,8.72,10,8.72,8,6.97,0,0.0,13,11.33
b11c026.htm,103,0,0.0,0,0.0,0,0.0,0,0.0,0,0.0
bhg4c07u.htm,11255,6,5.33,2,1.78,12,10.66,0,0.0,32,28.43
sa_Aryadeva-catuHzatikA.htm,899,0,0.0,0,0.0,0,0.0,0,0.0,0,0.0
yamis_pu.htm,1711,0,0.0,0,0.0,9,52.6,0,0.0,5,29.22
mbhx_11.htm,4211,0,0.0,1,2.37,0,0.0,0,0.0,0,0.0
sa_praznopaniSad-comm.htm,7836,2,2.55,0,0.0,10,12.76,0,0.0,24,30.63
satyas_pu.htm,458,0,0.0,0,0.0,0,0.0,0,0.0,0,0.0
visa10cu.htm,45926,47,10.23,32,6.97,33,7.19,0,0.0,79,17.2
mbhx_05.htm,8358,0,0.0,0,0.0,0,0.0,0,0.0,0,0.0
angut2pu.htm,53798,24,4.46,11,2.04,0,0.0,1,0.19,151,28.07
bahcar4u.htm,3259,4,12.27,14,42.96,1,3.07,0,0.0,5,15.34
b12c126.htm,121,0,0.0,0,0.0,0,0.0,0,0.0,0,0.0
vcamkc_u.htm,19544,20,10.23,26,13.3,42,21.49,1,0.51,41,20.98
mbhx_39.htm,10926,0,0.0,0,0.0,0,0.0,0,0.0,0,0.0
antarkpu.htm,1900,0,0.0,0,0.0,3,15.79,0,0.0,2,10.53
sa_harivaMza.htm,134705,106,7.87,159,11.8,16,1.19,0,0.0,130,9.65
andhvc4u.htm,7421,0,0.0,2,2.7,4,5.39,0,0.0,38,51.21
sa_garbhopaniSad.htm,1002,0,0.0,1,9.98,0,0.0,0,0.0,0,0.0
klpdraiu.htm,7631,0,0.0,0,0.0,5,6.55,2,2.62,14,18.35
sa_bhUtirAja-svabodhasiddhi.htm,877,0,0.0,0,0.0,0,0.0,0,0.0,0,0.0
tuldoh_u.htm,11810,0,0.0,0,0.0,8,6.77,3,2.54,4,3.39
brndp3_u.htm,52066,80,15.37,33,6.34,28,5.38,1,0.19,79,15.17
mbhx_04.htm,626,0,0.0,0,0.0,0,0.0,0,0.0,0,0.0
cakbhavu.htm,2779,11,39.58,1,3.6,7,25.19,1,3.6,9,32.39
parmartu.htm,1808,4,22.12,1,5.53,0,0.0,0,0.0,2,11.06
prakp06u.htm,4227,3,7.1,1,2.37,4,9.46,0,0.0,24,56.78
vidsriau.htm,41330,38,9.19,32,7.74,9,2.18,7,1.69,31,7.5
kalhans_u.htm,794,0,0.0,0,0.0,0,0.0,0,0.0,1,12.59
sa_kUrmapurANa.htm,80676,98,12.15,59,7.31,22,2.73,6,0.74,110,13.63
dighn2ou.htm,83516,27,3.23,9,1.08,0,0.0,0,0.0,159,19.04
vin4s2ou.htm,83788,82,9.79,7,0.84,1,0.12,9,1.07,56,6.68
bsu038_u.htm,395,0,0.0,0,0.0,0,0.0,0,0.0,0,0.0
bsu028au.htm,7916,0,0.0,6,7.58,1,1.26,0,0.0,4,5.05
sb_08_u.htm,11310,0,0.0,2,1.77,0,0.0,0,0.0,3,2.65
sa_azvaghoSa-gurupaJcAzikA.htm,1242,2,16.1,0,0.0,0,0.0,0,0.0,0,0.0
b06c073.htm,160,0,0.0,0,0.0,0,0.0,0,0.0,0,0.0
b12c331.htm,122,0,0.0,0,0.0,1,81.97,0,0.0,0,0.0
narsipau.htm,63183,75,11.87,35,5.54,7,1.11,0,0.0,41,6.49
tsc_vivu.htm,1778,0,0.0,0,0.0,3,16.87,0,0.0,20,112.49
apadanou.htm,160316,382,23.83,41,2.56,0,0.0,1,0.06,211,13.16
sa_vinayasUtra-1pravrajyAvastu.htm,16521,27,16.34,4,2.42,1,0.61,2,1.21,50,30.26
sa_kaNAda-vaizeSikasUtra.htm,3096,0,0.0,0,0.0,1,3.23,0,0.0,13,41.99
sa_yamasmRti-78v.htm,1590,0,0.0,1,6.29,0,0.0,0,0.0,1,6.29
sa_varadarAja-laghusiddhAntakaumudI.htm,30970,1,0.32,1,0.32,2,0.65,0,0.0,15,4.84
skp031pu.htm,24547,16,6.52,41,16.7,2,0.81,0,0.0,42,17.11
rassanku.htm,4522,1,2.21,5,11.06,0,0.0,0,0.0,1,2.21
dhkhetuu.htm,6169,1,1.62,0,0.0,28,45.39,0,0.0,2,3.24
sa_jaiminIyagRhyasUtra.htm,5129,4,7.8,1,1.95,0,0.0,0,0.0,1,1.95
sa_rAjazekhara-kAvyamImAMsA-1.htm,14827,18,12.14,16,10.79,5,3.37,5,3.37,10,6.74
sankhssu.htm,16389,6,3.66,7,4.27,0,0.0,0,0.0,13,7.93
samyu1pu.htm,53164,11,2.07,4,0.75,1,0.19,4,0.75,63,11.85
agsas_1u.htm,4895,0,0.0,0,0.0,3,6.13,0,0.0,16,32.69
bsa027_u.htm,6589,2,3.04,0,0.0,1,1.52,0,0.0,17,25.8
sa_pravAraNAvastu.htm,5215,10,19.18,0,0.0,0,0.0,0,0.0,0,0.0
bsa062_u.htm,1193,2,16.76,7,58.68,0,0.0,0,0.0,4,33.53
sa_jyotirIzvarakavizekhara-paJcasAyaka.htm,5659,6,10.6,8,14.14,2,3.53,0,0.0,5,8.84
sa_mANDUkyopaniSad-alt.htm,1168,0,0.0,0,0.0,0,0.0,0,0.0,2,17.12
sa_IzvarakRSNa-sAMkhyakArikA-comm.htm,16749,2,1.19,8,4.78,9,5.37,3,1.79,27,16.12
b06c107.htm,123,0,0.0,0,0.0,0,0.0,0,0.0,0,0.0
b06c113.htm,113,0,0.0,1,88.5,0,0.0,0,0.0,0,0.0
lilavatu.htm,11529,9,7.81,21,18.21,1,0.87,0,0.0,1,0.87
sa_RgvedasaMhitApadapATha.htm,356603,4,0.11,22,0.62,23,0.64,0,0.0,61,1.71
vibhangu.htm,83243,31,3.72,1,0.12,0,0.0,0,0.0,116,13.94
b08c030.htm,192,0,0.0,0,0.0,0,0.0,0,0.0,0,0.0
manjnsau.htm,2665,4,15.01,2,7.5,0,0.0,0,0.0,6,22.51
mbh_14_u.htm,67055,38,5.67,11,1.64,18,2.68,13,1.94,122,18.19
b12c292.htm,108,0,0.0,0,0.0,0,0.0,0,0.0,0,0.0
sa_vimalamitra-abhidharmadIpa-comm.htm,35841,7,1.95,9,2.51,4,1.12,1,0.28,91,25.39
b13c095.htm,231,1,43.29,0,0.0,0,0.0,0,0.0,0,0.0
b03c081.htm,410,2,48.78,0,0.0,1,24.39,0,0.0,0,0.0
jsbh1-4u.htm,19254,17,8.83,2,1.04,50,25.97,0,0.0,38,19.74
b08c024.htm,358,0,0.0,0,0.0,0,0.0,0,0.0,0,0.0
sa_kauTilya-arthazAstra.htm,51726,86,16.63,55,10.63,20,3.87,21,4.06,79,15.27
garup2_u.htm,41431,22,5.31,18,4.34,12,2.9,1,0.24,51,12.31
samyu2ou.htm,67711,22,3.25,21,3.1,0,0.0,0,0.0,212,31.31
b08c018.htm,163,0,0.0,0,0.0,0,0.0,0,0.0,0,0.0
visa09cu.htm,1358,0,0.0,0,0.0,0,0.0,0,0.0,0,0.0
sa_zAkyabuddhi-pramANavArttikaTIkA.htm,15463,0,0.0,1,0.65,30,19.4,0,0.0,41,26.51
ram_02pu.htm,50181,40,7.97,14,2.79,2,0.4,3,0.6,26,5.18
b03c240.htm,113,0,0.0,0,0.0,0,0.0,0,0.0,0,0.0
todaltiu.htm,5716,18,31.49,0,0.0,0,0.0,0,0.0,10,17.49
b12c047.htm,152,1,65.79,0,0.0,0,0.0,0,0.0,0,0.0
b07c102.htm,234,0,0.0,0,0.0,0,0.0,0,0.0,0,0.0
sa_vAgbhaTa-rasaratnasamuccaya.htm,16303,7,4.29,6,3.68,4,2.45,0,0.0,20,12.27
baudhd_u.htm,15936,15,9.41,2,1.26,4,2.51,6,3.77,13,8.16
prakp10u.htm,1636,0,0.0,0,0.0,4,24.45,0,0.0,5,30.56
bsu005_u.htm,5063,7,13.83,0,0.0,0,0.0,0,0.0,49,96.78
bsu040_u.htm,1077,0,0.0,0,0.0,0,0.0,0,0.0,2,18.57
kathavpu.htm,94951,31,3.26,3,0.32,0,0.0,0,0.0,194,20.43
sa_dharmakIrti-vAdanyAya.htm,9927,2,2.01,1,1.01,134,134.99,0,0.0,16,16.12
sa_buddhist-yoga-manual.htm,22322,25,11.2,1,0.45,0,0.0,1,0.45,12,5.38
bhakiriu.htm,17467,20,11.45,10,5.73,18,10.31,0,0.0,21,12.02
b03c297.htm,207,0,0.0,0,0.0,0,0.0,0,0.0,0,0.0
sa_udayana-nyAyavArttikatAtparyaparizuddhi-1.htm,51529,17,3.3,3,0.58,235,45.61,1,0.19,141,27.36
b09c021.htm,105,0,0.0,0,0.0,0,0.0,0,0.0,0,0.0
b09c035.htm,117,0,0.0,0,0.0,0,0.0,0,0.0,0,0.0
sa_abhinavagupta-IzvarapratyabhijJAvimarzinI.htm,33824,60,17.74,3,0.89,15,4.43,2,0.59,114,33.7
nardp1_u.htm,163911,258,15.74,138,8.42,89,5.43,11,0.67,202,12.32
b12c084.htm,116,0,0.0,0,0.0,0,0.0,0,0.0,0,0.0
davyasou.htm,1399,1,7.15,2,14.3,0,0.0,0,0.0,1,7.15
atrisatu.htm,1389,0,0.0,0,0.0,1,7.2,0,0.0,4,28.8
rv_hn02u.htm,9465,0,0.0,1,1.06,0,0.0,0,0.0,2,2.11
tattvmiu.htm,2087,1,4.79,0,0.0,2,9.58,3,14.37,6,28.75
dighn1pu.htm,54196,21,3.87,26,4.8,0,0.0,2,0.37,153,28.23
jaygit2u.htm,5908,4,6.77,6,10.16,5,8.46,1,1.69,2,3.39
b09c009.htm,142,0,0.0,0,0.0,0,0.0,0,0.0,0,0.0
caitcanu.htm,3369,2,5.94,0,0.0,9,26.71,4,11.87,4,11.87
