Source_Repo,Text_Layer,Total_Chars,pithasarpin_crawler_Count,vaṃśanartin_pole_Count,stambha_axis_Count,sarpa_serpent_Count,candala_outcaste_Count,merudanda_spine_Count,vamsadanda_pneumatics_Count,bandha_valves_Count,candali_reversion_Count,Contextual_Entropy_H
raw_gretil,sa_zAGkhAyanazrautasUtra.htm,368225,0,0,2,22,0,0,0,0,0,7.877
raw_gretil,ruyalsvu.htm,234329,0,0,0,2,0,0,0,0,0,5.143
raw_gretil,govass_u.htm,93984,0,0,7,2,0,0,0,0,0,7.619
raw_gretil,sa_dvAviMzatyavadAnakathA.htm,212678,0,0,3,1,0,0,0,0,0,6.28
raw_gretil,sa_agniveza-carakasaMhitA-parts-comm.htm,324236,0,0,13,20,0,0,0,2,0,8.749
raw_gretil,sa_rAmAnuja-bhagavadgItAbhASya.htm,791142,0,0,0,4,0,0,0,0,0,5.379
raw_gretil,vamvupiu.htm,52120,0,0,0,3,0,0,0,0,0,4.249
raw_gretil,b03c265.htm,6640,0,0,0,1,0,0,0,0,0,4.023
raw_gretil,vamsbum_u.htm,5949,0,0,1,0,0,0,0,0,0,4.524
raw_gretil,caraka_u.htm,324926,0,0,13,20,0,0,0,2,0,8.749
raw_gretil,rv_01_u.htm,279466,0,0,4,1,0,0,0,0,0,6.606
raw_gretil,visnup_u.htm,700938,0,0,1,23,4,0,0,0,0,8.078
raw_gretil,dhamsgou.htm,657988,0,0,7,0,0,0,0,0,0,5.104
raw_gretil,sa_nAropa-sekoddeza.htm,21742,0,0,0,0,1,0,0,0,2,5.246
raw_gretil,hathyopu.htm,47776,0,0,1,2,0,0,1,1,0,6.782
raw_gretil,kmeghviu.htm,26344,0,0,2,2,0,0,0,0,0,5.714
raw_gretil,b03c259.htm,9033,0,0,0,1,0,0,0,0,0,4.388
raw_gretil,b01c189.htm,15877,0,0,1,0,0,0,0,0,0,3.843
raw_gretil,ghers_bu.htm,45214,0,0,1,0,0,0,0,0,0,5.072
raw_gretil,sa_bhAsa-svapnavAsavadatta.htm,81608,0,0,0,7,0,0,0,0,0,6.435
raw_gretil,mbh_18_u.htm,40818,0,0,0,1,0,0,0,0,0,4.774
raw_gretil,amark2_u.htm,83975,0,0,1,1,4,0,0,0,0,6.76
raw_gretil,ksbhm14u.htm,25125,0,0,1,1,1,0,0,0,0,5.644
raw_gretil,sa_kAlidAsa-raghuvaMza-kashm1-6.htm,66108,0,0,7,3,0,0,0,0,0,6.578
raw_gretil,vinst_au.htm,45899,0,0,1,0,1,0,0,0,0,5.081
raw_gretil,b05c022.htm,13043,0,0,1,0,0,0,0,0,0,3.603
raw_gretil,udana_u.htm,198016,0,0,1,0,0,0,0,0,0,4.294
raw_gretil,hv_apppu.htm,1728100,0,0,16,30,1,0,0,0,0,7.17
raw_gretil,abhisdhu.htm,257954,0,0,1,0,0,0,0,0,0,4.982
raw_gretil,paninixu.htm,156250,0,0,4,0,0,0,0,0,0,5.664
raw_gretil,b03c073.htm,6547,0,0,0,1,0,0,0,0,0,3.607
raw_gretil,sa_zukasaptati.htm,146587,0,0,0,1,2,0,0,0,0,5.846
raw_gretil,angutt1u.htm,839811,0,0,21,0,2,0,0,0,0,4.646
raw_gretil,prakassu.htm,177251,0,0,6,3,0,0,0,0,0,6.786
raw_gretil,jinava_u.htm,318215,0,0,3,0,0,0,0,0,0,5.772
raw_gretil,mjnya03u.htm,207314,0,0,0,3,0,0,0,0,0,5.711
raw_gretil,sa_vasubandhu-madhyAntavibhAgakArikAbhASya.htm,65981,0,0,0,0,0,0,0,0,1,4.369
raw_gretil,byogalbu.htm,107003,0,0,1,3,0,0,0,0,0,5.721
raw_gretil,sspp2_4u.htm,597215,0,0,1,0,1,0,0,0,0,5.18
raw_gretil,laghbh_u.htm,118397,0,0,3,1,0,0,0,0,0,6.131
raw_gretil,dasaveyu.htm,70181,0,0,1,0,0,0,0,0,0,4.932
raw_gretil,b13c107.htm,35074,0,0,1,1,0,0,0,0,0,4.053
raw_gretil,bsu034_u.htm,422095,0,0,1,4,0,0,0,0,0,6.577
raw_gretil,yrasprpu.htm,136768,0,0,14,2,0,0,1,1,0,7.65
raw_gretil,b01c002.htm,56586,0,0,0,1,0,0,0,0,0,3.879
raw_gretil,bhg4c04u.htm,111392,0,0,0,2,0,0,0,0,0,5.893
raw_gretil,sa_ratnAkarazAnti-bhramaharanAma-hevajrasAdhana.htm,16222,0,0,1,0,6,0,0,0,6,6.78
raw_gretil,krdipc_u.htm,375952,0,0,4,7,0,0,0,0,0,7.756
raw_gretil,sb_04_u.htm,142045,0,0,0,8,0,0,0,0,0,6.352
raw_gretil,avsata_u.htm,767381,0,0,8,2,3,0,0,0,0,7.108
raw_gretil,bahcar7u.htm,44018,0,0,3,4,1,1,0,0,0,6.794
raw_gretil,ratnakeu.htm,170430,0,0,0,0,1,0,0,0,0,4.35
raw_gretil,sa_mArIcInAmadhAraNI.htm,4293,0,0,3,1,0,0,0,0,0,4.927
raw_gretil,sa_rAmAnuja-vedArthasaMgraha.htm,254089,0,0,0,19,0,0,0,0,0,7.042
raw_gretil,apsulbcu.htm,395581,0,0,1,0,0,0,0,0,0,4.418
raw_gretil,mbhx_34.htm,592140,0,0,1,2,0,0,0,0,0,3.073
raw_gretil,b12c103.htm,9939,0,0,0,1,0,0,0,0,0,3.877
raw_gretil,bhp_08u.htm,128180,0,0,3,6,0,1,0,0,0,6.449
raw_gretil,kvrtrsuu.htm,93692,0,0,3,0,0,0,0,0,0,5.728
raw_gretil,astavgau.htm,37106,0,0,0,2,0,0,0,0,0,5.688
raw_gretil,sa_bANa-harSacarita.htm,367484,0,0,41,24,5,0,0,0,0,10.33
raw_gretil,sa_asaGga-zarIrArthagAthA.htm,12990,0,0,0,1,0,0,0,0,0,4.681
raw_gretil,asabhs_u.htm,188964,0,0,4,2,0,0,0,0,0,6.405
raw_gretil,b07c085.htm,22872,0,0,0,1,0,0,0,0,0,3.621
raw_gretil,gp12-22u.htm,268236,0,0,13,15,0,0,0,2,0,8.747
raw_gretil,sa_stUpalakSaNakArikAvivecana.htm,16677,0,0,4,0,0,0,0,0,0,5.907
raw_gretil,b01c003.htm,48693,0,0,0,2,0,0,0,0,0,4.368
raw_gretil,vakyp_au.htm,122452,0,0,0,1,1,0,0,0,0,5.633
raw_gretil,vcpss_u.htm,22493569,3,0,449,867,167,2,29,52,7,12.899
raw_gretil,prasupbu.htm,74791,0,0,1,2,0,0,0,0,0,5.445
raw_gretil,b12c329.htm,28887,0,0,1,0,0,0,0,0,0,3.899
raw_gretil,sa_harSadeva-ratnAvalInATikA.htm,64525,0,0,0,2,0,0,0,0,0,5.377
raw_gretil,sa_mahAdaNDadhAraNIzItavatI.htm,6856,0,0,0,0,1,0,0,0,0,4.513
raw_gretil,agsas_2u.htm,27726,0,0,0,12,0,0,0,0,0,7.379
raw_gretil,sa_pramANavArttika.htm,164918,0,0,0,3,0,0,0,0,0,5.586
raw_gretil,mbh_01_u.htm,1574079,0,0,12,78,5,0,1,0,1,9.331
raw_gretil,vasist_u.htm,99859,0,0,0,2,0,0,0,0,0,5.594
raw_gretil,sa_ratnakIrti-vAdarahasya.htm,133334,0,0,1,7,0,0,0,0,0,6.728
raw_gretil,b10c006.htm,7431,0,0,0,1,0,0,0,0,0,4.31
raw_gretil,santbcau.htm,106944,0,0,5,2,2,0,0,0,0,6.78
raw_gretil,ruyalscu.htm,251794,0,0,2,3,0,0,0,0,0,6.59
raw_gretil,petvatpu.htm,99005,0,0,1,0,2,0,0,0,1,5.842
raw_gretil,sa_Aryadeva-cittavizuddhiprakaraNa.htm,15846,0,0,1,2,0,0,0,0,0,4.997
raw_gretil,nysvbh_u.htm,392183,0,0,1,14,0,0,0,0,0,7.265
raw_gretil,udkass_u.htm,150267,0,0,2,1,2,0,0,0,0,6.289
raw_gretil,ksdarpau.htm,75701,0,0,3,4,7,0,0,0,2,7.586
raw_gretil,cansisyu.htm,20224,0,0,0,1,0,0,0,0,0,4.243
raw_gretil,hjatm_au.htm,237873,0,0,10,5,1,0,1,0,0,7.972
raw_gretil,jatak3ou.htm,1448874,0,0,0,0,20,0,3,0,0,7.417
raw_gretil,sa_vAmana-kAvyAlaMkArasUtra.htm,105003,0,0,0,2,0,0,0,0,0,5.342
raw_gretil,bsa032_u.htm,362974,0,0,1,7,0,0,1,0,0,7.179
raw_gretil,b05c037.htm,16236,0,0,0,1,0,0,0,0,0,3.514
raw_gretil,sa_bhaTTi-rAvaNavadha.htm,190486,0,0,5,5,0,0,0,0,0,7.652
raw_gretil,dhppat_u.htm,88385,0,0,0,1,0,0,2,0,0,5.999
raw_gretil,nidde1pu.htm,917979,0,0,11,0,4,0,0,1,0,7.074
raw_gretil,sa_suSeNa-Ayurvedamahodadhau-annapAnavidhi.htm,98329,0,0,1,14,0,0,0,0,0,7.871
raw_gretil,ram_02su.htm,373231,0,0,1,5,0,0,2,0,0,6.971
raw_gretil,jaygit1u.htm,54143,0,0,0,0,1,0,0,0,0,4.637
raw_gretil,rv_hn01u.htm,276661,0,0,4,1,0,0,0,0,0,6.795
raw_gretil,sa_baudhAyanadharmasUtra.htm,145394,0,0,0,6,8,0,0,0,2,7.04
raw_gretil,lip_1_au.htm,806977,0,0,11,20,0,1,1,1,0,8.329
raw_gretil,b14c026.htm,4413,0,0,0,1,0,0,0,0,0,3.502
raw_gretil,bsa075_u.htm,317130,0,0,0,12,0,0,0,0,0,7.094
raw_gretil,jatak1ou.htm,1206628,0,0,7,0,1,0,1,0,0,7.191
raw_gretil,bsa030_u.htm,103242,0,0,1,1,0,0,1,0,0,5.768
raw_gretil,nagsu_tu.htm,33549,0,0,0,0,2,0,0,0,0,5.188
raw_gretil,ksbhm18u.htm,5022,0,0,1,1,0,0,0,0,0,4.393
raw_gretil,sa_rAva-mithyAgrahaNa.htm,20686,0,0,3,0,0,0,0,0,0,6.048
raw_gretil,dandkc_u.htm,246877,0,0,8,5,2,0,0,0,0,7.923
raw_gretil,b12c061.htm,5129,0,0,0,1,0,0,0,0,0,3.662
raw_gretil,sa_gautama-nyAyasUtra-comm.htm,370380,0,0,1,17,0,0,0,0,0,7.427
raw_gretil,paraksau.htm,63436,0,0,9,1,0,0,0,1,0,7.589
raw_gretil,sa_gopadatta-jAtakamAlA.htm,223752,0,0,0,4,12,0,0,0,6,7.944
raw_gretil,jvkasixu.htm,2081312,5,0,22,15,8,0,0,0,0,8.855
raw_gretil,b12c288.htm,12755,0,0,1,0,0,0,0,0,0,3.68
raw_gretil,sa_samAdhirAjasUtra.htm,422416,0,0,1,4,0,0,0,0,0,6.577
raw_gretil,meghdk_u.htm,26214,0,0,3,2,0,0,0,0,0,6.729
raw_gretil,sa_gautama-dharmasUtra1-3-comm.htm,91368,0,0,0,2,10,0,0,0,0,7.204
raw_gretil,vabhdicu.htm,375892,0,0,6,0,1,0,0,1,0,6.466
raw_gretil,sa_udayana-nyAyakusumAJjali.htm,231694,0,0,3,0,0,0,0,2,1,5.267
raw_gretil,sa_jayarakSita-sphuTArthA-zrIghanAcArasaMgrahaTIkA.htm,98057,0,0,2,2,0,0,0,0,0,6.233
raw_gretil,therigpu.htm,63773,0,0,0,0,1,0,0,0,0,4.64
raw_gretil,b05c141.htm,12034,0,0,0,1,0,0,0,0,0,4.009
raw_gretil,jsphustu.htm,97730,0,0,2,2,0,0,0,0,0,6.233
raw_gretil,pspduttu.htm,734695,0,0,6,0,0,0,0,0,0,5.745
raw_gretil,vaimp__u.htm,312166,0,0,0,4,0,0,0,0,0,6.043
raw_gretil,rvpp_03u.htm,104035,0,0,1,2,0,0,0,0,0,5.906
raw_gretil,bhgank_u.htm,55812,0,0,1,1,0,0,0,0,0,5.411
raw_gretil,b13c110.htm,28480,0,0,2,0,0,0,0,0,0,4.713
raw_gretil,srngt_vu.htm,55392,0,0,3,0,0,0,0,0,0,6.302
raw_gretil,sa_candragomin-ziSyalekha.htm,20601,0,0,0,1,0,0,0,0,0,4.243
raw_gretil,viprud_u.htm,276145,0,0,9,5,0,0,0,0,0,7.248
raw_gretil,hbhvil_u.htm,587815,0,0,6,15,6,0,0,1,0,8.71
raw_gretil,sa_RgvidhAna.htm,85840,0,0,0,3,0,0,0,0,0,6.366
raw_gretil,sa_rASTrapAlaparipRcchA.htm,83279,0,0,0,1,0,0,0,0,0,4.524
raw_gretil,jatak2pu.htm,849832,0,0,23,0,12,2,0,0,0,7.81
raw_gretil,abhtantu.htm,109954,0,0,1,0,0,0,0,0,0,4.97
raw_gretil,sa_mAlinIvijayottaratantra.htm,138143,0,0,1,2,0,0,0,0,0,5.864
raw_gretil,sa_vimalakIrtinirdezasUtra.htm,165376,0,0,1,1,0,0,0,0,0,4.969
raw_gretil,kamvchtu.htm,171145,0,0,0,1,0,0,0,0,3,6.174
raw_gretil,b01c001.htm,55654,0,0,1,1,0,0,0,0,0,4.146
raw_gretil,sa_mahAsaMnipAtaratnaketudhAraNIsUtra1-610-11.htm,141955,0,0,0,0,1,0,0,0,1,4.52
raw_gretil,vytrkt1u.htm,847958,0,0,12,1,0,0,0,0,0,6.867
raw_gretil,sa_abhinanda-rAmacaritamahAkAvye.htm,78685,0,0,0,4,0,0,0,0,0,5.463
raw_gretil,mwes_u.htm,6200667,1,0,376,184,3,2,8,15,2,9.822
raw_gretil,vimkn_u.htm,169356,0,0,1,0,0,0,0,0,0,4.431
raw_gretil,mbh_03_u.htm,1590343,1,0,9,71,0,0,0,0,0,8.998
raw_gretil,sa_harivaMza-app1.htm,1553006,0,0,16,30,1,0,0,0,0,7.358
raw_gretil,bsa048_u.htm,24680,0,0,1,0,0,0,0,0,0,3.7
raw_gretil,b12c115.htm,5135,0,0,0,1,0,0,0,0,0,3.831
raw_gretil,b07c050.htm,19189,0,0,0,1,0,0,0,0,0,3.864
raw_gretil,b07c078.htm,10633,0,0,1,1,0,0,0,0,0,4.337
raw_gretil,mbhx_22.htm,304216,0,0,0,1,0,0,0,0,0,2.899
raw_gretil,mbhx_36.htm,562200,0,0,1,5,0,0,0,0,0,3.06
raw_gretil,vamkalvu.htm,123631,0,0,0,2,0,0,0,0,0,3.727
raw_gretil,nysu__3u.htm,651636,0,0,9,4,1,0,1,0,0,7.574
raw_gretil,dhamsanu.htm,479943,0,0,8,0,0,0,0,0,0,5.126
raw_gretil,mbhx_37.htm,1257159,0,0,0,5,0,0,0,0,0,3.341
raw_gretil,yraspriu.htm,150261,0,0,9,2,0,0,1,1,0,6.138
raw_gretil,sadhdipu.htm,281014,0,0,2,1,0,0,0,0,0,6.415
raw_gretil,bsu036_u.htm,506541,0,0,4,0,2,0,0,0,0,6.745
raw_gretil,chup___u.htm,113953,0,0,0,5,2,0,1,0,0,7.03
raw_gretil,prakp09u.htm,16477,0,0,0,1,0,0,0,0,0,3.97
raw_gretil,vidsrgau.htm,415503,0,0,15,24,3,0,0,0,0,9.683
raw_gretil,bhp_04u.htm,204098,0,0,2,2,0,0,0,0,0,6.185
raw_gretil,sa_vAtsyAyana-kAmasUtra.htm,184479,0,0,4,4,1,0,0,0,0,7.61
raw_gretil,motik_pu.htm,1212236,0,0,34,30,2,0,0,0,0,7.289
raw_gretil,grasg_pu.htm,4819592,0,0,15,18,0,0,0,0,0,6.729
raw_gretil,samkhsuu.htm,47465,0,0,0,6,0,0,0,0,0,5.878
raw_gretil,sa_sitAtapatrA.htm,19435,0,0,3,2,0,0,0,2,0,4.782
raw_gretil,slokant_u.htm,76511,0,0,0,1,0,0,0,0,0,4.906
raw_gretil,udana_pu.htm,161742,0,0,1,0,0,0,0,0,0,4.21
raw_gretil,sb_06_u.htm,126530,0,0,0,2,0,0,0,0,0,4.88
raw_gretil,sa_rUpagosvAmin-laghubhAgavatAmRta.htm,118252,0,0,3,1,0,0,0,0,0,6.131
raw_gretil,mahanidu.htm,918077,0,0,16,0,7,0,0,1,0,7.105
raw_gretil,b06c097.htm,12965,0,0,0,1,0,0,0,0,0,4.038
raw_gretil,sastrdiu.htm,216527,0,0,3,5,0,0,0,0,0,6.443
raw_gretil,mbrahsiu.htm,268165,0,0,0,5,0,0,0,0,0,6.287
raw_gretil,kakumsau.htm,83369,0,0,3,0,0,0,1,0,0,6.184
raw_gretil,kmeghvpu.htm,24115,0,0,2,2,0,0,0,0,0,6.359
raw_gretil,sa_gautama-nyAyasUtra.htm,43763,0,0,0,1,0,0,0,0,0,3.577
raw_gretil,subhrk_u.htm,34882,0,0,1,0,0,0,0,0,0,4.392
raw_gretil,msitvatu.htm,6974,0,0,0,0,1,0,0,0,0,4.5
raw_gretil,sa_patna-dharmapada.htm,88676,0,0,0,1,0,0,2,0,0,5.999
raw_gretil,visa07cu.htm,263687,0,0,0,4,4,0,0,0,0,4.933
raw_gretil,sa_mahAsubhASitasaMgraha-1-9979.htm,1402117,0,0,27,56,11,1,0,2,0,10.099
raw_gretil,sa_lolimbarAja-vaidyajIvana.htm,33086,0,0,1,5,0,0,0,0,0,6.605
raw_gretil,bhivin_u.htm,386631,0,0,1,4,3,0,0,0,0,7.043
raw_gretil,rv_03_u.htm,87320,0,0,1,2,0,0,0,0,0,5.511
raw_gretil,tulkav_u.htm,101791,0,0,0,1,0,0,0,0,0,5.101
raw_gretil,vamvuppu.htm,43664,0,0,0,3,0,0,0,0,0,5.59
raw_gretil,kmeghdau.htm,24596,0,0,2,2,0,0,0,0,0,6.262
raw_gretil,bhp1-12u.htm,1838009,0,0,30,54,1,1,1,0,0,10.04
raw_gretil,sa_jaimini-mImAMsAsUtra-1-7-comm.htm,1209081,0,0,2,10,0,0,0,0,0,7.487
raw_gretil,b12c289.htm,15179,0,0,0,1,0,0,0,0,0,3.712
raw_gretil,bsa051_u.htm,405659,0,0,10,3,1,0,0,1,1,7.526
raw_gretil,b05c034.htm,18735,0,0,0,2,0,0,0,0,0,4.456
raw_gretil,gretilbk.htm,252813,0,0,0,3,0,0,0,0,0,5.403
raw_gretil,b08c017.htm,28026,0,0,0,2,0,0,0,0,0,4.472
raw_gretil,vinv11_u.htm,77399,0,0,0,1,0,0,0,0,0,4.761
raw_gretil,dhkariku.htm,60319,0,0,2,0,0,0,0,0,0,4.637
raw_gretil,ps27-43u.htm,406622,0,0,15,1,0,0,0,0,0,7.209
raw_gretil,sa_zAntideva-zikSAsamuccaya-alt.htm,488985,0,0,17,7,15,0,1,1,0,8.977
raw_gretil,sa_mandanamizra-brahmasiddhi.htm,269235,0,0,0,5,0,0,0,0,0,6.331
raw_gretil,b07c131.htm,30435,0,0,0,1,0,0,0,0,0,3.313
raw_gretil,sa_bhAgavatapurANa.htm,1893467,0,0,30,56,1,1,1,0,0,10.03
raw_gretil,tatsuvru.htm,28575,0,0,1,0,0,0,0,0,0,3.459
raw_gretil,yaatsi_u.htm,329734,0,0,1,3,0,0,0,0,0,5.553
raw_gretil,kavsttvu.htm,33811,0,0,0,1,0,0,0,0,0,3.97
raw_gretil,ujjvni_u.htm,230796,0,0,15,3,0,0,0,0,0,8.617
raw_gretil,brssgo1u.htm,725435,0,0,1,12,0,0,0,0,0,7.532
raw_gretil,hv_appiu.htm,1836345,0,0,16,30,1,0,0,0,0,5.654
raw_gretil,b14c031.htm,3220,0,0,1,0,0,0,0,0,0,3.526
raw_gretil,bhp_12u.htm,78446,0,0,1,7,0,0,0,0,0,6.855
raw_gretil,b04c031.htm,5535,0,0,0,1,0,0,0,0,0,3.874
raw_gretil,sokss_mu.htm,11156134,0,0,56,44,26,0,3,0,0,4.847
raw_gretil,tarb108u.htm,7062,0,0,1,0,0,0,0,0,0,4.682
raw_gretil,bharst_u.htm,65853,0,0,1,2,2,0,0,0,0,6.984
raw_gretil,b01c158.htm,13000,0,0,1,4,0,0,0,0,0,4.784
raw_gretil,sa_maJjuzrInAmasaMgIti-alt.htm,28918,0,0,0,0,0,0,0,0,1,3.468
raw_gretil,salrasmu.htm,105281,0,0,9,5,0,0,0,1,0,7.588
raw_gretil,bhall_iu.htm,22653,0,0,0,1,0,0,0,0,0,4.165
raw_gretil,sb_02_u.htm,122721,0,0,0,5,0,0,0,0,0,5.459
raw_gretil,b14c009.htm,12424,0,0,1,0,0,0,0,0,0,3.526
raw_gretil,sa_kSemendra-kalAvilAsa.htm,65786,0,0,6,2,2,0,0,0,0,7.007
raw_gretil,vagaah_u.htm,988701,0,0,130,158,2,0,0,10,0,11.226
raw_gretil,gaukarpu.htm,26066,0,0,0,1,0,0,0,0,0,4.418
raw_gretil,sa_AGgirasasmRti.htm,145633,0,0,2,0,10,0,0,0,0,7.426
raw_gretil,bhakavau.htm,59569,0,0,1,0,0,0,0,0,0,4.278
raw_gretil,b07c109.htm,7398,0,0,0,1,0,0,0,0,0,3.369
raw_gretil,sa_bhaiSajyavastu.htm,390395,0,0,5,8,1,0,0,0,0,7.883
raw_gretil,sa_vasugupta-spandakArikA-comm.htm,90016,0,0,1,3,0,0,0,0,0,6.009
raw_gretil,suttaniu.htm,199579,0,0,2,0,1,0,0,0,0,6.153
raw_gretil,divyav_u.htm,1336530,0,0,12,16,27,0,0,0,3,9.173
raw_gretil,narsekou.htm,21247,0,0,0,0,1,0,0,0,2,5.246
raw_gretil,sa_abhisamAcArikadharma.htm,258182,0,0,1,0,0,0,0,0,0,4.982
raw_gretil,devikapu.htm,10464,0,0,1,0,0,0,0,0,0,4.071
raw_gretil,ruphamdu.htm,27339,0,0,7,0,0,0,0,0,0,6.78
raw_gretil,sa_AryabhaTa-AryabhaTIya-comm.htm,441387,0,0,2,5,0,0,0,0,0,6.679
raw_gretil,b13c061.htm,21139,0,0,0,4,0,0,0,0,0,4.739
raw_gretil,b12c272.htm,9850,0,0,1,0,0,0,0,0,0,3.309
raw_gretil,keskaupu.htm,923758,0,0,11,64,0,0,0,8,0,7.362
raw_gretil,sghancsu.htm,24684,0,0,0,1,0,0,0,0,0,4.774
raw_gretil,sa_veGkaTanAtha-nyAyaparizuddhibhUmikA-13-5.htm,184737,0,0,0,4,0,0,0,0,0,6.212
raw_gretil,sa_subandhu-vAsavadattA.htm,68962,0,0,1,0,0,0,0,0,0,3.585
raw_gretil,mspram_u.htm,64795,0,0,3,1,4,0,0,0,0,7.342
raw_gretil,bbdip11u.htm,306882,0,0,2,1,0,0,0,0,0,5.858
raw_gretil,sa_amarasiMha-nAmaliGgAnuzAsana.htm,190689,0,0,4,8,4,1,0,1,0,8.176
raw_gretil,sa_yamasmRti-99v.htm,12024,0,0,0,1,5,0,0,0,0,6.806
raw_gretil,tantralu.htm,748321,0,0,1,6,1,0,1,0,0,6.131
raw_gretil,benfse_u.htm,4253085,1,0,37,36,12,0,0,1,0,6.95
raw_gretil,apadanau.htm,943875,0,0,11,0,1,0,1,0,0,7.385
raw_gretil,b10c001.htm,15517,0,0,0,1,0,0,0,0,0,3.572
raw_gretil,b06c087.htm,6564,0,0,1,1,0,0,0,0,0,3.955
raw_gretil,santts_u.htm,737157,0,0,1,7,0,0,0,0,0,6.19
raw_gretil,sa_bhAsa-dUtavAkya.htm,19337,0,0,1,1,0,0,0,0,0,5.249
raw_gretil,b13c129.htm,12059,0,0,1,0,0,0,0,0,0,3.498
raw_gretil,b03c129.htm,4867,0,0,0,1,0,0,0,0,0,3.973
raw_gretil,sa_zatasAhasrikA-prajJApAramitA-2.htm,1939973,0,0,5,0,1,0,0,0,0,6.471
raw_gretil,b06c050.htm,26514,0,0,0,1,0,0,0,0,0,3.977
raw_gretil,b05c193.htm,16202,0,0,0,3,0,0,0,0,0,4.666
raw_gretil,divav33u.htm,229135,0,0,1,5,24,0,0,0,1,8.204
raw_gretil,sa_vAmanapurANasaromAhAtmya.htm,140439,0,0,0,1,0,0,0,0,0,4.547
raw_gretil,b13c101.htm,14599,0,0,0,1,0,0,0,0,0,3.492
raw_gretil,pars2_pu.htm,71226,0,0,1,7,26,0,0,0,4,7.922
raw_gretil,sa_AnandabhaTTa-vallAlacarita.htm,112286,0,0,1,2,1,0,0,0,0,6.08
raw_gretil,padnscpu.htm,216113,0,0,4,13,0,0,0,0,0,8.004
raw_gretil,prakp08u.htm,33762,0,0,0,1,0,0,0,0,0,4.736
raw_gretil,mwse72_u.htm,15286709,1,1,153,279,40,3,4,9,0,8.616
raw_gretil,b01c038.htm,9111,0,0,1,1,0,0,0,0,0,4.238
raw_gretil,sa_gorakSazataka-alt.htm,13775,0,0,1,0,0,0,0,0,0,4.56
raw_gretil,sa_pauSkarasaMhitA-27-43.htm,405227,0,0,15,1,0,0,0,0,0,7.209
raw_gretil,b11c004.htm,3248,0,0,0,2,0,0,0,0,0,4.471
raw_gretil,bhp_05u.htm,128975,0,0,2,2,0,0,0,0,0,6.747
raw_gretil,sa_manusmRti.htm,577013,2,0,2,12,24,0,2,0,0,8.254
raw_gretil,sanss03u.htm,21333,0,0,3,0,1,0,0,0,0,6.249
raw_gretil,visa03cu.htm,334275,0,0,9,4,2,0,0,0,0,5.794
raw_gretil,rv_07_u.htm,119124,0,0,1,0,0,0,0,0,0,4.459
raw_gretil,pramanvu.htm,164685,0,0,0,3,0,0,0,0,0,5.586
raw_gretil,sa_vimalamitra-abhidharmadIpa.htm,67731,0,0,1,0,0,0,0,0,0,3.948
raw_gretil,bhg4c09u.htm,103882,0,0,0,1,0,0,0,0,0,4.923
raw_gretil,sa_rAdhAkRSNadAsagosvAmin-sAdhanadIpikA.htm,280444,0,0,2,1,0,0,0,0,0,6.415
raw_gretil,sa_prakAzasaMhitA.htm,176273,0,0,6,3,0,0,0,0,0,6.786
raw_gretil,simhrs_u.htm,350254,0,0,22,10,4,0,0,1,0,9.083
raw_gretil,sa_matsyapurANa1-176.htm,952926,0,0,9,29,0,0,1,0,0,8.632
raw_gretil,nysu__2u.htm,891691,0,0,12,4,7,0,0,0,1,7.814
raw_gretil,b12c139.htm,23029,0,0,0,1,0,0,0,0,0,4.304
raw_gretil,canprasu.htm,517777,0,0,5,4,0,0,0,0,0,7.026
raw_gretil,sa_abhidharmasamuccayabhASya.htm,276101,0,0,31,2,1,0,0,0,0,7.411
raw_gretil,kragh_iu.htm,258885,0,0,12,13,0,0,0,0,0,6.812
raw_gretil,visvantu.htm,30732,0,0,0,1,1,0,0,0,0,3.981
raw_gretil,b01c011.htm,3980,0,0,0,2,0,0,0,0,0,4.298
raw_gretil,b11c005.htm,5091,0,0,0,1,0,0,0,0,0,4.098
raw_gretil,rvpp_02u.htm,78543,0,0,0,1,0,0,0,0,0,4.325
raw_gretil,avpari_u.htm,413218,0,0,14,29,0,0,0,0,0,8.804
raw_gretil,nars2_pu.htm,104881,0,0,0,2,2,0,0,0,0,6.263
raw_gretil,sa_viSNupurANa-crit.htm,714152,0,0,7,25,3,0,0,0,0,8.635
raw_gretil,sa_kAzyapaparivartasUtra.htm,93885,0,0,1,0,0,0,0,0,0,4.938
raw_gretil,grasht_u.htm,349337,0,0,10,3,0,0,0,0,0,7.309
raw_gretil,bsa071_u.htm,44075,0,0,0,3,0,0,0,0,0,5.6
raw_gretil,jatak5ou.htm,1548798,0,0,3,0,9,0,2,0,2,6.457
raw_gretil,bsa034_u.htm,518142,0,0,5,0,4,0,0,0,0,6.703
raw_gretil,brupsb4u.htm,202946,0,0,1,8,1,0,0,0,0,7.312
raw_gretil,vnyps12u.htm,21191,0,0,0,3,0,0,0,0,0,5.72
raw_gretil,visvaksu.htm,437021,0,0,16,17,10,0,0,0,0,8.563
raw_gretil,sa_bharata-nATyazAstra-1-1618-303335-37.htm,503923,0,0,63,39,0,0,0,2,0,9.15
raw_gretil,mamkavpu.htm,374541,0,0,1,6,2,0,0,0,0,3.542
raw_gretil,bsa009_u.htm,2404,0,0,0,1,0,0,0,0,0,4.0
raw_gretil,jatak6pu.htm,1662547,0,0,0,0,12,0,4,0,1,6.833
raw_gretil,sa_vAgbhaTa-aSTAGgahRdayasUtra.htm,988900,0,0,130,158,2,0,0,10,0,11.226
raw_gretil,srabhusu.htm,443186,0,0,2,0,2,0,0,0,0,6.074
raw_gretil,sa_bAdarAyaNa-brahmasUtra-comm-subcomm2.htm,1871949,0,0,17,29,3,0,0,1,0,9.155
raw_gretil,sa_agnipurANa.htm,1645878,0,0,73,37,13,0,1,6,0,8.805
raw_gretil,sa_govardhana-AryAsaptazatI.htm,92198,0,0,7,2,0,0,0,0,0,7.631
raw_gretil,mbh_07_u.htm,1333481,0,0,9,19,0,0,0,0,0,8.329
raw_gretil,bsu016_u.htm,1031762,0,0,25,0,1,2,2,1,3,8.299
raw_gretil,sa_kSemendra-darpadalana.htm,69876,0,0,3,4,7,0,0,0,2,7.732
raw_gretil,narads_u.htm,111057,0,0,0,2,2,0,0,0,0,5.784
raw_gretil,brup___u.htm,129322,0,0,0,1,0,0,0,0,0,4.97
raw_gretil,ksakunxu.htm,122343,0,0,1,8,0,0,0,0,0,7.496
raw_gretil,vin3s1ou.htm,565474,0,0,1,0,0,0,0,0,0,4.748
raw_gretil,vinv172u.htm,557351,0,0,0,3,10,0,0,0,0,6.994
raw_gretil,ksbhm19u.htm,183693,0,0,12,4,0,0,0,0,0,7.449
raw_gretil,mdhvkmou.htm,26295,0,0,0,0,1,0,0,0,0,4.852
raw_gretil,kbavk75u.htm,2698,0,0,0,0,0,0,0,1,0,4.143
raw_gretil,vijnbhau.htm,17975,0,0,0,1,0,0,0,0,0,4.556
raw_gretil,b09c029.htm,15996,0,0,1,0,0,0,0,0,0,3.763
raw_gretil,brhats_u.htm,421307,0,0,11,16,1,0,0,0,0,8.574
raw_gretil,mrgt3cau.htm,74765,0,0,0,1,0,0,0,0,0,3.096
raw_gretil,mbh_05_u.htm,880768,0,0,5,25,0,0,1,0,0,8.537
raw_gretil,b14c036.htm,7798,0,0,1,0,0,0,0,0,0,3.788
raw_gretil,jatak4pu.htm,1140524,0,0,13,0,50,0,0,0,1,8.336
raw_gretil,bhassv_u.htm,81209,0,0,0,7,0,0,0,0,0,6.412
raw_gretil,b04c022.htm,7459,0,0,1,0,0,0,0,0,0,3.962
raw_gretil,muktacau.htm,130963,0,0,5,4,0,0,0,0,0,7.796
raw_gretil,b04c036.htm,11642,0,0,0,2,0,0,0,0,0,4.282
raw_gretil,sa_rasAdhyaya1-302-com.htm,71235,0,0,0,1,0,0,0,0,0,4.585
raw_gretil,sa_bhAvAgaNeza-tattvayAthArthyadIpana.htm,44311,0,0,1,1,1,0,0,0,0,5.333
raw_gretil,sa_parazurAmakalpasUtra.htm,63062,0,0,9,1,0,0,0,1,0,7.589
raw_gretil,sa_vijJAnezvara-mitAkSarA.htm,1196094,0,0,7,25,62,0,8,0,3,9.867
raw_gretil,b07c136.htm,4370,0,0,0,1,0,0,0,0,0,3.48
raw_gretil,visnu_au.htm,180891,0,0,1,5,8,0,0,0,1,7.581
raw_gretil,madhanuu.htm,214320,0,0,0,1,7,0,0,0,0,6.381
raw_gretil,theragou.htm,207366,0,0,1,0,0,0,0,0,0,4.774
raw_gretil,b05c033.htm,25642,0,0,1,0,0,0,0,0,0,3.813
raw_gretil,gorst1au.htm,14086,0,0,3,0,0,0,0,0,0,6.054
raw_gretil,sa_daNDin-dazakumAracarita3--5-6.htm,138367,0,0,0,2,0,0,0,0,0,5.58
raw_gretil,sa_udAnavarga.htm,129267,0,0,0,6,0,0,0,0,0,4.556
raw_gretil,busto1_u.htm,51417,0,0,0,1,0,0,0,0,0,2.88
raw_gretil,divav29u.htm,137147,0,0,0,1,3,0,0,0,2,6.186
raw_gretil,sa_asaGga-abhidharmasamuccaya.htm,189417,0,0,4,2,0,0,0,0,0,6.405
raw_gretil,ttrkhy2u.htm,25463,0,0,0,0,2,0,0,0,0,4.809
raw_gretil,bsa0552u.htm,34487,0,0,0,5,0,0,0,0,0,6.163
raw_gretil,ksakunau.htm,121838,0,0,1,8,0,0,0,0,0,7.539
raw_gretil,sa_gautama-nyAyasUtra-comm-alt.htm,354547,0,0,1,14,0,0,0,0,0,7.275
raw_gretil,yabhkvyu.htm,1572465,0,0,4,14,0,0,0,0,0,8.08
raw_gretil,maharu_u.htm,689930,0,0,1,0,9,0,0,0,0,6.557
raw_gretil,vrasrs_u.htm,139080,0,0,1,3,0,0,0,0,0,6.21
raw_gretil,bsu014_u.htm,229803,0,0,7,0,0,0,0,1,2,6.134
raw_gretil,b13c062.htm,11686,0,0,1,0,0,0,0,0,0,4.093
raw_gretil,agsas_3u.htm,44781,0,0,0,11,0,0,0,0,0,7.095
raw_gretil,sa_arcaTa-hetubinduTIkA.htm,387482,0,0,0,12,0,0,0,0,0,7.235
raw_gretil,sa_kAlidAsa-kumArasaMbhava.htm,77356,0,0,3,0,0,0,1,0,0,6.349
raw_gretil,sanghy_u.htm,70760,0,0,0,0,1,0,0,0,0,4.978
raw_gretil,bsu029_u.htm,83037,0,0,0,1,0,0,0,0,0,4.524
raw_gretil,sa_bhatRhari-zatakatraya.htm,65907,0,0,1,2,2,0,0,0,0,6.984
raw_gretil,kragh_pu.htm,215528,0,0,12,13,0,0,0,0,0,8.454
raw_gretil,kamasutu.htm,169382,0,0,4,4,0,0,0,0,0,7.193
raw_gretil,sa_kAzyapaparivartasUtra-alt.htm,81160,0,0,5,0,0,0,0,0,0,5.291
raw_gretil,sa_dhvajAgrakeyUrAdhAriNI.htm,3461,0,0,2,0,0,0,0,0,0,4.311
raw_gretil,sa_kumAralAta-kalpanAmaNDitikA.htm,99394,0,0,1,3,1,0,0,0,0,6.524
raw_gretil,samavedu.htm,219896,0,0,2,2,0,0,0,0,0,6.029
raw_gretil,uttaraju.htm,196855,0,0,0,0,3,0,0,0,0,5.632
raw_gretil,naray__u.htm,149338,0,0,1,0,0,0,0,0,0,4.459
raw_gretil,sdurst_u.htm,129714,0,0,0,3,0,2,0,0,0,6.345
raw_gretil,bsa073_u.htm,134220,0,0,2,0,0,0,0,0,0,5.38
raw_gretil,b01c013.htm,10444,0,0,0,3,0,0,0,0,0,4.51
raw_gretil,kauthgsu.htm,27873,0,0,0,0,2,0,0,0,0,5.029
raw_gretil,sa_varAhamihira-yogayAtrA-edjha.htm,76222,0,0,13,2,0,0,0,0,0,7.592
raw_gretil,sa_durvekamizra-dharmottarapradIpa.htm,684243,0,0,1,4,0,0,0,0,0,6.517
raw_gretil,bhp_09u.htm,125493,0,0,4,2,0,0,1,0,0,6.251
raw_gretil,nars2_iu.htm,127716,0,0,0,2,2,0,0,0,0,5.422
raw_gretil,sa_vasudhArAdhAraNI-alt.htm,15285,0,0,1,0,0,0,0,0,0,4.858
raw_gretil,b12c106.htm,5496,0,0,1,0,0,0,0,0,0,3.64
raw_gretil,sa_appayadIkSita-vairAgyazatakam.htm,13124,0,0,0,0,1,0,0,0,0,4.096
raw_gretil,sa_rUpagosvAmin-haMsadUta.htm,27480,0,0,7,0,0,0,0,0,0,6.78
raw_gretil,bahcar6u.htm,43154,0,0,6,4,2,0,0,0,0,7.642
raw_gretil,b11c006.htm,3318,0,0,0,1,0,0,0,0,0,3.676
raw_gretil,lip_2__u.htm,269800,0,0,0,4,0,0,0,0,0,5.837
raw_gretil,brssbh4u.htm,109416,0,0,0,1,0,0,0,0,0,4.664
raw_gretil,brkas_au.htm,487032,0,0,11,21,8,0,0,0,0,9.625
raw_gretil,bhg4c05u.htm,86488,0,0,1,0,0,0,0,0,0,5.029
raw_gretil,sa_zaMkara-upadezasAhasrI.htm,122281,0,0,2,6,0,0,0,0,0,7.13
raw_gretil,sa_gautama-dharmasUtra.htm,82092,0,0,0,2,3,0,0,0,0,5.244
raw_gretil,uddkokau.htm,34900,0,0,1,1,0,0,0,0,0,5.444
raw_gretil,sa_bhAmaha-kAvyAlaMkAra.htm,55437,0,0,1,0,0,0,0,0,0,4.547
raw_gretil,sa_abhisamayAlaMkAra.htm,33075,0,0,1,0,0,0,0,0,0,4.35
raw_gretil,b05c185.htm,4876,0,0,0,1,0,0,0,0,0,3.936
raw_gretil,vipce_au.htm,805252,0,0,7,25,3,0,0,0,0,8.606
raw_gretil,sa_harivarman-satyasiddhizAstram.htm,951139,0,0,4,7,6,0,0,0,0,7.929
raw_gretil,sa_kamalazIla-bhAvanAkrama.htm,121107,0,0,1,1,0,0,0,0,0,5.309
raw_gretil,sa_zrAvakabhUmi.htm,401288,0,0,0,1,3,0,0,0,0,6.285
raw_gretil,ram_03au.htm,243078,0,0,2,6,1,0,0,0,0,7.327
raw_gretil,sa_yogazataka.htm,18931,0,0,0,8,0,0,0,0,0,6.575
raw_gretil,sa_DhuNDhukanAtha-rasendracintAmaNi.htm,114731,0,0,5,2,0,0,0,1,0,6.868
raw_gretil,stcsf_u.htm,3980770,0,0,60,53,15,0,0,3,0,8.222
raw_gretil,udnyku2u.htm,52185,0,0,2,0,0,0,0,2,0,4.059
raw_gretil,sa_vAhaTa-aSTAGganighaNTu.htm,44064,0,0,1,8,0,0,0,0,0,7.098
raw_gretil,pars2_iu.htm,79560,0,0,1,7,26,0,0,0,4,6.025
raw_gretil,petako_u.htm,341647,0,0,1,0,1,0,0,0,0,5.444
raw_gretil,sa_haribhaTTa-jAtakamAlA1-8--11-12--19-20--22--24--26--32--35.htm,228128,0,0,10,5,1,0,1,0,0,8.038
raw_gretil,visvsdpu.htm,93576,0,0,5,3,0,0,0,0,0,7.09
raw_gretil,gopbra_u.htm,324548,0,0,0,11,0,0,0,0,0,7.064
raw_gretil,nettip_u.htm,292365,0,0,0,0,0,0,1,0,0,4.755
raw_gretil,sivup_pu.htm,67103,0,0,4,0,0,0,0,0,0,6.284
raw_gretil,anvallcu.htm,113217,0,0,1,2,1,0,0,0,0,6.08
raw_gretil,sa_svacchandatantra.htm,387281,0,0,7,9,1,1,0,0,1,7.48
raw_gretil,sa_skandapurANa-revAkhaNDa-rks.htm,748027,0,0,5,17,0,0,1,1,0,8.186
raw_gretil,b18c005.htm,12702,0,0,0,1,0,0,0,0,0,4.119
raw_gretil,b05c032.htm,9622,0,0,0,1,0,0,0,0,0,3.891
raw_gretil,b08c005.htm,25825,0,0,0,2,0,0,0,0,0,4.143
raw_gretil,bhall_pu.htm,20898,0,0,0,1,0,0,0,0,0,4.7
raw_gretil,amaru_u.htm,56831,0,0,2,4,0,0,0,0,0,5.763
raw_gretil,b07c137.htm,10770,0,0,1,0,0,0,0,0,0,4.057
raw_gretil,pncvbr2u.htm,377240,0,0,0,14,0,0,0,0,0,7.337
raw_gretil,bsu030_u.htm,201221,0,0,2,0,2,0,0,0,0,6.069
raw_gretil,bhveni_u.htm,163689,0,0,4,7,0,0,0,0,0,7.474
raw_gretil,b02c072.htm,8470,0,0,0,2,0,0,0,0,0,4.227
raw_gretil,sa_divyAvadAna.htm,1341671,0,0,12,16,27,0,0,0,3,9.16
raw_gretil,sa_kamalazIla-madhyamakAloka.htm,292367,0,0,0,1,0,0,0,0,0,4.607
raw_gretil,ramgbhau.htm,410339,0,0,0,2,0,0,0,0,0,5.239
raw_gretil,ys-99_au.htm,13015,0,0,0,1,5,0,0,0,0,6.767
raw_gretil,sa_mAnavagRhyasUtra-maitrAyaNIyamAnavagRhyasUtra.htm,69392,0,0,0,2,0,0,0,0,0,5.107
raw_gretil,suvasavu.htm,69868,0,0,1,0,0,0,0,0,0,3.585
raw_gretil,bhg4c13u.htm,99802,0,0,0,4,0,0,0,0,0,6.42
raw_gretil,b14c037.htm,4065,0,0,1,0,0,0,0,0,0,3.811
raw_gretil,vibhanpu.htm,1006769,0,0,1,0,0,0,0,0,0,3.148
raw_gretil,devikaiu.htm,11808,0,0,1,0,0,0,0,0,0,4.472
raw_gretil,mtp176au.htm,1041994,0,0,9,29,0,0,1,0,0,8.613
raw_gretil,sa_dharmasamuccaya.htm,281025,0,0,0,4,0,0,0,0,0,6.122
raw_gretil,b09c028.htm,21992,0,0,1,0,0,0,0,0,0,3.831
raw_gretil,b01c115.htm,6413,0,0,1,0,0,0,0,0,0,3.572
raw_gretil,sa_kapila-sAMkhyasUtra.htm,47673,0,0,0,6,0,0,0,0,0,5.878
raw_gretil,jatak3pu.htm,1117192,0,0,0,0,19,0,2,0,0,7.401
raw_gretil,vaimp_cu.htm,324031,0,0,0,1,0,0,0,0,0,3.555
raw_gretil,asmahsbu.htm,320148,0,0,6,1,0,0,1,0,2,7.416
raw_gretil,yogasutu.htm,15884,0,0,2,0,0,0,0,0,0,5.451
raw_gretil,sarvttsu.htm,366934,0,0,4,1,0,5,0,0,0,6.763
raw_gretil,petvatou.htm,152603,0,0,1,0,2,0,0,0,1,5.716
raw_gretil,mbh_02_u.htm,642110,0,0,7,9,0,0,0,0,0,7.5
raw_gretil,manu2p_u.htm,300715,1,0,0,6,12,0,1,0,0,7.981
raw_gretil,dvavims_pu.htm,212507,0,0,3,1,0,0,0,0,0,6.205
raw_gretil,vedconc_u.htm,5329368,2,1,15,116,0,0,0,0,0,8.688
raw_gretil,sa_bodhisattvabhUmi.htm,518194,0,0,5,0,4,0,0,0,0,6.703
raw_gretil,rmc1-3pu.htm,42102,0,0,0,2,0,0,0,0,0,5.35
raw_gretil,b12c029.htm,32787,0,0,3,0,0,0,0,0,0,4.864
raw_gretil,amark1pu.htm,34567,0,0,1,2,0,1,0,1,0,6.148
raw_gretil,b08c062.htm,18242,0,0,0,1,0,0,0,0,0,3.866
raw_gretil,satvtanu.htm,81075,0,0,4,1,0,0,0,1,0,6.013
raw_gretil,nagsaliu.htm,88332,0,0,0,2,0,0,2,0,0,6.194
raw_gretil,ys182_au.htm,23358,0,0,0,1,0,0,0,0,0,4.438
raw_gretil,gmandk_u.htm,26321,0,0,0,1,0,0,0,0,0,4.404
raw_gretil,paddhs_u.htm,83379,0,0,0,10,0,0,0,0,0,7.037
raw_gretil,sa_nagaropamasUtra.htm,33014,0,0,0,0,2,0,0,0,0,5.188
raw_gretil,spandkau.htm,6661,0,0,0,1,0,0,0,0,0,4.522
raw_gretil,sa_asaGga-mahAyAnasUtrAlaMkAra-alt.htm,102453,0,0,1,1,0,0,1,0,0,5.768
raw_gretil,nidde1ou.htm,1061490,0,0,11,0,4,0,0,1,0,7.277
raw_gretil,vispancu.htm,422800,0,0,5,48,1,0,0,0,0,9.344
raw_gretil,brupsb3u.htm,142860,0,0,0,1,0,0,0,0,0,3.97
raw_gretil,samyut1u.htm,383497,0,0,0,0,4,0,1,0,0,6.356
raw_gretil,sa_varAhamihira-yogayAtrA-edpingree.htm,74031,0,0,1,3,0,0,1,0,0,6.017
raw_gretil,sa_jIvagosvAmin-gopAlacampUp1-33u1-3u5-6u29.htm,949023,0,0,50,27,0,0,0,5,0,10.038
raw_gretil,yajn1_u.htm,131200,0,0,1,1,3,0,0,0,0,6.473
raw_gretil,srngt_pu.htm,52796,0,0,3,0,0,0,0,0,0,5.915
raw_gretil,manu1__u.htm,358215,1,0,1,6,12,0,1,0,0,7.345
raw_gretil,rvpp_05u.htm,119076,0,0,0,2,0,0,0,0,0,5.601
raw_gretil,sa_nAgArjuna-ratnAvalI.htm,26131,0,0,1,0,0,0,2,0,0,5.526
raw_gretil,dbhp_dgu.htm,65355,0,0,0,2,0,0,1,0,0,5.422
raw_gretil,bsa031_u.htm,142379,0,0,1,0,0,0,1,0,0,4.984
raw_gretil,angirsau.htm,152989,0,0,2,0,10,0,0,0,0,7.41
raw_gretil,patisa2u.htm,394642,0,0,6,0,0,0,0,0,0,5.884
raw_gretil,sa_vizvanAthakavirAja-sAhityadarpaNa-comm.htm,1449822,0,0,27,21,8,0,0,0,0,9.012
raw_gretil,sa_vArAhagRhyasUtra.htm,39826,0,0,0,1,0,0,0,0,0,4.495
raw_gretil,ksbhm08u.htm,25121,0,0,1,1,0,0,0,0,0,5.342
raw_gretil,mvir_sau.htm,483653,0,0,1,10,1,0,0,0,0,7.203
raw_gretil,antsdi_u.htm,1109388,0,0,1,0,0,0,0,0,0,3.64
raw_gretil,kbavk64u.htm,40705,0,0,2,1,0,0,0,0,0,5.611
raw_gretil,sa_vaikhAnasamantraprazna5-8.htm,323683,0,0,0,1,0,0,0,0,0,3.555
raw_gretil,sa_vasudhArAdhAraNI.htm,29552,0,0,1,0,0,0,0,0,0,4.64
raw_gretil,katy2a_u.htm,115974,0,0,1,2,0,0,0,0,0,6.358
raw_gretil,ruvyavivya_au.htm,129871,0,0,1,5,0,0,0,0,0,5.712
raw_gretil,vakyp1iu.htm,297009,0,0,0,1,1,0,0,0,0,4.492
raw_gretil,mbhx_43.htm,289024,0,0,1,0,0,0,0,0,0,3.009
raw_gretil,sa_nityanAthasiddha-rasaratnAkara.htm,446829,0,0,40,4,3,0,0,10,1,8.797
raw_gretil,sanss04u.htm,58064,0,0,2,1,6,0,0,1,0,7.006
raw_gretil,vadhdhdu.htm,29289,0,0,1,0,0,0,0,0,0,4.64
raw_gretil,cappse_u.htm,2362616,2,2,29,42,4,0,2,3,0,8.192
raw_gretil,b12c174.htm,4291,0,0,0,1,0,0,0,0,0,4.111
raw_gretil,sa_mahApratisarAmahAvidyArAjJI.htm,56317,0,0,2,0,2,0,0,0,0,6.025
raw_gretil,akadambu.htm,100472,0,0,4,1,9,0,0,0,1,7.775
raw_gretil,b01c048.htm,5710,0,0,0,5,0,0,0,0,0,5.147
raw_gretil,kubjt_iu.htm,420098,0,0,24,3,5,0,2,2,3,6.256
raw_gretil,padyavlu.htm,83891,0,0,3,0,1,0,0,0,0,6.804
raw_gretil,mrgt14iu.htm,93901,0,0,1,0,0,0,0,0,0,4.179
raw_gretil,pratyabu.htm,35124,0,0,1,0,0,0,0,0,0,4.607
raw_gretil,sa_bhagavadgItA-4comm.htm,1657488,0,0,3,8,2,0,0,0,0,8.097
raw_gretil,m_mbhtnu.htm,678237,0,0,9,2,0,0,0,0,0,7.646
raw_gretil,sratrpau.htm,39496,0,0,0,1,0,0,0,0,0,4.143
raw_gretil,bhasdutu.htm,19054,0,0,1,1,0,0,0,0,0,5.249
raw_gretil,visa06cu.htm,348132,0,0,3,8,2,0,0,0,0,5.084
raw_gretil,tulrcm6u.htm,107849,0,0,0,2,0,0,0,0,0,6.163
raw_gretil,brahmpiu.htm,1937815,0,0,17,47,0,3,13,0,0,6.925
raw_gretil,visnus_u.htm,190637,0,0,1,5,8,0,0,0,1,7.291
raw_gretil,sa_rUpagosvAmin-nATakacandrikA.htm,91438,0,0,2,7,1,0,0,0,0,7.763
raw_gretil,yajn2_au.htm,123594,0,0,1,3,3,0,0,0,0,7.35
raw_gretil,b05c108.htm,4099,0,0,0,1,0,0,0,0,0,3.698
raw_gretil,aryabhcu.htm,441008,0,0,2,5,0,0,0,0,0,6.679
raw_gretil,bsa015_u.htm,17010,0,0,0,1,0,0,0,0,0,4.222
raw_gretil,sa_vidyAnAtha-pratAparudrIya.htm,275932,0,0,9,5,0,0,0,0,0,7.248
raw_gretil,kaccay1u.htm,18658,0,0,1,0,0,0,0,0,0,4.954
raw_gretil,stuplaku.htm,16408,0,0,4,0,0,0,0,0,0,5.964
raw_gretil,dhamsgpu.htm,642356,0,0,9,0,0,0,0,0,0,4.828
raw_gretil,sa_dhanaMjaya-dazarUpaka-1-4.htm,35184,0,0,3,2,0,0,0,0,0,5.912
raw_gretil,samkaubh_u.htm,93833,0,0,1,2,0,0,0,0,0,5.69
raw_gretil,b05c097.htm,4251,0,0,0,1,0,0,0,0,0,3.34
raw_gretil,snyayvau.htm,195590,0,0,3,1,0,0,0,0,0,6.902
raw_gretil,nagpindu.htm,27111,0,0,1,0,0,0,0,0,0,3.59
raw_gretil,sb_07_u.htm,98657,0,0,0,14,0,0,0,0,0,6.638
raw_gretil,sa_mahAvastu-avAdana.htm,1599586,0,0,14,6,5,0,0,1,0,8.399
raw_gretil,b05c040.htm,8767,0,0,0,1,0,0,0,0,0,3.723
raw_gretil,maghspvu.htm,264151,0,0,5,3,0,0,0,0,0,5.333
raw_gretil,avs_acu.htm,825560,0,0,0,8,0,0,0,0,0,7.098
raw_gretil,sanss12u.htm,36192,0,0,0,1,0,0,1,0,0,5.53
raw_gretil,arhebt2u.htm,388698,0,0,0,12,0,0,0,0,0,7.235
raw_gretil,sa_kAlidAsa-abhijJAnazakuntala.htm,383496,0,0,2,20,0,0,1,0,0,7.853
raw_gretil,b14c086.htm,5898,0,0,1,0,0,0,0,0,0,3.899
raw_gretil,dighan2u.htm,573205,0,0,2,0,0,0,4,0,0,6.68
raw_gretil,b03c207.htm,4962,0,0,0,1,0,0,0,0,0,4.038
raw_gretil,rvh1-10u.htm,1408762,0,0,10,13,0,0,0,0,0,8.188
raw_gretil,sankhgsu.htm,72313,0,0,0,2,2,0,0,0,0,6.392
raw_gretil,sa_somadeva-kathAsaritsAgaravetAlapaJcaviMzatikA.htm,492134,0,0,8,6,0,0,0,0,0,7.586
raw_gretil,b04c051.htm,3871,0,0,0,1,0,0,0,0,0,3.823
raw_gretil,b14c045.htm,5071,0,0,1,0,0,0,0,0,0,3.998
raw_gretil,vacbhamu.htm,987818,0,0,5,21,0,0,0,0,0,8.136
raw_gretil,ragh1-6u.htm,65708,0,0,7,3,0,0,0,0,0,6.578
raw_gretil,sa_brahmasaMhitA-5-comm.htm,75641,0,0,1,0,0,0,0,0,0,4.863
raw_gretil,sa_vaitAnazrautasUtra-vaitAnasUtra.htm,110215,0,0,2,8,0,0,0,1,0,5.835
raw_gretil,soksvpau.htm,278598,0,0,4,3,0,0,0,0,0,7.22
raw_gretil,varlghku.htm,201227,0,0,3,1,0,0,0,0,0,5.682
raw_gretil,sb_05_u.htm,107500,0,0,0,18,0,0,0,0,0,6.43
raw_gretil,kirtc_au.htm,170924,0,0,0,2,0,0,0,0,0,4.868
raw_gretil,b07c153.htm,8969,0,0,1,0,0,0,0,0,0,4.027
raw_gretil,brhms5cu.htm,83203,0,0,1,0,0,0,0,0,0,4.863
raw_gretil,moksop_u.htm,2099883,0,0,66,56,20,0,0,0,5,10.053
raw_gretil,sa_aSTAvakragItA.htm,61214,0,0,0,4,0,0,0,0,0,5.786
raw_gretil,aparmyou.htm,132077,0,0,0,4,1,0,0,0,0,6.307
raw_gretil,ksbhm12u.htm,11146,0,0,1,0,0,0,0,0,0,4.335
raw_gretil,sa_kalpadrumAvadAnamAlA.htm,53030,0,0,0,1,7,0,0,0,1,6.916
raw_gretil,sa_kSemendra-caturvargasaMgraha.htm,20596,0,0,0,1,0,0,0,0,0,4.248
raw_gretil,sa_kedArabhaTTa-vRttaratnAkara-comm.htm,93975,0,0,3,0,0,0,0,0,0,5.728
raw_gretil,b08c049.htm,32301,0,0,0,1,0,0,0,0,0,3.546
raw_gretil,sa_chAndogyopaniSad-comm.htm,502353,0,0,1,12,4,0,4,0,0,7.824
raw_gretil,bsu035_u.htm,169181,0,0,0,0,2,0,0,0,0,5.299
raw_gretil,b03c013.htm,28004,0,0,0,1,0,0,0,0,0,4.027
raw_gretil,hdratn_u.htm,64203,0,0,0,2,0,0,0,0,0,5.377
raw_gretil,sa_gorakSanAtha-gorakSazataka.htm,12975,0,0,3,0,0,0,0,0,0,6.192
raw_gretil,sa_IzvarakRSNa-sAMkhyakArikA-comm3.htm,90092,0,0,1,1,0,0,0,0,0,4.774
raw_gretil,saivrliu.htm,1373122,0,0,42,13,7,1,2,2,4,7.081
raw_gretil,rvpp_09u.htm,150626,0,0,1,2,0,0,0,0,0,5.875
raw_gretil,bsu008_u.htm,12630,0,0,2,0,0,0,0,0,0,4.184
raw_gretil,udnyku5u.htm,66758,0,0,1,0,0,0,0,0,0,3.807
raw_gretil,sa_pANDulohitakavastu.htm,78613,0,0,0,1,0,0,0,0,0,4.761
raw_gretil,mrgt14pu.htm,73908,0,0,1,0,0,0,0,0,0,4.143
raw_gretil,kubjt_pu.htm,347233,0,0,28,3,5,0,2,2,3,8.504
raw_gretil,sa_atharvaprAyazcittAni.htm,83938,0,0,1,3,0,0,0,0,0,6.358
raw_gretil,vdhapadu.htm,685797,0,0,0,5,8,0,2,0,0,6.555
raw_gretil,sa_abhisamayAlaMkAravRttiH-sphuTArthA.htm,142258,0,0,1,0,0,0,1,0,0,4.984
raw_gretil,valsubhu.htm,197060,0,0,1,4,1,0,0,0,0,5.97
raw_gretil,cappsg_u.htm,1655629,1,0,21,34,2,0,2,2,0,8.379
raw_gretil,manu2piu.htm,373464,1,0,0,6,12,0,1,0,0,5.677
raw_gretil,b06c022.htm,5788,0,0,0,1,0,0,0,0,0,3.798
raw_gretil,mmayuvru.htm,87246,0,0,1,5,4,0,0,0,2,6.28
raw_gretil,anandk_u.htm,694397,0,0,33,16,3,0,0,12,1,8.91
raw_gretil,bsa052_u.htm,280752,0,0,0,4,0,0,0,0,0,6.122
raw_gretil,brssbh3u.htm,265238,0,0,0,6,1,0,0,0,0,6.674
raw_gretil,tarkrsau.htm,233388,0,0,4,5,0,0,0,0,0,6.519
raw_gretil,bhg4c02u.htm,223717,0,0,0,1,0,0,0,0,0,4.907
raw_gretil,cullaniu.htm,850199,0,0,4,0,2,0,0,0,0,5.385
raw_gretil,manavgsu.htm,70611,0,0,0,2,0,0,0,0,0,5.107
raw_gretil,kamasufu.htm,187179,0,0,4,4,1,0,0,0,0,7.61
raw_gretil,vinsutru.htm,320433,1,0,12,4,2,0,0,0,0,6.956
raw_gretil,udana_ou.htm,187007,0,0,1,0,0,0,0,0,0,4.487
raw_gretil,jivskd_u.htm,102246,0,0,0,4,0,0,0,0,0,5.489
raw_gretil,bahcar1u.htm,45577,0,0,8,4,0,0,0,0,0,7.316
raw_gretil,sa_vajravidAraNAdhAraNI.htm,6185,0,0,2,0,0,0,0,2,0,5.007
raw_gretil,brahmppu.htm,1606773,0,0,17,53,0,3,13,0,0,9.32
raw_gretil,b12c176.htm,3796,0,0,1,0,0,0,0,0,0,3.555
raw_gretil,asvbc_1u.htm,153741,0,0,2,3,0,0,0,0,0,6.786
raw_gretil,mbhx_41.htm,622309,0,0,2,1,0,0,0,0,0,3.734
raw_gretil,amark3_u.htm,59491,0,0,2,5,0,0,0,0,0,7.054
raw_gretil,hv_conau.htm,1301738,0,0,25,39,0,0,0,0,0,8.851
raw_gretil,sa_ahoratravratakathA-prose.htm,16915,0,0,0,1,0,0,0,0,0,4.774
raw_gretil,vratisasana_u.htm,78800,0,0,0,1,10,0,0,0,0,7.012
raw_gretil,sa_kubjikamatatantra.htm,330649,0,0,28,3,5,0,2,2,3,8.524
raw_gretil,sa_suvarNavarNAvadAna.htm,150076,0,0,3,0,0,0,0,0,0,5.534
raw_gretil,sa_paippalAdasaMhitA.htm,943821,0,0,5,45,1,0,1,0,0,9.314
raw_gretil,dhvajkeu.htm,3209,0,0,2,0,0,0,0,0,0,4.311
raw_gretil,vvmanmhu.htm,79544,0,0,0,2,0,0,0,0,0,5.156
raw_gretil,sa_jJAnAlokAlaMkArasUtra.htm,76712,0,0,1,0,0,0,0,0,0,4.533
raw_gretil,chupsb_u.htm,538430,0,0,1,12,4,0,4,0,0,7.734
raw_gretil,therigou.htm,133012,0,0,0,0,2,0,0,0,0,5.518
raw_gretil,purukadu.htm,18643,0,0,4,0,0,0,0,1,0,6.103
raw_gretil,vakyp1pu.htm,226949,0,0,0,1,1,0,0,0,0,5.57
raw_gretil,sa_narasiMhapurANa.htm,392065,0,0,6,3,1,0,0,0,0,7.344
raw_gretil,brkas_su.htm,628823,0,0,11,21,8,0,1,0,0,6.698
raw_gretil,sa_AzvalAyanazrautasUtra.htm,337998,0,0,2,46,0,0,0,0,0,7.555
raw_gretil,agsas_4u.htm,63880,0,0,0,3,0,0,0,0,0,5.444
raw_gretil,bsa033_u.htm,77463,0,0,0,0,0,0,0,0,8,6.306
raw_gretil,sa_udIcyazyAmilaka-pADatADitaka.htm,64396,0,0,0,6,0,0,1,0,0,7.221
raw_gretil,jatak2ou.htm,1144037,0,0,24,0,14,2,0,0,0,7.921
raw_gretil,bursf_u.htm,2763258,1,0,38,35,8,1,2,1,1,7.853
raw_gretil,sa_svAtmArAma-haThayogapradIpikA.htm,47931,0,0,1,2,0,0,1,1,0,6.782
raw_gretil,sa_gauDapAda-AgamazAstra.htm,48693,0,0,0,2,0,0,0,0,0,4.99
raw_gretil,b12c215.htm,8179,0,0,5,0,0,0,0,0,0,4.536
raw_gretil,sa_bRhadAraNyakopaniSadkANva-recension-comm.htm,806455,0,0,8,14,1,0,0,0,0,8.438
raw_gretil,sa_grahamAtRkAdhAraNI.htm,12235,0,0,2,0,0,0,0,0,0,4.798
raw_gretil,psp_5u.htm,347341,0,0,0,0,3,0,0,0,0,5.605
raw_gretil,naray_bu.htm,154784,0,0,1,0,0,0,0,0,0,5.114
raw_gretil,jatak1pu.htm,1074199,0,0,8,0,1,0,1,0,0,7.234
raw_gretil,rajkmimu.htm,147891,0,0,5,11,0,0,0,0,0,7.835
raw_gretil,jaymangu.htm,100077,0,0,1,1,0,0,0,0,0,4.774
raw_gretil,gret_reebk.htm,146075,0,0,0,2,0,0,0,0,0,4.899
raw_gretil,madadh_u.htm,6440,0,0,0,0,1,0,0,0,0,4.513
raw_gretil,sa_candrakIrti-prasannapada.htm,517429,0,0,5,4,0,0,0,0,0,7.026
raw_gretil,ramvasau.htm,130403,0,0,0,9,0,0,0,0,0,6.681
raw_gretil,b03c210.htm,4489,0,0,0,1,0,0,0,0,0,3.614
raw_gretil,bhavpr_u.htm,44915,0,0,2,14,0,0,0,2,0,7.44
raw_gretil,ss3_paru.htm,179695,0,0,0,1,0,0,0,0,0,4.72
raw_gretil,yssoutau.htm,18499,0,0,0,0,4,0,0,0,0,6.21
raw_gretil,rv_hn07u.htm,119283,0,0,1,0,0,0,0,0,0,5.018
raw_gretil,sa_dazabhUmikasUtra.htm,229870,0,0,7,0,0,0,0,1,2,6.114
raw_gretil,sa_mahAmAyUrIvidyArAjJI.htm,87462,0,0,1,5,4,0,0,0,2,6.28
raw_gretil,majjhi1u.htm,1402009,0,0,3,0,0,0,0,0,0,5.483
raw_gretil,sa_bower-manuscript.htm,165554,0,0,1,22,0,0,0,1,0,8.423
raw_gretil,b04c052.htm,6549,0,0,0,1,0,0,0,0,0,3.723
raw_gretil,sa_kSemarAja-pratyabhijJAhRdaya.htm,35038,0,0,1,0,0,0,0,0,0,4.607
raw_gretil,kaussu_u.htm,257514,0,0,0,4,0,0,0,0,0,5.951
raw_gretil,bsa037_u.htm,2747,0,0,0,0,0,0,1,0,0,4.322
raw_gretil,kirtm_au.htm,22007,0,0,0,1,0,0,0,0,0,4.418
raw_gretil,bsa072_u.htm,83186,0,0,1,0,0,0,0,0,0,4.35
raw_gretil,jatak6ou.htm,1837562,0,0,0,0,12,0,5,0,1,7.002
raw_gretil,vanighau.htm,47810,0,0,1,8,0,0,0,0,0,7.045
raw_gretil,b14c056.htm,6766,0,0,0,1,0,0,0,0,0,3.686
raw_gretil,brsvbh1u.htm,494259,0,0,2,3,0,0,0,0,0,6.229
raw_gretil,amark1hu.htm,49335,0,0,1,2,0,1,0,1,0,6.238
raw_gretil,sa_jayatIrtha-nyAyasudhA.htm,2417288,0,0,23,21,21,0,1,0,1,8.919
raw_gretil,sypadatu.htm,64201,0,0,0,6,0,0,1,0,0,7.221
raw_gretil,vinst_su.htm,49438,0,0,1,0,1,0,0,0,0,4.912
raw_gretil,b12c007.htm,9647,0,0,1,0,0,0,0,0,0,3.614
raw_gretil,ghers_pu.htm,48783,0,0,1,0,0,0,0,0,0,4.938
raw_gretil,sa_azokAvadAna.htm,137097,0,0,0,1,3,0,0,0,2,6.189
raw_gretil,psp_4u.htm,399834,0,0,1,0,4,0,0,0,0,6.253
raw_gretil,sa_mAtRkAbhedatantra.htm,61622,0,0,0,1,2,1,0,0,0,6.373
raw_gretil,sa_bhaTTanArAyaNa-veNIsaMhAra.htm,170573,0,0,4,7,0,0,0,0,0,7.09
raw_gretil,kausibru.htm,414724,0,0,0,8,0,0,0,0,0,6.142
raw_gretil,vin3s1pu.htm,530691,0,0,1,0,0,0,0,0,0,4.748
raw_gretil,sa_ratnamAlAvadAna.htm,995242,0,0,3,4,0,0,0,0,0,6.854
raw_gretil,jgrasg1u.htm,127439,0,0,2,0,0,0,0,0,0,5.155
raw_gretil,dhoypavu.htm,21732,0,0,2,1,0,0,0,0,0,6.241
raw_gretil,psp_6-8u.htm,334054,0,0,0,0,0,0,1,0,1,5.056
raw_gretil,tsc_bhau.htm,48832,0,0,1,1,1,0,0,0,0,5.333
raw_gretil,nitrrk_u.htm,446562,0,0,40,4,3,0,0,10,1,8.797
raw_gretil,sa_jagannAtha-prANAbharaNa-comm.htm,19951,0,0,0,2,0,0,0,0,0,4.948
raw_gretil,jyopancu.htm,52245,0,0,4,1,0,0,0,1,0,6.321
raw_gretil,sa_govindkaul-pradezasaMgraha.htm,83254,0,0,0,3,0,0,0,0,0,5.709
raw_gretil,sa_jiva-gosvami-satsamdarbha.htm,1766735,0,0,7,16,2,0,0,0,0,8.586
raw_gretil,b03c176.htm,11095,0,0,0,7,0,0,0,0,0,5.078
raw_gretil,sanss09u.htm,15208,0,0,0,1,0,0,0,0,0,4.019
raw_gretil,vmvkbh_u.htm,65776,0,0,0,0,0,0,0,0,1,4.369
raw_gretil,rv_hn10u.htm,255570,0,0,1,7,0,0,0,0,0,7.154
raw_gretil,mbh_04_u.htm,622812,0,0,4,15,0,0,0,0,0,7.897
raw_gretil,ss4_krsu.htm,346331,0,0,3,2,0,0,0,0,0,6.814
raw_gretil,jatak5pu.htm,1308412,0,0,3,0,9,0,2,0,2,6.424
raw_gretil,brsgor1u.htm,400023,0,0,1,6,0,0,0,0,0,6.744
raw_gretil,jaycndpu.htm,34843,0,0,2,1,0,0,0,0,0,5.233
raw_gretil,mbhx_44.htm,98613,0,0,0,1,0,0,0,0,0,3.128
raw_gretil,vrasrscu.htm,474083,0,0,2,4,0,0,0,1,0,6.696
raw_gretil,sa_paJcaviMzatisAhasrikA-prajJApAramitA1.htm,788687,0,0,6,0,0,0,0,0,0,5.769
raw_gretil,maitrs_pu.htm,988987,0,0,10,26,0,0,0,1,0,8.303
raw_gretil,sa_dharmakIrti-pramANavArttisvavRtti.htm,295533,0,0,1,2,0,0,0,1,0,6.117
raw_gretil,dhvajkdu.htm,4978,0,0,2,0,0,0,0,0,0,5.539
raw_gretil,b12c167.htm,5755,0,0,0,1,0,0,0,0,0,3.823
raw_gretil,rasarniu.htm,187567,0,0,8,2,1,0,0,0,1,5.596
raw_gretil,sa_gopathabrAhmaNa.htm,324751,0,0,0,11,0,0,0,0,0,7.064
raw_gretil,danddk2u.htm,71250,0,0,0,1,0,0,0,0,0,5.248
raw_gretil,bsu031_u.htm,22322,0,0,1,0,0,0,0,0,0,4.322
raw_gretil,agp_bi_u.htm,1646010,0,0,73,37,13,0,1,6,0,8.809
raw_gretil,suksaptu.htm,151346,0,0,0,1,2,0,0,0,0,5.846
raw_gretil,sa_jagannAthapaNDitarAja-rasagaGgAdhara-1.htm,128117,0,0,2,0,0,0,0,0,0,5.155
raw_gretil,avs___u.htm,801018,0,0,3,22,0,0,0,0,0,8.009
raw_gretil,mbhx_45.htm,926598,0,0,0,4,0,0,0,0,0,2.833
raw_gretil,rasadh_u.htm,138041,0,0,0,1,0,0,0,0,0,4.437
raw_gretil,narsippu.htm,414605,0,0,6,3,1,0,0,0,0,7.314
raw_gretil,brssbh2u.htm,286692,0,0,11,6,0,0,0,0,0,7.692
raw_gretil,bores_u.htm,3971389,0,0,66,90,2,1,3,0,1,6.871
raw_gretil,skp031au.htm,204019,0,0,10,6,0,0,0,0,0,7.636
raw_gretil,mamkpb_u.htm,202069,0,0,1,5,2,0,0,0,0,7.0
raw_gretil,vakyp_su.htm,146431,0,0,0,1,1,0,0,0,0,4.658
raw_gretil,b03c177.htm,7982,0,0,0,16,0,0,0,0,0,5.379
raw_gretil,ghers__u.htm,42492,0,0,1,0,0,0,0,3,0,6.413
raw_gretil,sa_dhoyI-pavanadUta.htm,22119,0,0,2,1,0,0,0,0,0,6.241
raw_gretil,sa_SimAnanda-sAMkhyatattvavivecana.htm,49222,0,0,3,1,0,0,0,0,0,6.296
raw_gretil,dhkpvsvu.htm,295335,0,0,1,2,0,0,0,1,0,6.117
raw_gretil,sa_kumArila-mImAMsazlokavArttika-comm.htm,373987,0,0,0,1,0,0,0,0,0,4.278
raw_gretil,b05c126.htm,11033,0,0,0,1,0,0,0,0,0,3.874
raw_gretil,rvpp_08u.htm,228628,0,0,1,4,0,0,0,0,0,6.658
raw_gretil,sspp2_3u.htm,509712,0,0,4,0,0,0,0,0,0,5.992
raw_gretil,dhandasu.htm,34909,0,0,3,2,0,0,0,0,0,5.912
raw_gretil,sb_01_u.htm,174956,0,0,2,4,0,0,0,0,0,6.552
raw_gretil,vidsripu.htm,367960,0,0,13,23,2,1,0,0,0,9.25
raw_gretil,yajn2piu.htm,133419,0,0,1,3,3,0,2,0,0,5.996
raw_gretil,bhakirxu.htm,146083,0,0,1,3,0,0,0,0,0,6.242
raw_gretil,b13c017.htm,36934,0,0,1,1,0,0,0,1,0,4.036
raw_gretil,sa_pataJjali-vyAkaraNamahAbhASya.htm,4484152,4,0,9,36,5,0,0,0,0,6.314
raw_gretil,sa_vijJAnabhairava.htm,18124,0,0,0,1,0,0,0,0,0,4.556
raw_gretil,rv_04_u.htm,82357,0,0,1,0,0,0,0,0,0,4.582
raw_gretil,appvairu.htm,12831,0,0,0,0,1,0,0,0,0,4.096
raw_gretil,pwk_u.htm,12143880,5,2,124,245,31,5,6,12,0,9.532
raw_gretil,sa_rUpagosvAmin-padyAvalI.htm,84040,0,0,3,0,1,0,0,0,0,6.804
raw_gretil,sa_AdizeSa-paramArthasAra.htm,10839,0,0,0,1,0,0,0,0,0,4.624
raw_gretil,sa_siddhasenamahAmati-nyAyAvatAra-comm.htm,191623,0,0,3,1,0,0,0,0,0,6.902
raw_gretil,sa_pANini-aSTAdhyAyI.htm,155977,0,0,4,0,0,0,0,0,0,5.642
raw_gretil,sa_prajJAkaramati-bodhicaryAvatArapaJjikA.htm,615088,0,0,16,7,5,0,1,0,0,8.337
raw_gretil,b08c065.htm,14543,0,0,0,1,0,0,0,0,0,3.502
raw_gretil,ram_02au.htm,380002,0,0,1,5,0,0,2,0,0,6.895
raw_gretil,milind1u.htm,680762,0,0,24,0,5,0,1,0,0,7.684
raw_gretil,mimsvtku.htm,1274237,0,0,13,3,1,0,0,0,0,6.84
raw_gretil,manjnspu.htm,20171,0,0,0,0,0,0,0,0,1,3.906
raw_gretil,sa_tarkarahasya.htm,154679,0,0,4,5,0,0,0,0,0,7.149
raw_gretil,ksbhm13u.htm,206099,0,0,3,9,6,0,0,0,0,7.866
raw_gretil,b03c229.htm,6526,0,0,0,1,0,0,0,0,0,3.8
raw_gretil,brupsb_u.htm,838214,0,0,8,14,1,0,0,0,0,8.414
raw_gretil,bsu049_u.htm,720884,0,0,8,0,2,0,0,0,0,6.323
raw_gretil,bhg4c15u.htm,61968,0,0,1,0,0,0,0,0,0,4.89
raw_gretil,jataka6u.htm,325627,0,0,0,0,2,0,2,0,0,6.493
raw_gretil,b04c043.htm,4603,0,0,0,2,0,0,0,0,0,4.227
raw_gretil,sa_guNakAraNDavyUhasUtra.htm,393176,0,0,2,0,2,0,0,0,0,6.341
raw_gretil,suvrnavu.htm,149247,0,0,3,0,0,0,0,0,0,5.534
raw_gretil,sa_vidyAkara-subhASitaratnakoza.htm,395435,0,0,15,24,3,0,0,0,0,9.712
raw_gretil,sa_azvaghoSa-saundarAnanda-edmatsunami.htm,144164,0,0,5,2,0,0,1,0,0,7.095
raw_gretil,sa_garuDapurANa.htm,1484267,0,0,51,73,10,0,2,9,0,9.865
raw_gretil,sa_varAhamihira-bRhatsaMhitA.htm,421811,0,0,11,16,1,0,0,0,0,8.574
raw_gretil,sanssr_pu.htm,473050,0,0,18,7,15,0,1,1,0,8.862
raw_gretil,bsa054_u.htm,615037,0,0,16,7,5,0,1,0,0,8.342
raw_gretil,sa_zAlikanAthamizra-prakaraNapaJcikA-comm.htm,345465,0,0,2,2,0,0,0,0,0,6.211
raw_gretil,msbh1-7u.htm,1272154,0,0,2,10,0,0,0,0,0,7.472
raw_gretil,sa_revAkhANDa-of-the-vAyupurANa-rkv.htm,907516,0,0,5,22,3,0,0,0,0,8.417
raw_gretil,b07c169.htm,14419,0,0,0,2,0,0,0,0,0,4.525
raw_gretil,visa02cu.htm,119796,0,0,1,1,0,0,0,0,0,3.864
raw_gretil,dighan3u.htm,591675,0,0,5,0,0,0,0,0,0,5.872
raw_gretil,b02c004.htm,8180,0,0,0,1,0,0,0,0,0,3.55
raw_gretil,bhakirau.htm,151846,0,0,1,2,0,0,0,0,0,5.935
raw_gretil,b07c155.htm,7130,0,0,1,1,0,0,0,0,0,4.485
raw_gretil,sa_uddaNDa-kokilasaMdesa.htm,33600,0,0,1,1,0,0,0,0,0,5.477
raw_gretil,sa_yuktidIpikA.htm,374354,0,0,5,3,1,0,0,0,0,6.961
raw_gretil,vibhanou.htm,1090609,0,0,1,0,0,0,0,0,0,3.148
raw_gretil,sa_vizvantarAvadAna.htm,24671,0,0,0,1,1,0,0,0,0,5.688
raw_gretil,abhidh_u.htm,284679,0,0,5,11,4,1,0,0,0,8.265
raw_gretil,sa_amoghapAzahRdayasUtra-mz.htm,17682,0,0,1,0,0,0,0,1,0,4.272
raw_gretil,b15c044.htm,12208,0,0,1,0,0,0,0,0,0,3.638
raw_gretil,sa_mahAzItavatI-vidyArAjJI.htm,7229,0,0,0,0,1,0,0,0,0,4.5
raw_gretil,bhcarr_pu.htm,349619,0,0,41,24,5,1,0,0,0,9.618
raw_gretil,ta-sa_periyavaccanpillai-perumaltiromolivyAkhyAnam.htm,141633,0,0,2,1,0,0,0,0,0,5.763
raw_gretil,b13c015.htm,13199,0,0,1,0,0,0,0,0,0,3.62
raw_gretil,b12c206.htm,4708,0,0,0,1,0,0,0,0,0,3.961
raw_gretil,b13c001.htm,18766,0,0,0,11,0,0,0,0,0,5.346
raw_gretil,sa_kAtyAyanasmRti.htm,209053,0,0,2,4,0,0,0,0,0,6.326
raw_gretil,manjnsiu.htm,21676,0,0,0,0,0,0,0,0,1,4.124
raw_gretil,sa_zAlinAtha-rasamaJjarI.htm,105499,0,0,9,5,0,0,0,1,0,7.588
raw_gretil,gret_utfbk.htm,171980,0,0,0,2,0,0,0,0,0,4.954
raw_gretil,hpriydpu.htm,77050,0,0,2,6,0,0,0,0,0,6.998
raw_gretil,sa_vINAzikhatantra.htm,42436,0,0,1,0,1,0,0,0,0,5.219
raw_gretil,sa_vajravidAraNIdhAraNI.htm,4200,0,0,2,0,1,0,0,2,0,5.511
raw_gretil,mrgt1mpu.htm,52035,0,0,1,0,0,0,0,0,0,4.143
raw_gretil,narsipiu.htm,463192,0,0,6,3,1,0,0,0,0,5.985
raw_gretil,tulrcm7u.htm,115903,0,0,0,2,0,0,0,0,0,6.116
raw_gretil,bsu033_u.htm,88096,0,0,1,0,0,0,0,0,0,3.839
raw_gretil,vidsriiu.htm,449305,0,0,13,23,2,1,0,0,0,7.254
raw_gretil,sa_ratnakIrti-nibandhAvalI.htm,317196,0,0,0,12,0,0,0,0,0,7.094
raw_gretil,sb_03_u.htm,181742,0,0,2,1,0,0,0,0,0,5.989
raw_gretil,sa_mAdhava-jaiminIyanyAyamAlAvistara.htm,473901,0,0,0,4,0,0,0,0,0,6.174
raw_gretil,jna1-16u.htm,848351,0,0,0,13,0,0,0,0,0,7.949
raw_gretil,sa_nAgeza-paribhASenduzekhara.htm,128092,0,0,1,0,0,0,0,0,0,4.317
raw_gretil,bhp_03u.htm,203083,0,0,1,7,0,0,0,0,0,7.069
raw_gretil,klpdraau.htm,58578,0,0,0,1,7,0,0,0,1,6.83
raw_gretil,mkp1-93u.htm,523509,0,0,0,10,29,0,0,0,0,8.741
raw_gretil,sanss05u.htm,23611,0,0,0,0,1,0,0,0,0,4.415
raw_gretil,sa_nAradasmRti.htm,194917,0,0,0,4,4,0,0,0,0,6.248
raw_gretil,psp_2-3u.htm,380733,0,0,2,0,2,0,0,0,0,5.621
raw_gretil,sa_suvikrAntavikrAmiparipRcchA.htm,201098,0,0,2,0,2,0,0,0,0,6.069
raw_gretil,sa_viSNudharma.htm,686054,0,0,0,5,8,0,2,0,0,6.555
raw_gretil,bsa069_u.htm,51554,0,0,0,1,0,0,0,0,0,4.484
raw_gretil,mprsvdhu.htm,13650,0,0,2,1,0,0,0,0,0,4.448
raw_gretil,bsu017_u.htm,4541,0,0,1,0,0,0,0,1,0,4.414
raw_gretil,b12c171.htm,13456,0,0,0,1,0,0,0,0,0,3.974
raw_gretil,brhajj_u.htm,82814,0,0,0,6,0,0,0,0,0,7.013
raw_gretil,buddhavu.htm,145682,0,0,0,0,0,0,1,0,0,4.789
raw_gretil,mbhx_46.htm,535399,0,0,3,0,0,0,0,0,0,3.125
raw_gretil,nysu__4u.htm,186002,0,0,0,1,13,0,0,0,0,6.755
raw_gretil,durdhpru.htm,717635,0,0,1,4,0,0,0,0,0,6.517
raw_gretil,b07c008.htm,9104,0,0,0,1,0,0,0,0,0,3.983
raw_gretil,gorst2au.htm,14868,0,0,1,0,0,0,0,0,0,4.374
raw_gretil,sa_suvarNaprabhAsasUtra.htm,167735,0,0,0,0,2,0,0,0,0,5.299
raw_gretil,ksbhm09u.htm,9084,0,0,2,0,0,0,0,0,0,4.884
raw_gretil,sa_bhAsarvajJa-gaNakArikA-1-comm.htm,56400,0,0,1,1,0,0,0,0,0,5.411
raw_gretil,rasarnpu.htm,154127,0,0,8,2,1,0,0,0,1,7.322
raw_gretil,sa_vAmanapurANa1-69.htm,537154,0,0,3,2,2,0,0,0,0,6.789
raw_gretil,rvpp_04u.htm,98768,0,0,1,0,0,0,0,0,0,4.505
raw_gretil,svact_au.htm,419774,0,0,7,9,1,1,0,0,1,7.467
raw_gretil,sa_narahari-bodhasAra.htm,163616,0,0,0,7,0,0,0,1,0,6.822
raw_gretil,ratnml_u.htm,996741,0,0,3,4,0,0,0,0,0,6.854
raw_gretil,jaycndiu.htm,43270,0,0,2,1,0,0,0,0,0,4.641
raw_gretil,brupsb2u.htm,141449,0,0,5,2,0,0,0,0,0,7.018
raw_gretil,mbh_06_u.htm,773952,0,0,3,11,0,0,0,0,0,7.383
raw_gretil,sa_azvaghoSa-saundarAnanda.htm,142734,0,0,5,1,0,0,1,0,0,6.856
raw_gretil,skdss_u.htm,26235911,6,0,692,1196,117,6,20,102,6,9.77
raw_gretil,b13c014.htm,47416,0,0,0,3,0,0,0,0,0,4.931
raw_gretil,gorst_iu.htm,33064,0,0,4,0,0,0,0,0,0,5.656
raw_gretil,sa_jJAnAmRtasArasaMhitA.htm,119652,0,0,7,0,0,0,0,1,0,6.847
raw_gretil,bhrgus_u.htm,616180,0,0,1,13,20,0,3,0,0,8.445
raw_gretil,sa_rUpagosvAmin-ujjvalanIlamaNi.htm,230949,0,0,15,3,0,0,0,0,0,8.617
raw_gretil,jatak4ou.htm,1391047,0,0,14,0,50,0,0,0,1,8.442
raw_gretil,sa_vasubandhu-triMzikAvijJaptikArikA-comm.htm,64830,0,0,1,0,0,0,0,0,0,4.369
raw_gretil,b08c066.htm,18101,0,0,0,3,0,0,0,0,0,4.645
raw_gretil,b02c005.htm,26774,0,0,0,1,0,0,0,0,0,3.646
raw_gretil,svabhupu.htm,205326,0,0,0,1,0,0,0,0,0,4.222
raw_gretil,sa_mahendravarman-i-mattavilAsaprahasana.htm,35070,0,0,2,1,2,0,0,0,0,6.892
raw_gretil,b02c011.htm,16779,0,0,1,1,0,0,0,0,0,4.208
raw_gretil,bst-108u.htm,354464,0,0,5,3,3,0,0,2,4,7.405
raw_gretil,partrvpu.htm,168140,0,0,1,0,0,0,0,0,0,3.7
raw_gretil,jonart_au.htm,149571,0,0,6,4,2,0,0,0,0,7.387
raw_gretil,sa_gaNapatihRdaydhAraNI.htm,3846,0,0,2,0,0,0,0,0,0,4.398
raw_gretil,ajm_u.htm,151401,0,0,1,3,0,0,1,0,0,6.832
raw_gretil,sa_sukhAvatIvyUhavistaramAtRkA.htm,84925,0,0,1,0,0,0,0,0,0,3.839
raw_gretil,aptese_u.htm,10517775,0,0,0,81,0,0,0,0,0,7.489
raw_gretil,mamkpbiu.htm,22086,0,0,0,1,1,0,0,0,0,5.17
raw_gretil,sa_zAntideva-bodhicaryAvatAra.htm,98071,0,0,5,2,2,0,0,0,0,6.831
raw_gretil,theragpu.htm,150944,0,0,1,0,0,0,0,0,0,4.72
raw_gretil,sa_rUpagosvAmin-haribhaktirasAmRtasindhu.htm,323373,0,0,31,6,0,0,0,0,0,9.151
raw_gretil,minsmaru.htm,27465,0,0,4,0,0,0,0,0,0,5.703
raw_gretil,kunvjivu.htm,367767,0,0,2,2,1,0,0,0,0,6.282
raw_gretil,b01c120.htm,4850,0,0,1,0,0,0,0,0,0,4.19
raw_gretil,sa_jayadeva-gItagovinda-alt.htm,52952,0,0,1,1,0,0,0,0,0,5.835
raw_gretil,sa_govindabhagavatpAda-rasahRdayatantra-comm.htm,323455,0,0,10,3,0,0,0,0,0,7.318
raw_gretil,vprevk_u.htm,907123,0,0,5,22,3,0,0,0,0,8.417
raw_gretil,parakspu.htm,59935,0,0,9,1,0,0,0,1,0,7.093
raw_gretil,b12c034.htm,8165,0,0,1,0,0,0,0,0,0,3.977
raw_gretil,lip_1_iu.htm,974417,0,0,11,20,0,1,1,1,0,6.482
raw_gretil,rv_hn09u.htm,129671,0,0,1,1,0,0,0,0,0,5.484
raw_gretil,sa_maJjuzrImUlakalpa.htm,1133313,0,0,54,22,3,2,1,11,0,9.713
raw_gretil,milindpu.htm,668429,0,0,9,0,5,0,1,0,0,7.358
raw_gretil,mpratpru.htm,56969,0,0,2,0,2,0,0,0,0,6.144
raw_gretil,samp_1ou.htm,674634,0,0,5,0,3,0,1,0,0,6.619
raw_gretil,mwse_u.htm,18696391,2,1,274,498,69,3,9,35,3,9.389
raw_gretil,b08c057.htm,19388,0,0,0,1,0,0,0,0,0,3.24
raw_gretil,b05c060.htm,6595,0,0,1,0,0,0,0,0,0,3.879
raw_gretil,dhnyabpu.htm,297507,0,0,1,0,0,0,0,0,0,3.774
raw_gretil,santbciu.htm,123185,0,0,5,2,2,0,0,0,0,5.611
raw_gretil,sa_mAgha-zizupAlavadha.htm,227907,0,0,5,3,0,0,0,0,0,6.544
raw_gretil,sa_tantrAkhyAyika-1-2.htm,59291,0,0,2,3,2,0,0,0,0,6.988
raw_gretil,sa_parAzarasmRti-AcAra-prAyazcitta.htm,133428,0,0,2,15,52,0,0,0,8,8.556
raw_gretil,isvskaru.htm,23738,0,0,1,0,0,0,0,0,0,5.129
raw_gretil,patyogbu.htm,130799,0,0,4,0,0,0,0,0,0,5.39
raw_gretil,sa_kSemendra-narmamAlA.htm,46182,0,0,2,1,2,0,0,0,1,5.754
raw_gretil,asmahsuu.htm,320355,0,0,7,1,0,0,1,0,2,7.208
raw_gretil,hjatm_iu.htm,158856,0,0,5,5,1,0,1,0,0,6.494
raw_gretil,ksdarpiu.htm,89609,0,0,3,4,7,0,0,0,2,5.428
raw_gretil,hist.html,63148,0,0,0,1,0,0,0,0,0,3.852
raw_gretil,majjn3pu.htm,525595,0,0,1,0,1,0,0,0,0,5.564
raw_gretil,pars1__u.htm,74138,0,0,1,7,26,0,0,0,4,7.659
raw_gretil,sa_varAhamihira-bRhajjAtaka.htm,77786,0,0,0,6,0,0,0,0,0,7.288
raw_gretil,sa_kRSNadAsa-bhAvanAsArasaMgraha-1-2.htm,115327,0,0,2,6,0,0,0,0,0,6.774
raw_gretil,samp_2pu.htm,443038,0,0,13,0,0,0,0,0,0,7.395
raw_gretil,samapviu.htm,98407,0,0,1,14,0,0,0,0,0,7.86
raw_gretil,sa_vizvezvarakavicandra-camatkAracandrikA.htm,209713,0,0,10,1,0,0,0,0,0,6.977
raw_gretil,ganphrdu.htm,3607,0,0,2,0,0,0,0,0,0,4.398
raw_gretil,b13c145.htm,9847,0,0,1,0,0,0,0,0,0,3.598
raw_gretil,sa_viSNupurANa.htm,693398,0,0,1,23,4,0,0,0,0,8.078
raw_gretil,sa_parAtriMzikA-comm.htm,164952,0,0,1,0,0,0,0,0,0,3.7
raw_gretil,sa_asaGga-mahAyAnasUtrAlaMkAra.htm,320212,0,0,7,1,0,0,1,0,2,7.208
raw_gretil,b01c054.htm,5503,0,0,0,1,0,0,0,0,0,4.027
raw_gretil,vinv01_u.htm,97997,1,0,4,0,0,0,0,0,0,6.142
raw_gretil,sutnippu.htm,206039,0,0,2,0,1,0,1,4,0,6.802
raw_gretil,ram_05_u.htm,291525,0,0,11,4,0,0,2,0,0,7.47
raw_gretil,sa_devIgItA.htm,64883,0,0,0,2,0,0,1,0,0,5.422
raw_gretil,sa_azvaghoSa-buddhacarita.htm,287561,0,0,4,6,0,0,0,0,0,7.179
raw_gretil,b12c154.htm,8133,0,0,1,0,0,0,0,0,0,3.641
raw_gretil,sa_nAradapurANa.htm,1769440,0,0,6,27,17,0,0,1,0,8.963
raw_gretil,angut5pu.htm,551954,0,0,2,0,0,0,0,0,0,4.775
raw_gretil,therigau.htm,65744,0,0,0,0,1,0,0,0,0,4.736
raw_gretil,sa_ruyyaka-alaMkArasarvasva-1-34.htm,59836,0,0,0,2,0,0,0,0,0,5.222
raw_gretil,sanss06u.htm,34987,0,0,5,4,3,0,0,0,0,7.688
raw_gretil,astavgiu.htm,41096,0,0,0,2,0,0,0,0,0,5.079
raw_gretil,skprevku.htm,747712,0,0,5,17,0,0,1,1,0,8.186
raw_gretil,sa_cakrapANinAtha-bhAvopahArastotra.htm,29721,0,0,0,0,0,0,1,0,0,4.7
raw_gretil,sa_yamasmRti-182v.htm,22033,0,0,0,1,0,0,0,0,0,4.5
raw_gretil,sthtvbhu.htm,64462,0,0,1,0,0,0,0,0,0,4.369
raw_gretil,vajvidhu.htm,3951,0,0,2,0,1,0,0,2,0,5.511
raw_gretil,rajnighu.htm,421805,0,0,14,32,3,0,0,1,0,8.895
raw_gretil,gret_csxbk.htm,173924,0,0,0,2,0,0,0,0,0,4.899
raw_gretil,sa_hayagrIvavidyA.htm,4869,0,0,1,0,0,0,0,1,0,4.414
raw_gretil,sa_bAdarAyaNa-brahmasUtra-subcomm2.htm,1042560,0,0,5,22,0,0,0,0,0,8.226
raw_gretil,motik_au.htm,1311763,0,0,36,31,2,0,0,0,0,7.48
raw_gretil,padasa_u.htm,93644,0,0,1,0,0,0,0,0,0,4.459
raw_gretil,b01c055.htm,9718,0,0,0,1,0,0,0,0,0,3.945
raw_gretil,sa_prabodhAnandasarasvatI-caitanyacandrAmRta.htm,30129,0,0,0,3,0,0,0,0,0,6.465
raw_gretil,sa_lalitavistara.htm,587572,0,0,6,8,2,0,0,0,0,7.711
raw_gretil,b12c196.htm,5458,0,0,0,2,0,0,0,0,0,4.108
raw_gretil,spaucaru.htm,1226439,0,0,9,0,2,0,0,0,0,7.549
raw_gretil,b03c178.htm,11272,0,0,0,9,0,0,0,0,0,5.364
raw_gretil,sa_ahorAtravratacaityasevAnuzaMsAvadAna.htm,45079,0,0,0,0,3,0,0,0,0,6.184
raw_gretil,sa_sAMkhyasUtravivaraNa.htm,15308,0,0,1,0,0,0,0,0,0,3.322
raw_gretil,sa_buddhist-stotras.htm,33035,0,0,0,1,0,0,0,0,0,3.798
raw_gretil,sa_kSemendra-bhAratamaJjarI-6-19.htm,643521,0,0,32,23,7,0,0,0,0,9.17
raw_gretil,gaunys_u.htm,43576,0,0,0,1,0,0,0,0,0,3.577
raw_gretil,jagpranu.htm,22829,0,0,0,2,0,0,0,0,0,4.291
raw_gretil,rvpp_07u.htm,144112,0,0,1,0,0,0,0,0,0,4.682
raw_gretil,vidsrgpu.htm,409017,0,0,15,24,3,0,0,0,0,9.698
raw_gretil,sa_ruyyaka-alaMkArasarvasva-1-34-comm.htm,229311,0,0,0,2,0,0,0,0,0,5.222
raw_gretil,apastgcu.htm,506925,0,0,0,22,0,0,0,0,0,8.078
raw_gretil,samyut3u.htm,1182570,0,0,8,0,0,0,0,0,0,5.048
raw_gretil,bsa020_u.htm,7295,0,0,0,0,4,0,0,0,2,5.905
raw_gretil,katy2piu.htm,120266,0,0,1,2,0,0,0,0,0,5.141
raw_gretil,brupsb1u.htm,226261,0,0,2,3,0,0,0,0,0,6.434
raw_gretil,sa_kAlidAsa-meghadUta-acc-vallabhadeva.htm,23914,0,0,2,2,0,0,0,0,0,6.427
raw_gretil,paninipu.htm,155530,0,0,4,0,0,0,0,0,0,5.637
raw_gretil,ruphbr_u.htm,324283,0,0,31,6,0,0,0,0,0,9.151
raw_gretil,sa_nAgArjuna-suhRllekha.htm,17353,0,0,0,1,0,0,0,0,0,4.222
raw_gretil,sa_bhikSuNIvinaya.htm,387025,0,0,1,4,3,0,0,0,0,7.043
raw_gretil,ktv_2-1u.htm,39539,0,0,0,1,0,0,0,0,0,4.369
raw_gretil,samyu5ou.htm,832332,0,0,0,0,8,0,20,0,0,6.94
raw_gretil,mbh_13_u.htm,1622437,0,0,18,34,42,0,2,1,0,9.382
raw_gretil,b05c061.htm,5813,0,0,0,1,0,0,0,0,0,3.727
raw_gretil,sa_vinayasUtra.htm,333300,1,0,12,4,2,0,0,0,0,6.99
raw_gretil,malinivu.htm,137670,0,0,1,2,0,0,0,0,0,5.864
raw_gretil,sa_kamalazIla-vajracchedikATIkA.htm,171382,0,0,0,1,0,0,0,0,3,6.174
raw_gretil,kmeghdpu.htm,24059,0,0,2,2,0,0,0,0,0,6.299
raw_gretil,bhattiku.htm,212391,0,0,5,5,0,0,0,0,0,7.228
raw_gretil,sa_mRgendrAgama.htm,118149,0,0,1,1,0,0,0,0,0,5.187
raw_gretil,kakumspu.htm,80743,0,0,3,0,0,0,1,0,0,6.314
raw_gretil,kmeghvau.htm,24652,0,0,2,2,0,0,0,0,0,6.342
raw_gretil,yogay1_u.htm,82479,0,0,1,3,0,0,1,0,0,5.252
raw_gretil,nagsu_pu.htm,32766,0,0,0,0,2,0,0,0,0,5.222
raw_gretil,b09c047.htm,14354,0,0,0,1,0,0,0,0,0,3.687
raw_gretil,sa_narahari-rAjanighaNTu.htm,422063,0,0,14,32,3,0,0,1,0,8.895
raw_gretil,b09c053.htm,9427,0,0,1,0,0,0,0,0,0,3.684
raw_gretil,vamvupau.htm,45514,0,0,0,3,0,0,0,0,0,5.636
raw_gretil,b04c064.htm,8652,0,0,1,0,0,0,0,0,0,3.834
raw_gretil,brsvbh2u.htm,262698,0,0,2,6,0,0,0,0,0,6.6
raw_gretil,mbh_11_u.htm,104368,0,0,0,4,0,0,0,0,0,5.858
raw_gretil,sa_mArkaNDeyapurANa1-93.htm,518186,0,0,0,10,29,0,0,0,0,8.741
raw_gretil,pugpan_pu.htm,183941,0,0,12,0,1,0,0,0,0,6.164
raw_gretil,pwg_u.htm,29990344,13,1,323,562,86,4,15,17,3,10.622
raw_gretil,majjhi3u.htm,697703,0,0,1,0,1,0,0,0,0,5.54
raw_gretil,pmbhassu.htm,5911784,4,0,9,36,5,0,0,0,0,5.136
raw_gretil,rv_08_u.htm,203504,0,0,1,2,0,0,0,0,0,5.458
raw_gretil,kurmp1_u.htm,366100,0,0,6,7,1,0,0,0,0,7.535
raw_gretil,vdhasrtu.htm,685801,0,0,0,5,8,0,2,0,0,5.678
raw_gretil,vinst_pu.htm,44154,0,0,1,0,1,0,0,0,0,5.143
raw_gretil,b07c172.htm,23344,0,0,0,1,0,0,0,0,0,3.437
raw_gretil,sa_mInanAtha-smaradIpikA.htm,27705,0,0,4,0,0,0,0,0,0,5.703
raw_gretil,b07c166.htm,13908,0,0,0,1,0,0,0,0,0,3.811
raw_gretil,bharnatu.htm,505625,0,0,63,39,0,0,0,2,0,9.15
raw_gretil,hv_appau.htm,1770856,0,0,16,30,1,0,0,0,0,7.164
raw_gretil,sa_kuDaka-samanvayadiz.htm,20990,0,0,0,3,0,0,0,0,0,4.954
raw_gretil,paniniiu.htm,153821,0,0,4,0,0,0,0,0,0,5.217
raw_gretil,sa_viSvaksenasaMhitA.htm,434779,0,0,16,17,10,0,0,0,0,8.563
raw_gretil,jsbh1-3u.htm,139523,0,0,1,0,0,0,0,0,0,4.437
raw_gretil,b08c040.htm,29864,0,0,2,0,0,0,0,0,0,4.419
raw_gretil,sa_zAntarakSita-tattvasaMgraha.htm,737402,0,0,1,7,0,0,0,0,0,6.19
raw_gretil,b08c068.htm,19208,0,0,0,1,0,0,0,0,0,3.956
raw_gretil,kakumsiu.htm,92313,0,0,3,0,0,0,1,0,0,5.153
raw_gretil,ss2_bhgu.htm,285020,0,0,1,0,0,0,0,0,0,4.911
raw_gretil,sa_vararuci-zatagAthA.htm,14028,0,0,0,2,0,0,0,0,0,5.755
raw_gretil,pese_u.htm,5871150,0,0,11,129,80,0,0,2,4,8.442
raw_gretil,sa_vAmadeva-janmamaraNavicAra.htm,24597,0,0,1,0,1,0,0,0,0,5.129
raw_gretil,kmeghdiu.htm,26240,0,0,2,2,0,0,0,0,0,5.701
raw_gretil,jinaca_u.htm,50376,0,0,0,0,0,0,2,0,0,5.615
raw_gretil,suyagadu.htm,73157,0,0,0,0,1,0,0,0,0,4.858
raw_gretil,sa_bhartRhari-vAkyapadIya.htm,216996,0,0,0,1,1,0,0,0,0,5.6
raw_gretil,harnagau.htm,22791,0,0,0,3,0,0,0,0,0,5.87
raw_gretil,bsu078_u.htm,456763,0,0,8,16,0,0,0,1,0,8.264
raw_gretil,sa_raghunAthadAsagosvAmin-muktAcarita.htm,131128,0,0,5,4,0,0,0,0,0,7.796
raw_gretil,sa_cIvaravastu.htm,186105,0,0,1,0,1,0,0,0,0,5.54
raw_gretil,apastd_u.htm,99164,0,0,0,1,1,0,1,0,0,5.978
raw_gretil,asycsaru.htm,12493,0,0,0,1,0,0,0,0,0,4.681
raw_gretil,msubhs_u.htm,1537373,0,0,27,56,11,1,0,2,0,9.503
raw_gretil,sa_mokSopAya.htm,2661510,0,0,99,64,20,0,0,0,5,10.295
raw_gretil,brsgor2u.htm,287812,0,0,5,0,0,0,0,0,0,6.078
raw_gretil,sa_tattvasamAsasUtravRtti.htm,26634,0,0,1,0,0,0,0,0,0,3.459
raw_gretil,narayriu.htm,26550,0,0,2,1,0,0,0,0,0,5.554
raw_gretil,yrasprau.htm,141100,0,0,14,2,0,0,1,1,0,7.655
raw_gretil,vadhdhju.htm,14863,0,0,1,0,0,0,0,0,0,4.858
raw_gretil,samyu4pu.htm,618878,0,0,1,0,0,0,0,0,0,4.324
raw_gretil,sa_pArthasArathimizra-zAstradIpikA.htm,216774,0,0,3,5,0,0,0,0,0,6.443
raw_gretil,vidsrgiu.htm,454666,0,0,15,24,1,0,0,0,0,8.531
raw_gretil,pspdut2u.htm,788417,0,0,6,0,0,0,0,0,0,5.769
raw_gretil,andhvc3u.htm,520500,0,0,1,4,0,0,0,0,0,6.535
raw_gretil,mbhx_48.htm,1323982,0,0,25,43,0,0,0,1,0,3.721
raw_gretil,sa_asaGga-zrAvakabhUmi-edshukla.htm,443119,0,0,2,0,2,0,0,0,0,6.074
raw_gretil,vimvatou.htm,203683,0,0,4,0,11,0,0,0,5,7.249
raw_gretil,ksbhm06u.htm,56619,0,0,1,3,0,0,0,0,0,5.932
raw_gretil,rvkhilau.htm,111127,0,0,1,12,0,0,0,0,0,6.461
raw_gretil,majjn2ou.htm,539698,0,0,0,0,16,0,0,0,0,7.014
raw_gretil,sa_aSTasAhasrikA-prajJApAramitA.htm,719071,0,0,8,0,2,0,0,0,0,6.323
raw_gretil,asvbc_3u.htm,159758,0,0,2,3,0,0,0,0,0,7.07
raw_gretil,budvmsou.htm,161220,0,0,0,0,0,0,1,0,0,4.566
raw_gretil,danddk1u.htm,67878,0,0,0,1,0,0,0,0,0,4.681
raw_gretil,rnatc__u.htm,91287,0,0,2,7,1,0,0,0,0,7.763
raw_gretil,bahcar3u.htm,43930,0,0,5,2,0,0,0,0,0,6.605
raw_gretil,gautdhcu.htm,91281,0,0,0,2,10,0,0,0,0,7.204
raw_gretil,bsu019_u.htm,144615,0,0,5,0,1,0,0,0,0,5.654
raw_gretil,sa_kSaNabhaGgasiddhi.htm,34830,0,0,0,5,0,0,0,0,0,6.163
raw_gretil,manu2a_u.htm,324371,1,0,1,6,12,0,1,0,0,8.136
raw_gretil,brssbh1u.htm,344952,0,0,0,6,0,0,0,0,0,6.438
raw_gretil,iskamatu.htm,131282,0,0,1,7,1,0,0,0,0,7.187
raw_gretil,sa_abhinanda-kAdambarIkathAsAra.htm,97633,0,0,4,1,9,0,0,0,1,7.782
raw_gretil,astavgpu.htm,35726,0,0,0,2,0,0,0,0,0,5.768
raw_gretil,ss6_priu.htm,421184,0,0,2,6,0,0,0,0,0,7.374
raw_gretil,sa_zrIghanAcArasaMgraha.htm,25231,0,0,0,1,0,0,0,0,0,4.774
raw_gretil,mbh_08_u.htm,801273,0,0,2,26,0,0,0,0,0,8.283
raw_gretil,asvsau2u.htm,143805,0,0,5,1,0,0,1,0,0,6.808
raw_gretil,ram2-3iu.htm,758937,0,0,3,11,1,0,2,0,0,6.116
raw_gretil,vakyp_pu.htm,118065,0,0,0,1,1,0,0,0,0,5.662
raw_gretil,katy1__u.htm,120605,0,0,1,2,0,0,0,0,0,6.001
raw_gretil,gu01-03u.htm,50905,0,0,2,0,0,0,0,0,0,6.087
raw_gretil,ram_07_u.htm,309508,0,0,2,2,0,0,1,0,0,6.326
raw_gretil,bsa006_u.htm,15519,0,0,1,2,0,0,0,0,0,4.997
raw_gretil,sa_bAdarAyaNa-brahmasUtra-comm.htm,945818,0,0,11,19,1,0,0,0,0,8.576
raw_gretil,jvkasipu.htm,2073079,5,0,22,15,8,0,0,0,0,8.844
raw_gretil,lip_1_pu.htm,777449,0,0,11,20,0,1,1,1,0,8.37
raw_gretil,angut4ou.htm,874901,0,0,2,0,5,0,0,0,0,5.889
raw_gretil,b12c220.htm,26547,0,0,0,1,0,0,0,0,0,3.754
raw_gretil,angutt5u.htm,1238080,0,0,2,0,0,0,0,0,0,3.78
raw_gretil,rascum_u.htm,155482,0,0,0,2,0,0,0,0,0,5.215
raw_gretil,b03c033.htm,13477,0,0,0,1,0,0,0,0,0,3.874
raw_gretil,sa_sucaritamizra-mImAMsAzlokavArttika.htm,1141979,0,0,13,3,1,0,0,0,0,7.587
raw_gretil,milind2u.htm,121770,0,0,1,0,3,0,1,0,0,6.53
raw_gretil,sa_viSNusmRti.htm,313702,0,0,2,10,16,0,1,0,2,7.839
raw_gretil,udanav_u.htm,146571,0,0,0,6,0,0,0,0,0,4.585
raw_gretil,vabhdiku.htm,67373,0,0,1,0,0,0,0,0,0,3.948
raw_gretil,sokss_pu.htm,2500644,0,0,56,44,26,0,3,0,0,9.823
raw_gretil,sb_14_u.htm,164386,0,0,0,1,0,0,0,0,0,4.522
raw_gretil,madhsiddhb_u.htm,64894,0,0,0,1,0,0,0,0,0,4.369
raw_gretil,majjn1pu.htm,1054256,0,0,1,0,0,0,0,0,0,4.21
raw_gretil,sa_vaikhAnasadharmasUtra.htm,48926,0,0,0,2,3,0,0,0,0,6.553
raw_gretil,bsu061_u.htm,164986,0,0,1,1,0,0,0,0,0,4.969
raw_gretil,ksbhm10u.htm,13664,0,0,3,1,0,0,0,0,0,6.209
raw_gretil,ksdarppu.htm,73175,0,0,3,4,7,0,0,0,2,7.706
raw_gretil,bsu024_u.htm,142373,0,0,0,0,1,0,0,0,1,4.52
raw_gretil,hjatm_pu.htm,233851,0,0,10,5,1,0,1,0,0,8.005
raw_gretil,sa_kezava-kauzikapaddhati.htm,718974,0,0,11,64,0,0,0,8,0,8.749
raw_gretil,b03c225.htm,9499,0,0,0,1,0,0,0,0,0,3.8
raw_gretil,katy2p_u.htm,108443,0,0,1,2,0,0,0,0,0,5.927
raw_gretil,kbavk93u.htm,14906,0,0,0,1,0,0,0,0,0,4.502
raw_gretil,b07c173.htm,24570,0,0,1,0,0,0,0,0,0,3.77
raw_gretil,amoghapu.htm,16961,0,0,1,1,0,0,0,1,0,5.212
raw_gretil,santbcpu.htm,103085,0,0,5,2,2,0,0,0,0,6.791
raw_gretil,kasyparu.htm,99074,0,0,1,0,0,0,0,0,0,4.938
raw_gretil,samp_3ou.htm,535586,0,0,4,0,0,0,0,0,0,5.748
raw_gretil,bhg4c16u.htm,56583,0,0,0,0,2,0,0,0,0,5.379
raw_gretil,sa_RgvedakhilAni.htm,102332,0,0,1,12,0,0,0,0,0,6.913
raw_gretil,jataka5u.htm,227351,0,0,1,0,2,0,1,0,0,6.532
raw_gretil,vinv07_u.htm,185896,0,0,1,0,1,0,0,0,0,5.54
raw_gretil,bsa047_u.htm,120917,0,0,1,1,0,0,0,0,0,5.309
raw_gretil,ram_03_u.htm,240587,0,0,2,6,1,0,0,0,0,7.153
raw_gretil,sa_amaru-amaruzataka.htm,56957,0,0,2,4,0,0,0,0,0,5.763
raw_gretil,ksakunpu.htm,118930,0,0,1,8,0,0,1,0,0,7.211
raw_gretil,ruyalssu.htm,61915,0,0,0,2,0,0,0,0,0,5.222
raw_gretil,nabodhsu.htm,163483,0,0,0,7,0,0,0,1,0,6.822
raw_gretil,jataka4u.htm,177501,0,0,3,0,8,0,0,0,0,7.249
raw_gretil,patis2pu.htm,482121,0,0,16,0,0,0,0,0,0,5.546
raw_gretil,boppsl_u.htm,1428198,0,0,25,27,6,0,0,0,0,8.648
raw_gretil,visnu_pu.htm,171893,0,0,1,5,8,0,1,0,1,7.07
raw_gretil,lokapp_u.htm,353434,0,0,3,0,12,0,0,0,0,7.85
raw_gretil,ksbhm11u.htm,12572,0,0,0,2,0,0,0,0,0,3.986
raw_gretil,gorst1pu.htm,13516,0,0,3,0,0,0,0,0,0,6.095
raw_gretil,angut3pu.htm,681536,0,0,25,0,17,0,0,0,0,7.593
raw_gretil,sa_somadeva-kathAsaritsAgara.htm,5444257,0,0,56,44,26,0,3,0,0,5.665
raw_gretil,jnalokau.htm,76056,0,0,1,0,0,0,0,0,0,4.533
raw_gretil,sa_dhyAnacandragosvAmin-gauragaovindArcanasmaraNapaddhati.htm,59433,0,0,1,0,0,0,0,0,0,4.984
raw_gretil,bsu058_u.htm,145138,2,0,0,4,2,0,0,0,0,6.863
raw_gretil,sa_nArAyaNa-hitopadeza.htm,183499,0,0,3,19,0,0,0,0,0,8.853
raw_gretil,samp_4pu.htm,450790,0,0,5,0,5,0,0,0,1,7.016
raw_gretil,mrgt3cpu.htm,74062,0,0,0,1,0,0,0,0,0,3.096
raw_gretil,vimanavu.htm,134740,0,0,1,0,9,0,0,0,6,7.15
raw_gretil,sa_dIpaMkarazrIjJAna-mahAyAnapathasAdhanasaMgraha.htm,3058,0,0,0,0,0,0,1,0,0,4.322
raw_gretil,angutt4u.htm,848320,0,0,3,0,3,0,1,0,0,6.105
raw_gretil,paribhsu.htm,136683,0,0,1,0,0,0,0,0,0,3.875
raw_gretil,ksnarm_u.htm,45837,0,0,2,1,2,0,0,0,1,5.754
raw_gretil,sa_kAlidAsa-raghuvaMza.htm,238826,0,0,12,13,0,0,0,0,0,8.379
raw_gretil,sa_vAdivAgIzvara-mAnamanohara.htm,79367,0,0,0,2,0,0,0,0,0,5.156
raw_gretil,kukalpmu.htm,99364,0,0,1,3,1,0,0,0,0,6.524
raw_gretil,b05c106.htm,4155,0,0,0,1,0,0,0,0,0,3.748
raw_gretil,sa_sAmavedasaMhitA.htm,219967,0,0,2,2,0,0,0,0,0,6.029
raw_gretil,bsu020_u.htm,80785,0,0,5,0,0,0,0,0,0,5.291
raw_gretil,dipav_2u.htm,309339,0,0,6,0,0,0,0,0,0,7.313
raw_gretil,sa_kSemendra-bodhisattvAvadAnakalpalatA-93sumAgadhAvadAna.htm,15268,0,0,0,1,0,0,0,0,0,4.502
raw_gretil,rabhramu.htm,15787,0,0,1,0,6,0,0,0,6,6.79
raw_gretil,sa_bAdarAyaNa-brahmasUtra-subcomm.htm,941026,0,0,6,10,2,0,0,1,0,8.003
raw_gretil,b01c052.htm,5023,0,0,0,1,0,0,0,0,0,3.684
raw_gretil,sb_10_u.htm,89651,0,0,0,3,0,0,0,0,0,5.516
raw_gretil,b01c046.htm,9947,0,0,0,2,0,0,0,0,0,4.113
raw_gretil,sa_siMhabhUpAla-rasArNavasudhAkara.htm,350527,0,0,22,10,4,0,0,1,0,9.083
raw_gretil,sa_dharmakIrti-hetubindu-edsteinkellner.htm,52129,0,0,0,3,0,0,0,0,0,5.962
raw_gretil,sa_bhagavadgItA-comm.htm,437813,0,0,2,5,0,0,0,2,0,7.251
raw_gretil,ksbhm07u.htm,89005,0,0,7,1,0,0,0,0,0,6.626
raw_gretil,asvbc_2u.htm,171831,0,0,2,3,0,0,0,0,0,6.972
raw_gretil,kragh_au.htm,256560,0,0,12,13,0,0,0,0,0,8.316
raw_gretil,sa_dhvajAgrakeyUrAdhAriNI-alt.htm,5356,0,0,2,0,0,0,0,0,0,5.539
raw_gretil,bahcar2u.htm,43302,0,0,7,5,1,0,0,0,0,7.116
raw_gretil,b12c152.htm,8053,0,0,1,0,0,0,0,0,0,3.856
raw_gretil,sa_azvaghoSa-buddhacarita-alt.htm,137313,0,0,2,3,0,0,0,0,0,6.484
raw_gretil,ram_03pu.htm,234486,0,0,2,6,1,0,0,0,0,7.35
raw_gretil,b12c147.htm,5219,0,0,1,0,0,0,0,0,0,3.557
raw_gretil,b01c090.htm,19137,0,0,0,1,0,0,0,0,0,3.961
raw_gretil,andhvc2u.htm,277236,0,0,3,1,2,0,0,0,0,6.151
raw_gretil,padnscxu.htm,212760,0,0,4,13,0,0,0,0,0,8.574
raw_gretil,bsu041_u.htm,1137819,0,0,54,22,3,2,1,11,0,9.713
raw_gretil,bsu004_u.htm,19039,0,0,3,2,0,0,0,2,0,4.782
raw_gretil,b01c047.htm,5991,0,0,0,6,0,0,0,0,0,5.109
raw_gretil,brsgor3u.htm,238119,0,0,0,3,2,0,0,0,0,6.282
raw_gretil,sa_vyAsatIrtha-tarkatANDava-comm.htm,1645921,0,0,12,2,3,0,0,0,0,7.301
raw_gretil,b01c053.htm,8689,0,0,0,3,0,0,0,0,0,4.656
raw_gretil,vipce_pu.htm,782584,0,0,7,25,3,0,0,0,0,8.629
raw_gretil,sa_mahAparinirvANasUtra.htm,184983,0,0,1,0,0,0,0,0,0,5.015
raw_gretil,hv_cumiu.htm,3026718,0,0,41,69,1,0,0,0,0,6.8
raw_gretil,brkas_pu.htm,468876,0,0,11,21,8,0,1,0,0,9.311
raw_gretil,sa_zAlistambasUtra.htm,22693,0,0,1,0,0,0,0,0,0,4.322
raw_gretil,buvismou.htm,1391369,0,0,38,0,7,0,4,0,0,9.145
raw_gretil,dipguhsu.htm,46936,0,0,3,0,0,0,0,0,0,5.524
raw_gretil,uddkokpu.htm,34078,0,0,1,1,0,0,0,0,0,5.444
raw_gretil,mbh_15_u.htm,140962,0,0,2,2,0,0,0,1,0,6.195
raw_gretil,b03c195.htm,9472,0,0,0,1,0,0,0,0,0,3.502
raw_gretil,sa_rasArNava1-12.htm,147088,0,0,8,2,1,0,0,0,1,7.364
raw_gretil,garup3_u.htm,261934,0,0,0,2,1,0,0,0,0,5.355
raw_gretil,vaikhd_u.htm,48572,0,0,0,2,3,0,0,0,0,6.553
raw_gretil,samyu3ou.htm,477955,0,0,5,0,0,0,1,0,0,5.384
raw_gretil,sa_bhAvamizra-bhAvaprakAza.htm,45129,0,0,2,14,0,0,0,2,0,7.44
raw_gretil,kunjarakarna_u.htm,90749,0,0,0,0,1,0,0,0,0,5.334
raw_gretil,vin1maou.htm,726043,0,0,1,0,0,0,0,0,0,4.533
raw_gretil,b03c022.htm,7008,0,0,1,0,0,0,0,0,0,3.792
raw_gretil,b03c036.htm,7468,0,0,0,1,0,0,0,0,0,3.969
raw_gretil,mtp176pu.htm,1006446,0,0,9,29,0,0,1,0,0,8.634
raw_gretil,b05c073.htm,4996,0,0,1,1,0,0,0,0,0,4.405
raw_gretil,sa_devIkAlottarAgama.htm,10400,0,0,1,0,0,0,0,0,0,4.152
raw_gretil,sa_vasubandhu-abhidharmakozabhASya.htm,938429,0,0,2,9,1,0,1,0,0,7.453
raw_gretil,sa_Aryadeva-caryAmelAvaNapradIpa.htm,24947,0,0,1,0,0,0,0,0,0,3.7
raw_gretil,ramgbhpu.htm,388797,0,0,0,2,0,0,0,0,0,4.804
raw_gretil,sa_mahApratisarA-paJcarakSA.htm,57178,0,0,2,0,2,0,0,0,0,6.144
raw_gretil,ys-99_pu.htm,12445,0,0,0,1,5,0,0,0,0,6.838
raw_gretil,bsa026_u.htm,32710,0,0,1,0,0,0,0,0,0,4.35
raw_gretil,sa_jonarAja-and-pseudo-jonarAja-rAjataraGginI.htm,149909,0,0,6,4,2,0,0,0,0,7.387
raw_gretil,sa_yazodhara-rasaprakAzasudhAkara.htm,127382,0,0,14,2,0,0,1,1,0,7.823
raw_gretil,sa_bRhaspatismRti-vyavahArakANDa.htm,269814,0,0,0,0,0,0,1,0,0,4.379
raw_gretil,sa_purUravas-kAdambarIsvIkaraNasUtramaJjarI.htm,20504,0,0,4,0,0,0,0,1,0,6.123
raw_gretil,b03c234.htm,6533,0,0,0,1,0,0,0,0,0,3.418
raw_gretil,sa_avadAnazataka.htm,703638,0,0,8,2,3,0,0,0,0,7.392
raw_gretil,adsp55-u.htm,281281,0,0,0,0,4,0,0,0,0,5.972
raw_gretil,bhall_au.htm,21774,0,0,0,1,0,0,0,0,0,4.644
raw_gretil,brndp2_u.htm,665349,0,0,1,10,0,0,1,0,0,7.455
raw_gretil,brhaspiu.htm,178855,0,0,0,0,0,0,1,0,0,3.852
raw_gretil,sa_kavirAjayati-sAMkhyatattvapradIpa.htm,31985,0,0,0,1,0,0,0,0,0,3.97
raw_gretil,brsvbh3u.htm,257457,0,0,1,10,0,0,0,0,0,7.209
raw_gretil,niruktau.htm,278075,0,0,3,5,0,0,0,0,0,7.289
raw_gretil,majjhi2u.htm,644757,0,0,2,0,7,0,0,0,0,6.345
raw_gretil,vijsamsu.htm,56536,0,0,1,1,0,0,0,0,0,5.249
raw_gretil,sivup_au.htm,72519,0,0,4,0,0,0,0,0,0,6.701
raw_gretil,vasspacu.htm,91213,0,0,1,3,0,0,0,0,0,5.895
raw_gretil,dighn3ou.htm,521877,0,0,6,0,0,0,0,0,0,6.114
raw_gretil,rv_hn04u.htm,82914,0,0,1,0,0,0,0,0,0,4.681
raw_gretil,ys-99_iu.htm,14550,0,0,0,1,5,0,0,0,0,4.671
raw_gretil,b01c119.htm,10213,0,0,0,1,0,0,0,0,0,3.698
raw_gretil,samyu2pu.htm,413457,0,0,0,0,0,0,15,0,0,6.433
raw_gretil,b09c057.htm,12577,0,0,0,1,0,0,0,0,0,3.656
raw_gretil,sa_dharmakIrti-hetubindu.htm,44410,0,0,0,3,0,0,0,0,0,5.6
raw_gretil,sa_ruyyaka-alaMkArasarvasva.htm,252191,0,0,2,3,0,0,0,0,0,6.59
raw_gretil,devikaau.htm,10974,0,0,1,0,0,0,0,0,0,3.998
raw_gretil,mtp176iu.htm,1278389,0,0,9,29,0,0,1,0,0,6.694
raw_gretil,b02c019.htm,11353,0,0,1,0,0,0,0,0,0,3.777
raw_gretil,b03c236.htm,3493,0,0,0,1,0,0,0,0,0,3.858
raw_gretil,sa_zaMkara-kaThopaniSadbhASya.htm,94166,0,0,1,2,0,0,0,0,0,5.69
raw_gretil,bhakavpu.htm,57801,0,0,1,0,0,0,0,0,0,4.35
raw_gretil,pAda-index_sa-dharma.htm,1512244,1,0,6,23,63,0,4,0,4,7.272
raw_gretil,dighn1ou.htm,477043,0,0,1,0,2,0,0,0,0,5.598
raw_gretil,vaitss_u.htm,109795,0,0,2,8,0,0,0,1,0,5.835
raw_gretil,b05c071.htm,8879,0,0,0,1,0,0,0,0,0,3.712
raw_gretil,brhasppu.htm,147979,0,0,0,0,0,0,1,0,0,4.638
raw_gretil,sa_asaGga-mahAyAnasUtrAlaMkAra-comm.htm,320169,0,0,6,1,0,0,1,0,2,7.416
raw_gretil,kathavou.htm,819140,0,0,0,0,0,0,9,0,0,4.967
raw_gretil,bhall_xu.htm,21335,0,0,0,1,0,0,0,0,0,4.644
raw_gretil,aitupsbu.htm,55306,0,0,1,0,0,0,0,0,0,4.248
raw_gretil,sa_srinivasamakhi-vedantadesika-dazavidhAhetunirUpaNa.htm,291073,0,0,1,1,3,0,0,0,1,6.453
raw_gretil,rvpp_10u.htm,305964,0,0,1,9,0,0,0,0,0,7.594
raw_gretil,gaukarau.htm,28125,0,0,0,1,0,0,0,0,0,4.736
raw_gretil,vipce_iu.htm,784554,0,0,6,23,2,0,0,0,0,6.602
raw_gretil,dighn2pu.htm,520695,0,0,2,0,0,0,0,0,0,5.282
raw_gretil,vin4s2pu.htm,611140,0,0,0,0,19,0,0,0,0,6.354
raw_gretil,moggal1u.htm,151879,0,0,0,0,3,0,0,0,0,4.959
raw_gretil,nardp2_u.htm,290165,0,0,0,6,0,0,0,0,0,6.593
raw_gretil,pars2_au.htm,75846,0,0,1,7,26,0,0,0,4,8.139
raw_gretil,sa_liGgapurANa1-108.htm,736444,0,0,11,20,0,1,1,1,0,8.386
raw_gretil,sdahennu.htm,363477,0,0,1,1,3,0,0,0,1,5.836
raw_gretil,padnscau.htm,232708,0,0,4,13,0,0,0,0,0,8.6
raw_gretil,sa_108-buddhist-stotras.htm,336096,0,0,5,3,3,0,0,2,4,7.43
raw_gretil,sa_karuNApuNDarIkasUtra.htm,393135,0,0,2,0,9,0,0,0,0,7.35
raw_gretil,srngt_su.htm,60177,0,0,3,0,0,0,0,0,0,5.997
raw_gretil,sa_timirodghATana.htm,46851,0,0,3,0,0,0,0,0,0,5.75
raw_gretil,rgvidh_u.htm,100529,0,0,0,3,0,0,0,0,0,5.851
raw_gretil,samyu1ou.htm,444062,0,0,0,0,4,0,1,0,0,6.283
raw_gretil,petavatu.htm,99759,0,0,2,0,2,0,0,0,1,6.339
raw_gretil,patisa1u.htm,1205596,0,0,14,0,0,0,0,0,0,4.1
raw_gretil,b01c045.htm,6981,0,0,0,2,0,0,0,0,0,4.312
raw_gretil,garup1_u.htm,902528,0,0,49,50,4,0,0,9,0,9.494
raw_gretil,sa_zArdUlakarNAvadAna.htm,229420,0,0,1,5,24,0,0,0,1,8.204
raw_gretil,uddkokiu.htm,37717,0,0,1,1,0,0,0,0,0,5.127
raw_gretil,mrgt1chu.htm,159522,0,0,0,4,0,0,0,0,0,5.287
raw_gretil,sa_saddharmalaGkAvatArasUtra.htm,353906,0,0,0,4,1,0,0,0,1,6.275
raw_gretil,sa_mAdhva-kRSNAmRtamahArNava.htm,26820,0,0,0,0,1,0,0,0,0,4.852
raw_gretil,apadanpu.htm,903998,0,0,13,0,1,0,1,0,0,7.365
raw_gretil,sa_bhAskara-lIlAvatI.htm,98957,0,0,6,0,0,0,0,0,0,6.453
raw_gretil,b12c145.htm,4149,0,0,0,1,0,0,0,0,0,3.961
raw_gretil,sa_yAmuna-Atmasiddhi.htm,329931,0,0,1,3,0,0,0,0,0,5.553
raw_gretil,sanss07u.htm,23858,0,0,1,0,2,0,0,0,0,6.066
raw_gretil,bsu022_u.htm,590143,0,0,6,8,2,0,0,0,0,7.711
raw_gretil,samp_5ou.htm,487114,0,0,5,0,0,0,0,0,0,6.145
raw_gretil,nars2_au.htm,109200,0,0,0,2,2,0,0,0,0,6.133
raw_gretil,bhp_01u.htm,110471,0,0,0,3,0,0,0,0,0,5.685
raw_gretil,vivcud_u.htm,74587,0,0,1,4,0,0,0,0,0,6.516
raw_gretil,b01c044.htm,4755,0,0,0,1,0,0,0,0,0,3.938
raw_gretil,gopjatmu.htm,227130,0,0,0,4,12,0,0,0,6,7.944
raw_gretil,puggalau.htm,136039,0,0,13,0,2,0,0,0,0,6.561
raw_gretil,sa_nAgArjuna-piNDIkrama.htm,27494,0,0,1,0,0,0,0,0,0,3.59
raw_gretil,nrat_1_u.htm,9970,0,0,1,0,0,0,1,0,0,5.377
raw_gretil,sa_prazastapAda-pAdArthadharmasaMgraha.htm,84524,0,0,0,10,0,0,0,0,0,7.027
raw_gretil,angut2ou.htm,445024,0,0,1,0,1,0,0,0,0,5.554
raw_gretil,tulrcm5u.htm,45310,0,0,0,1,0,0,0,0,0,5.101
raw_gretil,b13c141.htm,6777,0,0,1,0,0,0,0,0,0,3.525
raw_gretil,bankad1u.htm,94053,0,0,6,8,1,0,0,0,0,8.033
raw_gretil,mpsu_w_u.htm,192739,0,0,1,0,0,0,0,0,0,5.015
raw_gretil,sa_rAmAyaNa.htm,1976074,0,0,24,45,10,0,5,0,0,9.651
raw_gretil,kaccay2u.htm,177156,0,0,0,0,1,0,0,0,0,4.807
raw_gretil,sa_annaMbhaTTa-tarkasaMgraha-comm.htm,1092126,0,0,1,0,0,0,0,0,0,3.64
raw_gretil,sa_bhAskara-bhagavadAzayAnusaraNabhAsya.htm,300535,0,0,3,2,0,0,0,0,0,6.439
raw_gretil,angut1pu.htm,492085,0,0,2,0,2,0,0,0,0,6.234
raw_gretil,visah_cu.htm,2039519,0,0,27,21,8,0,0,0,0,6.075
raw_gretil,b03c009.htm,2824,0,0,0,1,0,0,0,0,0,3.831
raw_gretil,visnu_iu.htm,65009,0,0,1,1,1,0,0,0,0,5.168
raw_gretil,sa_bhAskarakaNTha-mokSopAyaTIkA.htm,1094283,0,0,42,33,2,0,0,0,0,8.974
raw_gretil,sa_zaMkara-vivekacuDAmaNi.htm,77142,0,0,1,4,0,0,0,0,0,6.237
raw_gretil,sa_Rgveda-edAufrecht.htm,1436675,0,0,9,9,0,0,0,0,0,8.29
raw_gretil,b05c070.htm,21424,0,0,0,1,0,0,0,0,0,3.778
raw_gretil,b05c058.htm,6937,0,0,0,1,0,0,0,0,0,3.748
raw_gretil,sa_vAlmIki-rAmAyaNa-rev-2-3.htm,566638,0,0,3,11,1,0,2,0,0,8.019
raw_gretil,ram_01_u.htm,222762,0,0,1,1,9,0,0,0,0,7.085
raw_gretil,sa_karmavibhaGgopadeza.htm,25770,0,0,0,0,2,0,0,0,0,5.525
raw_gretil,dharmpiu.htm,1069822,1,0,5,22,62,0,3,0,4,7.243
raw_gretil,dighan1u.htm,838331,0,0,14,0,13,0,0,0,0,5.908
raw_gretil,rv_hn08u.htm,196321,0,0,1,2,0,0,0,0,0,5.743
raw_gretil,sa_daNDin-dazakumAracarita.htm,244418,0,0,8,5,2,0,0,0,0,7.929
raw_gretil,sanss11u.htm,14569,0,0,0,0,1,0,0,0,0,4.984
raw_gretil,sa_nArAyaNIya.htm,276357,0,0,2,0,0,0,0,0,0,4.867
raw_gretil,samp_6pu.htm,285830,0,0,6,0,0,0,0,0,0,6.529
raw_gretil,brssgo4u.htm,173328,0,0,0,2,0,0,0,1,0,5.664
raw_gretil,sa_aSTAdazasAhasrikA-prajJApAramitA55-82.htm,534671,0,0,0,0,4,0,0,0,0,5.972
raw_gretil,b09c031.htm,14273,0,0,1,0,0,0,0,0,0,3.837
raw_gretil,brsvbh4u.htm,93254,0,0,0,3,0,0,0,0,0,5.633
raw_gretil,abhsubhu.htm,275959,0,0,31,2,1,0,0,0,0,7.411
raw_gretil,rv_hn03u.htm,87416,0,0,1,2,0,0,0,0,0,5.912
raw_gretil,samyu5pu.htm,674560,0,0,0,0,9,0,20,0,0,6.807
raw_gretil,sa_vAmanadatta-svabodhodayamaJjarI.htm,6360,0,0,1,0,0,0,0,0,0,4.524
raw_gretil,sa_sumAgadhAvadAna.htm,52874,0,0,3,0,0,0,0,0,0,5.617
raw_gretil,yogsubhu.htm,155608,0,0,6,1,0,0,0,0,0,6.352
raw_gretil,pmbhasuu.htm,2369622,4,0,9,36,6,0,0,0,0,7.779
raw_gretil,sa_atharvavedapariziSTas.htm,413525,0,0,14,29,0,0,0,0,0,8.804
raw_gretil,bhgsbh_u.htm,438597,0,0,2,5,0,0,0,2,0,7.251
raw_gretil,sa_kauzikasUtra.htm,257662,0,0,0,4,0,0,0,0,0,5.951
raw_gretil,psp_1u.htm,689724,0,0,6,0,0,0,0,0,0,5.686
raw_gretil,ttrkhy1u.htm,34753,0,0,2,3,0,0,0,0,0,6.775
raw_gretil,b05c017.htm,5286,0,0,0,1,0,0,0,0,0,4.059
raw_gretil,bsa0551u.htm,19527,0,0,0,2,0,0,0,0,0,4.803
raw_gretil,sa_samAdhirAjasUtratransliteration-1-111315-22.htm,132354,0,0,0,2,0,0,0,0,0,3.378
raw_gretil,sa_mANDUkyopaniSatkArikA.htm,26360,0,0,0,1,0,0,0,0,0,4.404
raw_gretil,sivap1_u.htm,199007,0,0,1,3,0,0,0,0,0,4.672
raw_gretil,sa_abhinavagupta-tantrasAra.htm,110197,0,0,1,0,0,0,0,0,0,4.97
raw_gretil,sa_sarvatathAgatatattvasaMgraha.htm,367215,0,0,4,1,0,5,0,0,0,6.763
raw_gretil,soksvppu.htm,278992,0,0,4,3,0,0,0,0,0,6.613
raw_gretil,kirtc_pu.htm,170050,0,0,0,2,0,0,0,0,0,4.914
raw_gretil,dipavmsu.htm,161452,0,0,1,0,0,0,0,0,0,4.35
raw_gretil,vampsm_u.htm,141799,0,0,0,1,0,0,0,0,0,4.547
raw_gretil,sa_bhAravi-kirAtArjunIya.htm,271156,0,0,2,5,0,0,0,0,0,6.428
raw_gretil,brahmpau.htm,1660776,0,0,17,53,0,3,13,0,0,9.296
raw_gretil,sa_khasarpaNasAdhana.htm,5108,0,0,0,7,0,0,0,0,0,6.596
raw_gretil,sa_vijJAnabhikSu-sAMkhyasAra.htm,55968,0,0,1,1,0,0,0,0,0,5.249
raw_gretil,sratrpiu.htm,42050,0,0,0,1,0,0,0,0,0,3.902
raw_gretil,b06c088.htm,9259,0,0,0,1,0,0,0,0,0,3.733
raw_gretil,yogay2_u.htm,82214,0,0,13,2,0,0,0,0,0,7.087
raw_gretil,hv_conpu.htm,1267475,0,0,25,39,0,0,0,0,0,8.865
raw_gretil,jnass01u.htm,119559,0,0,7,0,0,0,0,1,0,6.847
raw_gretil,sa_vAlmIki-rAmAyaNa-southern-2.htm,366268,0,0,1,5,0,0,2,0,0,7.028
raw_gretil,schnzsw_u.htm,1937308,0,0,29,22,6,0,0,5,0,8.449
raw_gretil,avpray_u.htm,83501,0,0,1,3,0,0,0,0,0,6.358
raw_gretil,kaulpradsam_u.htm,85020,0,0,0,3,0,0,0,0,0,5.709
raw_gretil,visudd_u.htm,1416350,0,0,41,0,6,0,1,0,0,9.131
raw_gretil,mbh_10_u.htm,105548,0,0,1,2,0,0,0,0,0,5.672
raw_gretil,vinv_06u.htm,391452,0,0,5,8,1,0,0,0,0,7.883
raw_gretil,b01c023.htm,2752,0,0,0,2,0,0,0,0,0,4.415
raw_gretil,b01c037.htm,6293,0,0,0,1,0,0,0,0,0,3.899
raw_gretil,brsgor4u.htm,76157,0,0,0,1,0,0,0,1,0,4.72
raw_gretil,sa_kAlidAsa-meghadUta-edkale.htm,26851,0,0,3,2,0,0,0,0,0,6.686
raw_gretil,sa_vasugupta-spandakArikA.htm,6821,0,0,0,1,0,0,0,0,0,4.522
raw_gretil,rv_09_u.htm,134711,0,0,1,1,0,0,0,0,0,5.021
raw_gretil,b12c137.htm,24321,0,0,0,3,0,0,0,0,0,4.705
raw_gretil,gretil.html,172780,0,0,0,2,0,0,0,0,0,4.756
raw_gretil,kubjt_au.htm,359037,0,0,28,3,5,0,2,2,3,8.469
raw_gretil,samanv_u.htm,22405,0,0,0,3,0,0,0,0,0,4.702
raw_gretil,mbhx_01.htm,993476,0,0,4,5,0,0,0,0,0,3.286
raw_gretil,sa_mahApratisarAvidyAdhAraNI.htm,14014,0,0,2,1,0,0,0,0,0,4.448
raw_gretil,bsu060_u.htm,25395,0,0,0,0,2,0,0,0,0,5.525
raw_gretil,sa_Anandakanda.htm,694595,0,0,33,16,3,0,0,12,1,8.91
raw_gretil,b12c136.htm,48193,0,0,0,2,0,0,0,0,0,4.299
raw_gretil,angirsiu.htm,173153,0,0,2,0,10,0,0,0,0,5.687
raw_gretil,sa_pataJjali-yogasUtra.htm,13064,0,0,2,0,0,0,0,0,0,4.73
raw_gretil,sa_somadeva-rasendracUDAmaNi-3-57-16.htm,155724,0,0,0,2,0,0,0,0,0,5.215
raw_gretil,sa_sAtvatatantra.htm,81277,0,0,4,1,0,0,0,1,0,6.013
raw_gretil,macdse_u.htm,4318180,0,0,35,44,8,0,0,1,0,7.618
raw_gretil,vakyp1au.htm,235111,0,0,0,1,1,0,0,0,0,5.508
raw_gretil,b01c036.htm,6303,0,0,0,1,0,0,0,0,0,3.822
raw_gretil,samp_2ou.htm,536791,0,0,12,0,0,0,0,0,0,7.448
raw_gretil,sa_brahmapurANa-1-246.htm,1511764,0,0,17,53,0,3,13,0,0,9.358
raw_gretil,angut5ou.htm,671607,0,0,1,0,0,0,0,0,0,4.17
raw_gretil,b13c133.htm,13638,0,0,3,0,0,0,0,0,0,4.683
raw_gretil,sa_pratisarAkalpadhAraNI.htm,4747,0,0,0,0,2,0,0,0,0,5.676
raw_gretil,samkupad_u.htm,121930,0,0,2,6,0,0,0,0,0,7.13
raw_gretil,sutnipou.htm,326187,0,0,2,0,1,0,1,4,0,6.62
raw_gretil,dhebta_u.htm,433141,0,0,0,4,0,0,1,0,0,6.367
raw_gretil,udnyku1u.htm,40748,0,0,0,0,0,0,0,0,1,4.248
raw_gretil,dhrasciu.htm,115020,0,0,5,2,0,0,0,1,0,6.868
raw_gretil,milindou.htm,721784,0,0,7,0,5,0,1,0,0,7.275
raw_gretil,sa_AzvalAyanagRhyasUtra.htm,63849,0,0,0,4,0,0,0,0,0,6.54
raw_gretil,sa_sarvadurgatiparizodhanatantra.htm,129750,0,0,0,3,0,2,0,0,0,6.362
raw_gretil,yssoutpu.htm,17773,0,0,0,0,4,0,0,0,0,6.264
raw_gretil,rv_10_u.htm,255517,0,0,1,7,0,0,0,0,0,6.807
raw_gretil,mjnya01u.htm,118536,0,0,0,1,0,0,0,0,0,4.263
raw_gretil,sivup_su.htm,84038,0,0,4,0,0,0,0,0,0,5.095
raw_gretil,hitop_u.htm,183345,0,0,3,19,0,0,0,0,0,8.853
raw_gretil,angutt3u.htm,825440,0,0,15,0,17,0,0,0,0,7.505
raw_gretil,mbh_09_u.htm,475333,0,0,5,4,0,1,0,0,0,7.268
raw_gretil,mahavg_u.htm,1083862,0,0,1,0,0,0,0,0,0,4.214
raw_gretil,ys182_iu.htm,27508,0,0,0,1,0,0,0,0,0,4.26
raw_gretil,ram_06_u.htm,516404,0,0,6,23,0,0,0,0,0,8.249
raw_gretil,b08c035.htm,13956,0,0,0,1,0,0,0,0,0,3.707
raw_gretil,sa_kSemendra-pratItyasamutpAdAvadAna.htm,3024,0,0,0,0,0,0,0,1,0,4.143
raw_gretil,gautdh_u.htm,80524,0,0,0,2,3,0,0,0,0,5.38
raw_gretil,sa_nArAyaNabhaTTa-nArAyaNIya.htm,184586,0,0,5,6,0,0,0,1,0,7.32
raw_gretil,ramvaspu.htm,121771,0,0,0,9,0,0,0,0,0,6.397
raw_gretil,b12c283.htm,6976,0,0,0,1,0,0,0,0,0,4.066
raw_gretil,majjn3ou.htm,566408,0,0,1,0,1,0,0,0,0,5.629
raw_gretil,sa_viSNuzarman-paJcatantra.htm,420269,0,0,5,48,1,0,0,0,0,9.345
raw_gretil,sktexcerptsjb_iu.htm,83443,0,0,0,2,1,0,0,0,0,5.228
raw_gretil,pncvbr1u.htm,373775,0,0,0,14,0,0,0,0,0,7.283
raw_gretil,abhisamu.htm,31041,0,0,1,0,0,0,0,0,0,4.222
raw_gretil,ysall_iu.htm,69481,0,0,0,2,9,0,0,0,0,5.221
raw_gretil,bsu018_u.htm,393014,0,0,2,0,9,0,0,0,0,7.35
raw_gretil,sa_zivopaniSad.htm,128599,0,0,8,0,0,0,0,0,0,6.753
raw_gretil,b03c292.htm,5983,0,0,0,1,0,0,0,0,0,3.953
raw_gretil,samp_1pu.htm,538734,0,0,3,0,3,0,0,0,0,6.748
raw_gretil,sdahen_u.htm,279306,0,0,1,0,2,0,0,0,0,4.629
raw_gretil,jataka3u.htm,120501,0,0,0,0,1,0,1,0,0,5.679
raw_gretil,rmc1-3xu.htm,42726,0,0,0,2,0,0,0,0,0,5.278
raw_gretil,b09c030.htm,16255,0,0,1,0,0,0,0,0,0,3.805
raw_gretil,sa_saddharmapuNDarIkasUtra.htm,504036,0,0,4,0,2,0,0,0,0,6.745
raw_gretil,gaukarsu.htm,28508,0,0,0,1,0,0,0,0,0,4.17
raw_gretil,b12c083.htm,15673,0,0,0,1,0,0,0,0,0,4.111
raw_gretil,bhp_10u.htm,562021,0,0,9,12,0,0,0,0,0,7.987
raw_gretil,brssgo3u.htm,476326,0,0,0,9,3,0,0,0,0,7.422
raw_gretil,sa_IzvarakRSNa-sAMkhyakArikA.htm,23838,0,0,1,0,0,0,0,0,0,5.129
raw_gretil,sa_mAdhva-anuvyAkhyAna.htm,214563,0,0,0,1,7,0,0,0,0,6.381
raw_gretil,ram_04_u.htm,229838,0,0,1,4,0,0,0,0,0,6.548
raw_gretil,angut4pu.htm,670902,0,0,3,0,3,0,0,0,0,6.159
raw_gretil,sa_nAgArjuna-zAlistambakakArikA.htm,9222,0,0,2,0,0,0,0,0,0,5.156
raw_gretil,ys182_pu.htm,22462,0,0,0,1,0,0,0,0,0,4.5
raw_gretil,sa_vimalamitra-abhidharmadIpa-1-383.htm,43986,0,0,1,0,0,0,0,0,0,4.0
raw_gretil,asvgs_u.htm,60417,0,0,0,2,0,0,0,0,0,5.726
raw_gretil,yssoutiu.htm,20801,0,0,0,0,4,0,0,0,0,4.541
raw_gretil,samp_3pu.htm,458835,0,0,3,0,0,1,0,0,0,6.049
raw_gretil,sa_zAntideva-bodhicaryAvatAra-alt.htm,104634,0,0,5,2,2,0,0,0,0,6.741
raw_gretil,sa_kSemendra-avadAnakalpalatA.htm,457128,0,0,8,16,0,0,0,1,0,8.264
raw_gretil,rmc1-3au.htm,42562,0,0,0,2,0,0,0,0,0,5.444
raw_gretil,mkarmviu.htm,81494,0,0,0,1,0,0,0,0,0,4.418
raw_gretil,sa_ApastambadharmasUtra.htm,99814,0,0,0,1,1,0,1,0,0,5.978
raw_gretil,sa_AryazUra-jAtakamAlA-1-15.htm,151657,0,0,1,3,0,0,1,0,0,6.832
raw_gretil,mmatvipu.htm,34845,0,0,2,1,2,0,0,0,0,6.892
raw_gretil,sktexcerptsjb_pu.htm,76912,0,0,0,2,1,0,0,0,0,5.678
raw_gretil,majjn1ou.htm,1031864,0,0,1,0,0,0,0,0,0,4.495
raw_gretil,sa_hastavAlaprakaraNavRtti.htm,2727,0,0,0,1,0,0,0,0,0,4.0
raw_gretil,bbdip12u.htm,151619,0,0,2,1,3,0,0,0,0,6.349
raw_gretil,srajsgiu.htm,133831,0,0,0,2,0,0,0,0,0,3.378
raw_gretil,ruvyavivya_pu.htm,125517,0,0,1,5,0,0,0,0,0,5.649
raw_gretil,sa_yAjJavalkyasmRti.htm,222184,0,0,2,6,6,0,2,0,0,7.649
raw_gretil,mimslovu.htm,384285,0,0,0,1,0,0,0,0,0,3.875
raw_gretil,bhg4c__u.htm,1694652,0,0,3,8,2,0,0,0,0,8.097
raw_gretil,nrat_4_u.htm,12707,0,0,0,0,0,0,1,0,0,4.736
raw_gretil,b03c125.htm,5446,0,0,1,0,0,0,0,0,0,3.956
raw_gretil,angirspu.htm,147391,0,0,2,0,10,0,0,0,0,7.394
raw_gretil,sa_mAdhva-mahAbhAratatAtparyanirNaya.htm,678412,0,0,9,2,0,0,0,0,0,7.646
raw_gretil,timudghu.htm,42587,0,0,3,0,0,0,0,0,0,5.82
raw_gretil,vargs_u.htm,39597,0,0,0,1,0,0,0,0,0,4.495
raw_gretil,majjn2pu.htm,459524,0,0,0,0,15,0,0,0,0,6.714
raw_gretil,sa_bhRgusaMhitA.htm,614159,0,0,1,13,20,0,3,0,0,8.449
raw_gretil,budvmspu.htm,118185,0,0,0,0,0,0,1,0,0,4.566
raw_gretil,bsu062_u.htm,393972,0,0,2,0,2,0,0,0,0,6.341
raw_gretil,upasak_u.htm,296323,0,0,1,0,1,0,0,0,0,5.223
raw_gretil,srabhu_u.htm,401212,0,0,0,1,3,0,0,0,0,6.285
raw_gretil,bhp_06u.htm,116010,0,0,1,3,0,0,0,0,0,6.009
raw_gretil,sa_vAcaspatimizra-bhAmati.htm,983697,0,0,5,21,0,0,0,0,0,8.133
raw_gretil,vamp__u.htm,541883,0,0,3,2,2,0,0,0,0,6.789
raw_gretil,b01c020.htm,3677,0,0,0,1,0,0,0,0,0,3.769
raw_gretil,padnscsu.htm,238575,0,0,4,13,0,0,0,0,0,6.714
raw_gretil,b01c008.htm,4954,0,0,0,1,0,0,0,0,0,4.042
raw_gretil,sa_zAGkhAyanagRhyasUtra.htm,80428,0,0,0,2,2,0,0,0,0,6.392
raw_gretil,sa_nAgArjuna-zAlistambakamahAyAnasUtraTIkA.htm,88730,0,0,0,2,0,0,2,0,0,6.194
raw_gretil,sa_vAsiSThadharmasUtra.htm,100453,0,0,0,2,0,0,0,0,0,5.594
raw_gretil,sa_durvekamizra-hetubinduTIkAloka.htm,408888,0,0,0,4,0,0,1,0,0,6.453
raw_gretil,mbhx_17.htm,717931,0,0,3,2,0,0,0,0,0,3.286
raw_gretil,bghsic_u.htm,85743,0,0,1,2,0,0,0,0,0,5.54
raw_gretil,sa_abhisamayAlaMkAravivaraNa.htm,77538,0,0,0,0,0,0,0,0,8,6.306
raw_gretil,mabhedtu.htm,61472,0,0,0,1,2,1,0,0,0,6.373
raw_gretil,nysu__1u.htm,702279,0,0,2,12,0,0,0,0,0,7.123
raw_gretil,b07c064.htm,13424,0,0,0,1,0,0,0,0,0,4.038
raw_gretil,b12c121.htm,13998,0,0,1,0,0,0,0,0,0,3.727
raw_gretil,hv_coniu.htm,1174393,0,0,25,39,0,0,0,0,0,6.954
raw_gretil,sbpramvu.htm,109696,0,0,1,1,0,0,0,0,0,5.593
raw_gretil,kautil_u.htm,524585,0,0,26,37,15,0,0,1,1,9.638
raw_gretil,sratrppu.htm,38033,0,0,0,1,0,0,0,0,0,4.222
raw_gretil,rvadrahu.htm,132992,0,0,1,7,0,0,0,0,0,6.728
raw_gretil,b01c021.htm,4255,0,0,0,1,0,0,0,0,0,3.707
raw_gretil,gopthbru.htm,63130,0,0,0,5,0,0,0,0,0,6.487
raw_gretil,sa_candrakIrti-bodhisattvayogAcAracatuHzatakaTIkA.htm,166503,0,0,2,4,2,0,0,0,0,7.354
raw_gretil,yajn2_pu.htm,112500,0,0,1,3,3,0,2,0,0,7.263
raw_gretil,sa_maJjuzrInAmasaMgIti.htm,19613,0,0,0,0,0,0,0,0,2,4.574
raw_gretil,sa_yamasmRti-s.htm,17274,0,0,0,0,4,0,0,0,0,6.175
raw_gretil,sa_mammaTa-kAvyaprakAza.htm,247933,0,0,1,6,2,0,0,0,0,7.18
raw_gretil,vimvatpu.htm,143109,0,0,3,0,10,0,0,0,5,7.122
raw_gretil,b03c124.htm,5513,0,0,2,0,0,0,0,0,0,3.95
raw_gretil,sa_pataJjali-yogasUtra-with-bhASya.htm,121050,0,0,4,0,0,0,0,0,0,5.964
raw_gretil,rvpp_01u.htm,330979,0,0,4,1,0,0,0,0,0,6.799
raw_gretil,asvss_u.htm,334730,0,0,2,46,0,0,0,0,0,7.562
raw_gretil,samyut5u.htm,1862305,0,0,0,0,9,0,0,0,0,6.154
raw_gretil,samyu4ou.htm,704324,0,0,1,0,0,0,0,0,0,4.607
raw_gretil,kurmp2_u.htm,316847,0,0,3,3,7,0,0,0,0,7.342
raw_gretil,vnyps11u.htm,21783,0,0,0,1,0,0,0,0,0,4.644
raw_gretil,mbh_12_u.htm,2027309,0,0,22,29,26,0,0,0,0,9.187
raw_gretil,b01c223.htm,6598,0,0,0,2,0,0,0,0,0,4.533
raw_gretil,sa_kAlidAsa-meghadUta.htm,23760,0,0,2,2,0,0,0,0,0,6.352
raw_gretil,sa_zivapurANabooks-1-and-7.htm,754439,0,0,4,7,0,0,0,1,0,6.001
raw_gretil,sa_udbhaTa-kAvyAlaMkArasArasaMgraha.htm,150051,0,0,2,1,2,0,0,0,0,6.289
raw_gretil,sa_jIvagosvAmin-saMkalpakalpadruma.htm,101059,0,0,0,4,0,0,0,0,0,5.489
raw_gretil,sa_gautama-nyAyasUtra-comm2.htm,1119313,0,0,5,22,0,0,0,0,0,8.107
raw_gretil,b03c044.htm,6725,0,0,1,0,0,0,0,0,0,4.18
raw_gretil,sa_buddhaghoSa-siddhArthacaritrakAvya.htm,86034,0,0,1,2,0,0,0,0,0,5.54
raw_gretil,mhvastuu.htm,1953495,0,0,14,6,5,0,0,1,0,7.325
raw_gretil,sa_Anandavardhana-dhvanyAloka-comm.htm,1222141,0,0,4,6,2,0,1,0,0,7.554
raw_gretil,nvtp1_1u.htm,508743,0,0,4,4,2,0,0,0,1,7.262
raw_gretil,b08c022.htm,14489,0,0,0,1,0,0,0,0,0,3.572
raw_gretil,b15c001.htm,6291,0,0,0,1,0,0,0,0,0,3.705
raw_gretil,sa_ApastambagRhyasUtra-comm.htm,498304,0,0,0,22,0,0,0,0,0,8.108
raw_gretil,kskala_u.htm,63311,0,0,6,2,2,0,0,0,0,7.364
raw_gretil,b08c036.htm,9330,0,0,0,1,0,0,0,0,0,3.56
raw_gretil,bhbhg_cu.htm,316718,0,0,3,2,0,0,0,0,0,6.375
raw_gretil,sa_sukhAvatIvyUha.htm,83474,0,0,3,0,0,0,0,0,0,5.685
raw_gretil,pugpan_ou.htm,187907,0,0,12,0,1,0,0,0,0,6.345
raw_gretil,sumagavu.htm,52353,0,0,3,0,0,0,0,0,0,5.617
raw_gretil,tsc_simu.htm,59986,0,0,3,1,0,0,0,0,0,4.369
raw_gretil,sa_harSadeva-nAgAnanda.htm,23084,0,0,0,3,0,0,0,0,0,5.87
raw_gretil,mahpratu.htm,55864,0,0,2,0,2,0,0,0,0,6.025
raw_gretil,sa_kauSItakibrAhmaNa.htm,422126,0,0,0,8,0,0,0,0,0,6.064
raw_gretil,sa_pravrajyAvastu.htm,100115,1,0,4,0,0,0,0,0,0,6.142
raw_gretil,b12c055.htm,5042,0,0,0,3,0,0,0,0,0,4.396
raw_gretil,sa_bhallaTa-bhallaTazataka.htm,38692,0,0,0,2,0,0,0,0,0,5.013
raw_gretil,b04c038.htm,13240,0,0,0,1,0,0,0,0,0,3.624
raw_gretil,dvavims_tu.htm,213554,0,0,3,1,0,0,0,0,0,6.28
raw_gretil,sa_mahAsAhasrapramardanI.htm,64950,0,0,3,1,4,0,0,0,0,7.342
raw_gretil,b14c010.htm,12072,0,0,2,0,0,0,0,0,0,4.147
raw_gretil,psarkdhu.htm,4475,0,0,0,0,2,0,0,0,0,5.676
raw_gretil,sa_vAtsyAyana-kAmasUtra-ednirnaya.htm,169801,0,0,4,4,0,0,0,0,0,7.193
raw_gretil,snyayvpu.htm,189493,0,0,3,1,0,0,0,0,0,6.276
raw_gretil,sa_tarkazAstra.htm,51971,0,0,0,1,0,0,0,0,0,4.484
raw_gretil,bhcarr_au.htm,370283,0,0,41,24,5,0,0,0,0,10.307
raw_gretil,vjviddhu.htm,5823,0,0,2,0,0,0,0,2,0,5.007
raw_gretil,sa_kSemendra-sudhanakinnaryavadAna.htm,41042,0,0,2,1,0,0,0,0,0,5.611
raw_gretil,sa_azvaghoSa-vajrasUcI.htm,7637,0,0,0,0,4,0,0,0,2,5.905
raw_gretil,ram_1-7u.htm,2171285,0,0,24,45,10,0,5,0,0,9.248
raw_gretil,sa_maitreyanAtha-abhisamayAlaMkaranAmaprajJApAramitopadezazAstra.htm,31291,0,0,1,0,0,0,0,0,0,4.222
raw_gretil,sa_aitareyopaniSad-comm.htm,53584,0,0,1,0,0,0,0,0,0,4.248
raw_gretil,sa_vimalakIrtinirdeza.htm,169454,0,0,1,0,0,0,0,0,0,4.431
raw_gretil,sa_dharmakIrti-pramANavArttikakArikA.htm,125757,0,0,0,2,0,0,0,0,0,5.901
raw_gretil,ss5_bhku.htm,431058,0,0,1,7,2,0,0,0,0,7.584
raw_gretil,vin1mapu.htm,738946,0,0,1,0,0,0,0,0,0,4.287
raw_gretil,b07c114.htm,21287,0,0,0,1,0,0,0,0,0,3.638
raw_gretil,b02c051.htm,7517,0,0,1,0,0,0,0,0,0,3.582
raw_gretil,b05c039.htm,15548,0,0,0,1,0,0,0,0,0,3.604
raw_gretil,dighn3pu.htm,406507,0,0,6,0,0,0,0,0,0,6.239
raw_gretil,sa_harSadeva-priyadarzikA.htm,79194,0,0,2,6,0,0,0,0,0,7.242
raw_gretil,b15c011.htm,4618,0,0,1,0,0,0,0,1,0,3.733
raw_gretil,bhakirpu.htm,146655,0,0,1,2,0,0,0,0,0,5.911
raw_gretil,sa_paJcaviMzatisAhasrikA-prajJApAramitA1-8.htm,2145984,0,0,9,0,9,0,1,0,1,7.545
raw_gretil,sa_jayadeva-gItagovinda.htm,47451,0,0,0,0,1,0,0,0,0,5.129
raw_gretil,sa_pataJjali-yogasUtra-with-bhASya-alt.htm,157362,0,0,6,1,0,0,0,0,0,6.363
raw_gretil,gp23-33u.htm,263543,0,0,14,5,0,0,0,3,0,8.459
raw_gretil,sa_tArAbhaTTArikAnAmASTottarazatakastotra.htm,7402,0,0,1,0,0,0,0,0,0,4.682
raw_gretil,sanssr_au.htm,511955,0,0,18,7,15,0,0,2,0,9.049
raw_gretil,sa_dharmakIrti-nyAyabinduprakaraNa-comm.htm,298032,0,0,1,0,0,0,0,0,0,3.774
raw_gretil,sa_vAgIzvarakIrti-mRtyuvaJcanopadeza.htm,42279,0,0,0,3,0,0,0,0,0,5.674
raw_gretil,sa_tarkabhASA.htm,83513,0,0,1,0,0,0,0,0,0,4.35
raw_gretil,dhyggs_u.htm,59228,0,0,1,0,0,0,0,0,0,4.984
raw_gretil,b03c054.htm,8951,0,0,1,0,0,0,0,0,0,3.95
raw_gretil,b13c054.htm,9175,0,0,2,0,0,0,0,0,0,4.482
raw_gretil,b10c008.htm,35196,0,0,1,0,0,0,0,0,0,3.718
raw_gretil,sa_padmagupta-navasAhasAGkacarita.htm,395617,0,0,8,26,0,0,0,0,0,8.8
raw_gretil,sa_uDDAmarezvaratantra.htm,80785,0,0,23,8,0,0,0,4,0,8.339
raw_gretil,sa_zAntideva-zikSAsamuccaya.htm,511534,0,0,18,7,15,0,0,2,0,9.049
raw_gretil,brndp1_u.htm,431843,0,0,0,23,0,0,0,0,0,8.013
raw_gretil,vidsrixu.htm,374713,0,0,13,23,2,1,0,0,0,9.086
raw_gretil,sa_mANDUkyopaniSad-comm.htm,156662,0,0,0,40,0,0,0,0,0,8.698
raw_gretil,nystik_u.htm,1144173,0,0,5,22,0,0,0,0,0,8.041
raw_gretil,narayniu.htm,218005,0,0,5,6,0,0,0,1,0,6.539
raw_gretil,b03c108.htm,4614,0,0,0,1,0,0,0,0,0,3.905
raw_gretil,klpdrapu.htm,56528,0,0,0,1,7,0,0,0,1,6.866
raw_gretil,b03c120.htm,9465,0,0,0,1,0,0,0,0,0,3.899
raw_gretil,gp01-11u.htm,286513,0,0,21,7,0,0,0,0,0,9.086
raw_gretil,sa_vallabhadeva-subhASitAvali-1-1040.htm,165230,0,0,1,4,1,0,0,0,0,6.704
raw_gretil,sivap7_u.htm,556730,0,0,3,4,0,0,0,1,0,5.802
raw_gretil,sa_ruyyaka-vyaktivivekavyAkhyA-2.htm,126347,0,0,1,5,0,0,0,0,0,5.712
raw_gretil,samyu3pu.htm,425785,0,0,5,0,0,0,1,0,0,5.398
raw_gretil,bsa025_u.htm,25892,0,0,1,0,0,0,2,0,0,5.526
raw_gretil,vytrkt2u.htm,538220,0,0,0,1,3,0,0,0,0,5.426
raw_gretil,bsa060_u.htm,13679,0,0,0,2,0,0,0,0,0,5.755
raw_gretil,bahcar8u.htm,43771,0,0,2,2,1,0,0,0,0,6.513
raw_gretil,sa_gheraNDasaMhitA.htm,83314,0,0,2,0,0,0,0,3,0,6.76
raw_gretil,b01c025.htm,7414,0,0,0,1,0,0,0,0,0,3.712
raw_gretil,mbhx_06.htm,15043,0,0,3,0,0,0,0,0,0,2.843
raw_gretil,skp031iu.htm,234681,0,0,10,6,0,0,0,0,0,5.729
raw_gretil,hpriydau.htm,78470,0,0,2,6,0,0,0,0,0,7.242
raw_gretil,sa_kezavakAzmIri-kramadIpikA.htm,359572,0,0,4,7,0,0,0,0,0,7.858
raw_gretil,sa_kAraNDavyUha.htm,143304,0,0,5,0,1,0,0,0,0,5.654
raw_gretil,b07c048.htm,13372,0,0,1,0,0,0,0,0,0,3.786
raw_gretil,sa_yAska-nirukta.htm,278288,0,0,3,5,0,0,0,0,0,7.289
raw_gretil,mrgt1mau.htm,54025,0,0,1,0,0,0,0,0,0,4.059
raw_gretil,buvismpu.htm,1284181,0,0,42,0,7,0,4,0,0,9.006
raw_gretil,sa_subhASitaratnakaraNDakathA.htm,35172,0,0,1,0,0,0,0,0,0,4.392
raw_gretil,yuktdipu.htm,435966,0,0,5,3,1,0,0,0,0,6.78
raw_gretil,kbss_1-u.htm,139313,0,0,2,6,0,0,0,0,0,6.483
raw_gretil,dhkprvku.htm,125431,0,0,0,2,0,0,0,0,0,5.901
raw_gretil,visah__u.htm,360689,0,0,13,6,3,0,0,0,0,8.102
raw_gretil,patyog_u.htm,12673,0,0,2,0,0,0,0,0,0,4.73
raw_gretil,sanss01u.htm,56464,0,0,6,0,1,0,0,0,0,6.338
raw_gretil,sa_abhinavagupta-paramArthasAra-comm.htm,132886,0,0,0,4,1,0,0,0,0,6.307
raw_gretil,bhp_07u.htm,105116,0,0,6,5,1,0,0,0,0,6.904
raw_gretil,rasarnau.htm,159921,0,0,8,2,1,0,0,0,1,7.298
raw_gretil,sa_kiraNatantra1-6.htm,157000,0,0,0,2,0,0,0,0,0,5.129
raw_gretil,b01c024.htm,3668,0,0,0,1,0,0,0,0,0,3.962
raw_gretil,svact_pu.htm,404954,0,0,7,9,1,1,0,0,1,7.447
raw_gretil,ahovk2_u.htm,16591,0,0,0,1,0,0,0,0,0,4.774
raw_gretil,vidsrimu.htm,374430,0,0,13,23,2,1,0,0,0,9.219
raw_gretil,b01c018.htm,2845,0,0,0,1,0,0,0,0,0,3.983
raw_gretil,nysvbh1u.htm,406896,0,0,1,17,0,0,0,0,0,7.43
raw_gretil,gorst2pu.htm,14294,0,0,1,0,0,0,0,0,0,4.5
raw_gretil,tulrcm3u.htm,52263,0,0,0,1,0,0,0,0,0,5.129
raw_gretil,error001.htm,121986,0,0,1,0,0,0,0,0,0,3.437
raw_gretil,ahovcs_u.htm,45247,0,0,0,0,3,0,0,0,0,6.184
raw_gretil,hvsatssu.htm,951499,0,0,4,7,6,0,0,0,0,7.929
raw_gretil,mahava_u.htm,1006767,0,0,17,0,17,0,3,0,0,8.906
raw_gretil,sa_saGghabhedavastu.htm,896324,0,0,0,3,10,0,0,0,0,7.858
raw_gretil,b03c121.htm,5462,0,0,1,0,0,0,0,0,0,3.733
raw_gretil,vamjanmu.htm,24381,0,0,1,0,1,0,0,0,0,5.129
raw_gretil,sa_zatasAhasrikAprajJApAramitA-1.htm,2424475,0,0,10,0,0,0,0,2,0,6.316
raw_gretil,aptees_u.htm,2792851,0,0,0,55,0,0,2,0,0,7.72
raw_gretil,meghdksu.htm,28478,0,0,3,2,0,0,0,0,0,6.099
raw_gretil,sa_mammaTa-kAvyaprakAza-comm.htm,222376,0,0,1,6,3,0,0,0,0,7.319
raw_gretil,vakobhau.htm,1003969,0,0,2,9,1,0,1,0,0,7.023
raw_gretil,vaisessu.htm,20539,0,0,0,4,0,0,0,0,0,5.044
raw_gretil,angut3ou.htm,847941,0,0,22,0,13,0,0,0,0,7.652
raw_gretil,partrvau.htm,168370,0,0,1,0,0,0,0,0,0,3.7
raw_gretil,jonart_pu.htm,149384,0,0,6,4,2,0,0,0,0,7.387
raw_gretil,sa_svayaMbhupurANa.htm,205695,0,0,0,1,0,0,0,0,0,4.222
raw_gretil,vaissu1u.htm,20683,0,0,0,4,0,0,0,0,0,5.367
raw_gretil,theragau.htm,182583,0,0,1,0,0,0,0,0,0,4.736
raw_gretil,sa_pataJjali-yogasUtra-alt.htm,16869,0,0,2,0,0,0,0,0,0,5.451
raw_gretil,sa_kuntaka-vakroktijIvita-comm.htm,358691,0,0,2,2,1,0,0,0,0,6.282
raw_gretil,sa_dIpaMkarabhadra-guhyasamAjamaNDalavidhi.htm,47264,0,0,3,0,0,0,0,0,0,5.524
raw_gretil,b08c027.htm,25411,0,0,0,1,0,0,0,0,0,3.907
raw_gretil,sb_13_u.htm,93637,0,0,0,5,0,0,0,0,0,6.436
raw_gretil,patis2ou.htm,511922,0,0,13,0,0,0,0,0,0,5.936
raw_gretil,b08c033.htm,16863,0,0,0,2,0,0,0,0,0,4.175
raw_gretil,pasupbhu.htm,215959,0,0,0,1,0,0,0,0,0,4.392
raw_gretil,sa_ratnagotravibhAga.htm,134544,0,0,2,0,0,0,0,0,0,5.38
raw_gretil,sa_amoghapAzahRdayasUtra.htm,17204,0,0,1,1,0,0,0,1,0,5.212
raw_gretil,b05c038.htm,10652,0,0,0,1,0,0,0,0,0,3.909
raw_gretil,sa_madhusUdanasarasvatI-siddhAntabindu.htm,63523,0,0,0,1,0,0,0,0,0,4.369
raw_gretil,sa_gopAlabhaTTa-haribhaktivilAsa-1-11.htm,587219,0,0,6,15,6,0,0,1,0,8.71
raw_gretil,vanighiu.htm,57426,0,0,1,8,0,0,0,0,0,5.619
raw_gretil,kirtm_iu.htm,24990,0,0,0,1,0,0,0,0,0,4.073
raw_gretil,sa_brahmANDapurANa.htm,1562754,0,0,13,44,0,1,2,1,0,9.167
raw_gretil,sa_ratnAkarazAnti-sAratama.htm,405791,0,0,10,3,1,0,0,1,1,7.526
raw_gretil,samp_4ou.htm,500047,0,0,6,0,5,0,0,0,1,7.069
raw_gretil,pacitt_u.htm,1306806,0,0,0,0,35,0,0,0,0,5.955
raw_gretil,bhp_11u.htm,189546,0,0,1,5,0,0,0,0,0,6.769
raw_gretil,sa_kaNAda-vaizeSikasUtra-alt.htm,20097,0,0,0,4,0,0,0,0,0,5.044
raw_gretil,uddamt_u.htm,80588,0,0,23,8,0,0,0,4,0,8.339
raw_gretil,brssgo2u.htm,547473,0,0,16,6,0,0,0,0,0,8.005
raw_gretil,sukhvylu.htm,83324,0,0,3,0,0,0,0,0,0,5.685
raw_gretil,b14c017.htm,9720,0,0,0,1,0,0,0,0,0,3.816
raw_gretil,ksmadhlu.htm,292118,0,0,0,1,0,0,0,0,0,4.607
raw_gretil,sb_11_u.htm,96206,0,0,0,3,0,0,0,0,0,5.898
raw_gretil,jataka2u.htm,58849,0,0,4,0,0,0,0,0,0,6.167
raw_gretil,sa_gaNDavyUhasUtra.htm,1031369,0,0,25,0,1,2,2,1,3,8.299
raw_gretil,ghers_au.htm,53414,0,0,1,0,0,0,0,0,0,5.029
raw_gretil,maricdhu.htm,4075,0,0,3,1,0,0,0,0,0,4.927
raw_gretil,sa_paJcaviMzabrAhmaNa.htm,374013,0,0,0,14,0,0,0,0,0,7.283
raw_gretil,sa_jayadeva-candrAloka.htm,33500,0,0,2,1,0,0,0,0,0,5.124
raw_gretil,angut1ou.htm,555873,0,0,2,0,2,0,0,0,0,6.303
raw_gretil,sa_buddhasvAmin-bRhatkathAzlokasaMgraha.htm,916504,0,0,23,43,16,0,1,0,0,9.516
raw_gretil,khasrpsu.htm,4862,0,0,0,5,0,0,0,0,0,6.552
raw_gretil,rasadhau.htm,73745,0,0,0,1,0,0,0,0,0,4.585
raw_gretil,sa_abhinavagupta-tantrAloka.htm,648617,0,0,1,6,1,0,1,0,0,7.0
raw_gretil,sa_yazomitra-sphuTArthA-abhidharmakozavyAkhyA.htm,1572260,0,0,4,14,0,0,0,0,0,8.08
raw_gretil,sa_apohasiddhi.htm,19863,0,0,0,2,0,0,0,0,0,4.803
raw_gretil,samp_6ou.htm,445823,0,0,6,0,0,0,0,0,0,6.012
raw_gretil,simhrsku.htm,107746,0,0,11,4,3,0,0,0,0,8.081
raw_gretil,b15c012.htm,5145,0,0,0,1,0,0,0,0,0,3.644
raw_gretil,vabhdilu.htm,43920,0,0,1,0,0,0,0,0,0,4.0
raw_gretil,b12c278.htm,8399,0,0,0,1,0,0,0,0,0,3.822
raw_gretil,sa_AryazUra-jAtakamAlA.htm,360226,0,0,1,7,0,0,1,0,0,7.178
raw_gretil,bowermsu.htm,167249,0,0,1,22,0,0,0,1,0,8.428
raw_gretil,bsu021_u.htm,354653,0,0,0,4,1,0,0,0,1,6.275
raw_gretil,sa_pAzupatasUtra-comm.htm,208432,0,0,0,1,0,0,0,0,0,4.392
raw_gretil,sa_zrIkaNTha-ratnatrayaparIkSA.htm,36550,0,0,0,1,0,0,0,0,0,4.369
raw_gretil,b06c112.htm,31457,0,0,0,1,0,0,0,0,0,3.755
raw_gretil,angutt2u.htm,514318,0,0,1,0,4,0,0,0,0,5.011
raw_gretil,kirtm_pu.htm,21133,0,0,0,1,0,0,0,0,0,4.547
raw_gretil,sa_cAmuNDa-rasasaMketakalikA.htm,38701,0,0,5,1,0,0,0,0,0,6.734
raw_gretil,vanighpu.htm,46018,0,0,1,8,0,0,0,0,0,7.113
raw_gretil,aufrcc_u.htm,5028891,0,0,14,19,3,0,0,3,0,7.269
raw_gretil,b01c218.htm,11488,0,0,0,1,0,0,0,0,0,3.975
raw_gretil,asvsaunu.htm,143956,0,0,5,2,0,0,1,0,0,7.095
raw_gretil,jaycndau.htm,36301,0,0,2,1,0,0,0,0,0,5.197
raw_gretil,maitrs_au.htm,1001402,0,0,10,26,0,0,0,1,0,8.298
raw_gretil,sa_mahAsaMnipAtaratnaketudhAraNIsUtra.htm,170448,0,0,0,0,1,0,0,0,0,4.35
raw_gretil,samp_5pu.htm,433821,0,0,5,0,0,0,0,0,0,6.174
raw_gretil,grahmdhu.htm,12018,0,0,2,0,0,0,0,0,0,4.798
raw_gretil,svact_iu.htm,510899,0,0,7,9,1,1,0,0,1,5.44
raw_gretil,yogasatu.htm,18680,0,0,0,8,0,0,0,0,0,6.575
raw_gretil,sa_buddhabalAdhAnaprAtihAryavikurvANanirdezasUtra.htm,13026,0,0,2,0,0,0,0,0,0,4.184
raw_gretil,sa_rudrabhaTTaH-zRGgAratilaka.htm,52186,0,0,3,0,0,0,0,0,0,6.296
raw_gretil,b06c072.htm,5461,0,0,0,1,0,0,0,0,0,3.879
raw_gretil,sa_kauthumagRhyasUtra.htm,27650,0,0,0,0,2,0,0,0,0,5.047
raw_gretil,sa_ravideva-rAkSasakAvyawithTIkA.htm,27963,0,0,0,4,0,0,0,0,0,6.619
raw_gretil,sa_ApastambazulbasUtra.htm,359054,0,0,1,0,0,0,0,0,0,4.418
raw_gretil,sa_mahAkarmavibhaGga.htm,81828,0,0,0,1,0,0,0,0,0,4.418
raw_gretil,bsa003_u.htm,104907,0,0,5,2,2,0,0,0,0,6.741
raw_gretil,ram_02_u.htm,368599,0,0,1,5,0,0,2,0,0,6.802
raw_gretil,subodh_u.htm,40755,0,0,0,0,1,0,0,0,0,4.644
raw_gretil,asvbuc2u.htm,136940,0,0,2,3,0,0,0,0,0,6.484
raw_gretil,sa_vizvanAthakavirAja-sAhityadarpaNa.htm,93358,0,0,5,3,0,0,0,0,0,7.09
raw_gretil,bhg4c07u.htm,94162,0,0,1,0,0,0,0,0,0,4.7
raw_gretil,mbhx_11.htm,107347,0,0,1,1,0,0,0,0,0,3.11
raw_gretil,sa_praznopaniSad-comm.htm,68793,0,0,1,2,0,0,0,0,0,5.676
raw_gretil,visa10cu.htm,682802,0,0,14,4,0,0,0,0,0,4.583
raw_gretil,mbhx_05.htm,207668,0,0,0,5,0,0,0,0,0,2.859
raw_gretil,angut2pu.htm,409490,0,0,1,0,1,0,0,0,0,5.524
raw_gretil,bahcar4u.htm,43404,0,0,5,1,0,0,0,0,0,6.397
raw_gretil,vcamkc_u.htm,210027,0,0,10,1,0,0,0,0,0,6.977
raw_gretil,mbhx_39.htm,285452,0,0,0,1,0,0,0,0,0,2.798
raw_gretil,sa_harivaMza.htm,1009788,0,0,25,39,0,0,0,0,0,9.275
raw_gretil,andhvc4u.htm,76168,0,0,0,1,0,0,1,0,0,5.46
raw_gretil,klpdraiu.htm,64033,0,0,0,1,7,0,0,0,1,5.052
raw_gretil,tuldoh_u.htm,69400,0,0,0,1,0,0,0,0,0,5.162
raw_gretil,brndp3_u.htm,478754,0,0,12,11,0,1,1,1,0,7.985
raw_gretil,cakbhavu.htm,29907,0,0,0,0,0,0,1,0,0,4.7
raw_gretil,vidsriau.htm,368669,0,0,13,23,2,1,0,0,0,9.261
raw_gretil,b01c033.htm,7291,0,0,0,2,0,0,0,0,0,4.195
raw_gretil,sa_kUrmapurANa.htm,675976,0,0,9,10,8,0,0,0,0,8.31
raw_gretil,dighn2ou.htm,636984,0,0,2,0,0,0,0,0,0,5.401
raw_gretil,vin4s2ou.htm,659589,0,0,0,0,20,0,0,0,0,6.7
raw_gretil,narsipau.htm,428197,0,0,6,3,1,0,0,0,0,7.259
raw_gretil,tsc_vivu.htm,14946,0,0,1,0,0,0,0,0,0,3.322
raw_gretil,apadanou.htm,1150767,0,0,15,0,1,0,1,0,0,7.511
raw_gretil,sa_vinayasUtra-1pravrajyAvastu.htm,145489,2,0,0,4,2,0,0,0,0,6.863
raw_gretil,sa_kaNAda-vaizeSikasUtra.htm,20849,0,0,0,4,0,0,0,0,0,5.367
raw_gretil,sa_varadarAja-laghusiddhAntakaumudI.htm,201221,0,0,3,1,0,0,0,0,0,5.682
raw_gretil,skp031pu.htm,196877,0,0,10,6,0,0,0,0,0,7.68
raw_gretil,rassanku.htm,38352,0,0,5,1,0,0,0,0,0,6.734
raw_gretil,dhkhetuu.htm,51931,0,0,0,3,0,0,0,0,0,5.962
raw_gretil,sa_rAjazekhara-kAvyamImAMsA-1.htm,148094,0,0,5,11,0,0,0,0,0,7.835
raw_gretil,sankhssu.htm,367858,0,0,2,22,0,0,0,0,0,7.877
raw_gretil,samyu1pu.htm,357025,0,0,0,0,4,0,1,0,0,6.351
raw_gretil,agsas_1u.htm,53694,0,0,0,14,0,0,0,0,0,6.743
raw_gretil,bsa062_u.htm,8852,0,0,1,0,0,0,0,0,0,4.335
raw_gretil,sa_jyotirIzvarakavizekhara-paJcasAyaka.htm,52188,0,0,4,1,0,0,0,1,0,6.321
raw_gretil,sa_IzvarakRSNa-sAMkhyakArikA-comm.htm,127548,0,0,1,7,1,0,0,0,0,7.224
raw_gretil,b06c113.htm,11885,0,0,1,0,0,0,0,0,0,3.727
raw_gretil,lilavatu.htm,98944,0,0,6,0,0,0,0,0,0,6.378
raw_gretil,sa_RgvedasaMhitApadapATha.htm,1678110,0,0,10,21,0,0,0,0,0,8.634
raw_gretil,vibhangu.htm,764022,0,0,1,0,0,0,0,0,0,4.28
raw_gretil,manjnsau.htm,21009,0,0,0,0,0,0,0,0,1,3.703
raw_gretil,mbh_14_u.htm,603469,0,0,11,8,20,0,4,0,0,8.402
raw_gretil,sa_vimalamitra-abhidharmadIpa-comm.htm,375081,0,0,6,0,1,0,0,1,0,6.466
raw_gretil,b03c081.htm,41589,0,0,0,1,0,0,0,0,0,3.818
raw_gretil,jsbh1-4u.htm,278359,0,0,0,1,0,0,0,0,0,3.459
raw_gretil,sa_kauTilya-arthazAstra.htm,524918,0,0,26,37,15,0,0,1,1,9.638
raw_gretil,garup2_u.htm,342365,0,0,2,21,5,0,2,0,0,8.397
raw_gretil,samyu2ou.htm,473583,0,0,0,0,0,0,16,0,0,6.634
raw_gretil,sa_zAkyabuddhi-pramANavArttikaTIkA.htm,110035,0,0,1,1,0,0,0,0,0,5.593
raw_gretil,ram_02pu.htm,367010,0,0,1,5,0,0,2,0,0,7.0
raw_gretil,b07c102.htm,24643,0,0,0,1,0,0,0,0,0,3.754
raw_gretil,sa_vAgbhaTa-rasaratnasamuccaya.htm,139446,0,0,1,3,0,0,0,0,0,6.21
raw_gretil,baudhd_u.htm,144841,0,0,0,6,8,0,0,0,2,7.04
raw_gretil,prakp10u.htm,16784,0,0,2,0,0,0,0,0,0,5.155
raw_gretil,b03c268.htm,8819,0,0,2,0,0,0,0,0,0,4.312
raw_gretil,kathavpu.htm,758181,0,0,0,0,0,0,9,0,0,4.877
raw_gretil,sa_buddhist-yoga-manual.htm,107384,0,0,1,3,0,0,0,0,0,5.721
raw_gretil,bhakiriu.htm,178013,0,0,1,2,0,0,0,0,0,5.102
raw_gretil,b01c147.htm,5428,0,0,0,1,0,0,0,0,0,3.698
raw_gretil,sa_udayana-nyAyavArttikatAtparyaparizuddhi-1.htm,551599,0,0,4,4,2,0,0,0,1,7.262
raw_gretil,b09c035.htm,12225,0,0,0,1,0,0,0,0,0,3.763
raw_gretil,nardp1_u.htm,1490653,0,0,6,21,17,0,0,1,0,8.779
raw_gretil,dighn1pu.htm,425984,0,0,1,0,2,0,0,0,0,5.552
raw_gretil,jaygit2u.htm,52720,0,0,1,1,0,0,0,0,0,5.835
raw_gretil,caitcanu.htm,29950,0,0,0,3,0,0,0,0,0,6.465
